/*
 Navicat Premium Data Transfer

 Source Server         : 117.51.145.75
 Source Server Type    : MySQL
 Source Server Version : 50724
 Source Host           : 117.51.145.75:3306
 Source Schema         : fengzhu

 Target Server Type    : MySQL
 Target Server Version : 50724
 File Encoding         : 65001

 Date: 06/04/2021 14:28:20
*/

SET NAMES utf8mb4;
SET FOREIGN_KEY_CHECKS = 0;

-- ----------------------------
-- Table structure for fa_callus
-- ----------------------------
DROP TABLE IF EXISTS `fa_callus`;
CREATE TABLE `fa_callus`  (
  `id` bigint(20) NOT NULL AUTO_INCREMENT,
  `pid` bigint(20) NULL DEFAULT NULL COMMENT '回复id',
  `user_id` bigint(20) NULL DEFAULT NULL COMMENT '用户id',
  `user_nick` varchar(50) CHARACTER SET utf8 COLLATE utf8_general_ci NULL DEFAULT NULL COMMENT '用户昵称',
  `user_account` varchar(255) CHARACTER SET utf8 COLLATE utf8_general_ci NULL DEFAULT NULL,
  `true_name` varchar(255) CHARACTER SET utf8 COLLATE utf8_general_ci NULL DEFAULT NULL COMMENT '用户姓名',
  `mobile_number` varchar(20) CHARACTER SET utf8 COLLATE utf8_general_ci NULL DEFAULT NULL COMMENT '联系方式',
  `saycontent` varchar(255) CHARACTER SET utf8 COLLATE utf8_general_ci NULL DEFAULT NULL COMMENT '内容',
  `add_time` datetime(0) NULL DEFAULT NULL,
  `update_time` datetime(0) NULL DEFAULT NULL,
  PRIMARY KEY (`id`) USING BTREE
) ENGINE = InnoDB AUTO_INCREMENT = 322 CHARACTER SET = utf8 COLLATE = utf8_general_ci ROW_FORMAT = DYNAMIC;

-- ----------------------------
-- Records of fa_callus
-- ----------------------------
INSERT INTO `fa_callus` VALUES (1, NULL, 99, 'aaa12', 'liyong', '黎勇', '13501058622', '评论1', '2021-03-20 09:20:06', '2021-03-20 09:20:08');
INSERT INTO `fa_callus` VALUES (2, 1, 100, '100', '100', '100', '13501058621', '回复1', '2021-03-20 09:20:32', '2021-03-20 09:20:34');
INSERT INTO `fa_callus` VALUES (3, NULL, 333, '333', '333', '333', '333', '评论3', '2021-03-20 09:48:02', '2021-03-20 09:48:03');
INSERT INTO `fa_callus` VALUES (4, 3, NULL, NULL, NULL, NULL, NULL, '回复3', '2021-03-20 09:50:47', '2021-03-20 09:50:51');
INSERT INTO `fa_callus` VALUES (5, NULL, 555, '555', '555', '555', '555', '评论', '2021-03-20 09:48:28', '2021-03-20 09:48:29');
INSERT INTO `fa_callus` VALUES (6, 5, NULL, NULL, NULL, NULL, NULL, '回复', '2021-03-20 09:48:28', '2021-03-20 09:48:28');
INSERT INTO `fa_callus` VALUES (7, NULL, 777, '777', '777', '777', '777', '评论', '2021-03-20 09:48:28', '2021-03-20 09:48:28');
INSERT INTO `fa_callus` VALUES (8, 7, NULL, NULL, NULL, NULL, NULL, '回复', '2021-03-20 09:48:28', '2021-03-20 09:50:53');
INSERT INTO `fa_callus` VALUES (9, NULL, 999, NULL, NULL, NULL, NULL, '评论', '2021-03-20 09:50:45', '2021-03-20 09:50:55');
INSERT INTO `fa_callus` VALUES (10, 9, NULL, NULL, NULL, NULL, NULL, '回复', '2021-03-20 09:48:28', '2021-03-20 09:50:57');
INSERT INTO `fa_callus` VALUES (11, NULL, 111111, NULL, NULL, NULL, NULL, '评论', '2021-03-20 09:50:40', '2021-03-20 09:50:58');
INSERT INTO `fa_callus` VALUES (12, 11, NULL, NULL, NULL, NULL, NULL, '回复', '2021-03-20 09:50:43', '2021-03-20 09:51:00');
INSERT INTO `fa_callus` VALUES (13, NULL, 1313, NULL, NULL, NULL, NULL, '评论', '2021-03-20 09:51:02', '2021-03-20 09:51:02');
INSERT INTO `fa_callus` VALUES (14, 13, NULL, NULL, NULL, NULL, NULL, '回复', '2021-03-20 09:51:02', '2021-03-20 09:51:02');
INSERT INTO `fa_callus` VALUES (15, NULL, 1515, NULL, NULL, NULL, NULL, '评论', '2021-03-20 09:51:02', '2021-03-20 09:51:02');
INSERT INTO `fa_callus` VALUES (16, 15, NULL, NULL, NULL, NULL, NULL, '回复', '2021-03-20 09:51:02', '2021-03-20 09:51:02');
INSERT INTO `fa_callus` VALUES (17, NULL, 1717, NULL, NULL, NULL, NULL, '评论', '2021-03-20 09:51:02', '2021-03-20 09:51:02');
INSERT INTO `fa_callus` VALUES (18, 17, NULL, NULL, NULL, NULL, NULL, '回复', '2021-03-20 09:51:02', '2021-03-20 09:51:02');
INSERT INTO `fa_callus` VALUES (19, NULL, 1919, NULL, NULL, NULL, NULL, '评论', '2021-03-20 09:51:02', '2021-03-20 09:51:02');
INSERT INTO `fa_callus` VALUES (20, 19, NULL, NULL, NULL, NULL, NULL, '回复', '2021-03-20 09:51:02', '2021-03-20 09:51:02');
INSERT INTO `fa_callus` VALUES (21, NULL, 2121, NULL, NULL, NULL, NULL, '评论', '2021-03-20 09:51:02', '2021-03-20 09:51:02');
INSERT INTO `fa_callus` VALUES (22, 21, NULL, NULL, NULL, NULL, NULL, '回复', '2021-03-20 09:51:02', '2021-03-20 09:51:02');
INSERT INTO `fa_callus` VALUES (23, NULL, 2323, NULL, NULL, NULL, NULL, '评论', '2021-03-20 09:51:02', '2021-03-20 09:51:02');
INSERT INTO `fa_callus` VALUES (24, 23, NULL, NULL, NULL, NULL, NULL, '回复', '2021-03-20 09:51:02', '2021-03-20 09:51:02');
INSERT INTO `fa_callus` VALUES (25, NULL, 2525, NULL, NULL, NULL, NULL, '评论', '2021-03-20 09:51:02', '2021-03-20 09:51:02');
INSERT INTO `fa_callus` VALUES (26, 25, NULL, NULL, NULL, NULL, NULL, '回复', '2021-03-20 09:51:02', '2021-03-20 09:51:02');
INSERT INTO `fa_callus` VALUES (27, NULL, 2727, NULL, NULL, NULL, NULL, '评论', '2021-03-20 09:51:02', '2021-03-20 09:51:02');
INSERT INTO `fa_callus` VALUES (28, 27, NULL, NULL, NULL, NULL, NULL, '回复', '2021-03-20 09:51:02', '2021-03-20 09:51:02');
INSERT INTO `fa_callus` VALUES (29, NULL, 2929, NULL, NULL, NULL, NULL, '评论', '2021-03-20 09:51:02', '2021-03-20 09:51:02');
INSERT INTO `fa_callus` VALUES (30, 29, NULL, NULL, NULL, NULL, NULL, '回复', '2021-03-20 09:51:02', '2021-03-20 09:51:02');
INSERT INTO `fa_callus` VALUES (31, 0, 20, '用户31', 'Account31', '王31', '13333333331', '评论31', '2021-03-20 10:01:41', '2021-03-20 10:01:41');
INSERT INTO `fa_callus` VALUES (32, 31, 20, '用户31', 'Account31', '王31', '13333333331', '评论31', '2021-03-20 10:01:41', '2021-03-20 10:01:41');
INSERT INTO `fa_callus` VALUES (33, 0, 20, '用户31', 'Account31', '王31', '13333333331', '评论31', '2021-03-20 10:01:41', '2021-03-20 10:01:41');
INSERT INTO `fa_callus` VALUES (34, 33, 20, '用户31', 'Account31', '王31', '13333333331', '评论31', '2021-03-20 10:01:41', '2021-03-20 10:01:41');
INSERT INTO `fa_callus` VALUES (35, 0, 20, '用户31', 'Account31', '王31', '13333333331', '评论31', '2021-03-20 10:01:41', '2021-03-20 10:01:41');
INSERT INTO `fa_callus` VALUES (36, 35, 20, '用户31', 'Account31', '王31', '13333333331', '评论31', '2021-03-20 10:01:41', '2021-03-20 10:01:41');
INSERT INTO `fa_callus` VALUES (37, 0, 20, '用户31', 'Account31', '王31', '13333333331', '评论31', '2021-03-20 10:01:41', '2021-03-20 10:01:41');
INSERT INTO `fa_callus` VALUES (38, 37, 20, '用户31', 'Account31', '王31', '13333333331', '评论31', '2021-03-20 10:01:41', '2021-03-20 10:01:41');
INSERT INTO `fa_callus` VALUES (39, 0, 20, '用户31', 'Account31', '王31', '13333333331', '评论31', '2021-03-20 10:01:41', '2021-03-20 10:01:41');
INSERT INTO `fa_callus` VALUES (40, 39, 20, '用户31', 'Account31', '王31', '13333333331', '评论31', '2021-03-20 10:01:41', '2021-03-20 10:01:41');
INSERT INTO `fa_callus` VALUES (41, 0, 20, '用户31', 'Account31', '王31', '13333333331', '评论31', '2021-03-20 10:01:41', '2021-03-20 10:01:41');
INSERT INTO `fa_callus` VALUES (42, 0, 20, '用户31', 'Account31', '王31', '13333333331', '评论31', '2021-03-20 10:01:41', '2021-03-20 10:01:41');
INSERT INTO `fa_callus` VALUES (43, 0, 20, '用户31', 'Account31', '王31', '13333333331', '评论31', '2021-03-20 10:01:41', '2021-03-20 10:01:41');
INSERT INTO `fa_callus` VALUES (44, 0, 20, '用户31', 'Account31', '王31', '13333333331', '评论31', '2021-03-20 10:01:41', '2021-03-20 10:01:41');
INSERT INTO `fa_callus` VALUES (45, 0, 20, '用户31', 'Account31', '王31', '13333333331', '评论31', '2021-03-20 10:01:41', '2021-03-20 10:01:41');
INSERT INTO `fa_callus` VALUES (46, 0, 20, '用户31', 'Account31', '王31', '13333333331', '评论31', '2021-03-20 10:01:41', '2021-03-20 10:01:41');
INSERT INTO `fa_callus` VALUES (47, 0, 20, '用户31', 'Account31', '王31', '13333333331', '评论31', '2021-03-20 10:01:41', '2021-03-20 10:01:41');
INSERT INTO `fa_callus` VALUES (48, 0, 20, '用户31', 'Account31', '王31', '13333333331', '评论31', '2021-03-20 10:01:41', '2021-03-20 10:01:41');
INSERT INTO `fa_callus` VALUES (49, 0, 20, '用户31', 'Account31', '王31', '13333333331', '评论31', '2021-03-20 10:01:41', '2021-03-20 10:01:41');
INSERT INTO `fa_callus` VALUES (50, 0, 20, '用户31', 'Account31', '王31', '13333333331', '评论31', '2021-03-20 10:01:41', '2021-03-20 10:01:41');
INSERT INTO `fa_callus` VALUES (51, 0, 20, '用户31', 'Account31', '王31', '13333333331', '评论31', '2021-03-20 10:01:41', '2021-03-20 10:01:41');
INSERT INTO `fa_callus` VALUES (52, 0, 20, '用户31', 'Account31', '王31', '13333333331', '评论31', '2021-03-20 10:01:41', '2021-03-20 10:01:41');
INSERT INTO `fa_callus` VALUES (53, 0, 20, '用户31', 'Account31', '王31', '13333333331', '评论31', '2021-03-20 10:01:41', '2021-03-20 10:01:41');
INSERT INTO `fa_callus` VALUES (54, 0, 20, '用户31', 'Account31', '王31', '13333333331', '评论31', '2021-03-20 10:01:41', '2021-03-20 10:01:41');
INSERT INTO `fa_callus` VALUES (55, 0, 20, '用户31', 'Account31', '王31', '13333333331', '评论31', '2021-03-20 10:01:41', '2021-03-20 10:01:41');
INSERT INTO `fa_callus` VALUES (56, 0, 20, '用户31', 'Account31', '王31', '13333333331', '评论31', '2021-03-20 10:01:41', '2021-03-20 10:01:41');
INSERT INTO `fa_callus` VALUES (57, 0, 20, '用户31', 'Account31', '王31', '13333333331', '评论31', '2021-03-20 10:01:41', '2021-03-20 10:01:41');
INSERT INTO `fa_callus` VALUES (58, 0, 20, '用户31', 'Account31', '王31', '13333333331', '评论31', '2021-03-20 10:01:41', '2021-03-20 10:01:41');
INSERT INTO `fa_callus` VALUES (59, 0, 20, '用户31', 'Account31', '王31', '13333333331', '评论31', '2021-03-20 10:01:41', '2021-03-20 10:01:41');
INSERT INTO `fa_callus` VALUES (60, 0, 20, '用户31', 'Account31', '王31', '13333333331', '评论31', '2021-03-20 10:01:41', '2021-03-20 10:01:41');
INSERT INTO `fa_callus` VALUES (61, 0, 20, '用户31', 'Account31', '王31', '13333333331', '评论31', '2021-03-20 10:01:41', '2021-03-20 10:01:41');
INSERT INTO `fa_callus` VALUES (62, 0, 20, '用户31', 'Account31', '王31', '13333333331', '评论31', '2021-03-20 10:01:41', '2021-03-20 10:01:41');
INSERT INTO `fa_callus` VALUES (63, 0, 20, '用户31', 'Account31', '王31', '13333333331', '评论31', '2021-03-20 10:01:41', '2021-03-20 10:01:41');
INSERT INTO `fa_callus` VALUES (64, 0, 20, '用户31', 'Account31', '王31', '13333333331', '评论31', '2021-03-20 10:01:41', '2021-03-20 10:01:41');
INSERT INTO `fa_callus` VALUES (65, 0, 20, '用户31', 'Account31', '王31', '13333333331', '评论31', '2021-03-20 10:01:41', '2021-03-20 10:01:41');
INSERT INTO `fa_callus` VALUES (66, 0, 20, '用户31', 'Account31', '王31', '13333333331', '评论31', '2021-03-20 10:01:41', '2021-03-20 10:01:41');
INSERT INTO `fa_callus` VALUES (67, 0, 20, '用户31', 'Account31', '王31', '13333333331', '评论31', '2021-03-20 10:01:41', '2021-03-20 10:01:41');
INSERT INTO `fa_callus` VALUES (68, 0, 20, '用户31', 'Account31', '王31', '13333333331', '评论31', '2021-03-20 10:01:41', '2021-03-20 10:01:41');
INSERT INTO `fa_callus` VALUES (69, 0, 20, '用户31', 'Account31', '王31', '13333333331', '评论31', '2021-03-20 10:01:41', '2021-03-20 10:01:41');
INSERT INTO `fa_callus` VALUES (70, 0, 20, '用户31', 'Account31', '王31', '13333333331', '评论31', '2021-03-20 10:01:41', '2021-03-20 10:01:41');
INSERT INTO `fa_callus` VALUES (71, 0, 20, '用户31', 'Account31', '王31', '13333333331', '评论31', '2021-03-20 10:01:41', '2021-03-20 10:01:41');
INSERT INTO `fa_callus` VALUES (72, 0, 20, '用户31', 'Account31', '王31', '13333333331', '评论31', '2021-03-20 10:01:41', '2021-03-20 10:01:41');
INSERT INTO `fa_callus` VALUES (73, 0, 20, '用户31', 'Account31', '王31', '13333333331', '评论31', '2021-03-20 10:01:41', '2021-03-20 10:01:41');
INSERT INTO `fa_callus` VALUES (74, 0, 20, '用户31', 'Account31', '王31', '13333333331', '评论31', '2021-03-20 10:01:41', '2021-03-20 10:01:41');
INSERT INTO `fa_callus` VALUES (75, 0, 20, '用户31', 'Account31', '王31', '13333333331', '评论31', '2021-03-20 10:01:41', '2021-03-20 10:01:41');
INSERT INTO `fa_callus` VALUES (76, 0, 20, '用户31', 'Account31', '王31', '13333333331', '评论31', '2021-03-20 10:01:41', '2021-03-20 10:01:41');
INSERT INTO `fa_callus` VALUES (77, 0, 20, '用户31', 'Account31', '王31', '13333333331', '评论31', '2021-03-20 10:01:41', '2021-03-20 10:01:41');
INSERT INTO `fa_callus` VALUES (78, 0, 20, '用户31', 'Account31', '王31', '13333333331', '评论31', '2021-03-20 10:01:41', '2021-03-20 10:01:41');
INSERT INTO `fa_callus` VALUES (79, 0, 20, '用户31', 'Account31', '王31', '13333333331', '评论31', '2021-03-20 10:01:41', '2021-03-20 10:01:41');
INSERT INTO `fa_callus` VALUES (80, 0, 20, '用户31', 'Account31', '王31', '13333333331', '评论31', '2021-03-20 10:01:41', '2021-03-20 10:01:41');
INSERT INTO `fa_callus` VALUES (81, 0, 20, '用户31', 'Account31', '王31', '13333333331', '评论31', '2021-03-20 10:01:41', '2021-03-20 10:01:41');
INSERT INTO `fa_callus` VALUES (82, 0, 20, '用户31', 'Account31', '王31', '13333333331', '评论31', '2021-03-20 10:01:41', '2021-03-20 10:01:41');
INSERT INTO `fa_callus` VALUES (83, 0, 20, '用户31', 'Account31', '王31', '13333333331', '评论31', '2021-03-20 10:01:41', '2021-03-20 10:01:41');
INSERT INTO `fa_callus` VALUES (84, 0, 20, '用户31', 'Account31', '王31', '13333333331', '评论31', '2021-03-20 10:01:41', '2021-03-20 10:01:41');
INSERT INTO `fa_callus` VALUES (85, 0, 20, '用户31', 'Account31', '王31', '13333333331', '评论31', '2021-03-20 10:01:41', '2021-03-20 10:01:41');
INSERT INTO `fa_callus` VALUES (86, 0, 20, '用户31', 'Account31', '王31', '13333333331', '评论31', '2021-03-20 10:01:41', '2021-03-20 10:01:41');
INSERT INTO `fa_callus` VALUES (87, 0, 20, '用户31', 'Account31', '王31', '13333333331', '评论31', '2021-03-20 10:01:41', '2021-03-20 10:01:41');
INSERT INTO `fa_callus` VALUES (88, 0, 20, '用户31', 'Account31', '王31', '13333333331', '评论31', '2021-03-20 10:01:41', '2021-03-20 10:01:41');
INSERT INTO `fa_callus` VALUES (89, 0, 20, '用户31', 'Account31', '王31', '13333333331', '评论31', '2021-03-20 10:01:41', '2021-03-20 10:01:41');
INSERT INTO `fa_callus` VALUES (90, 0, 20, '用户31', 'Account31', '王31', '13333333331', '评论31', '2021-03-20 10:01:41', '2021-03-20 10:01:41');
INSERT INTO `fa_callus` VALUES (91, 0, 20, '用户31', 'Account31', '王31', '13333333331', '评论31', '2021-03-20 10:01:41', '2021-03-20 10:01:41');
INSERT INTO `fa_callus` VALUES (92, 0, 20, '用户31', 'Account31', '王31', '13333333331', '评论31', '2021-03-20 10:01:41', '2021-03-20 10:01:41');
INSERT INTO `fa_callus` VALUES (93, 0, 20, '用户31', 'Account31', '王31', '13333333331', '评论31', '2021-03-20 10:01:41', '2021-03-20 10:01:41');
INSERT INTO `fa_callus` VALUES (94, 0, 20, '用户31', 'Account31', '王31', '13333333331', '评论31', '2021-03-20 10:01:41', '2021-03-20 10:01:41');
INSERT INTO `fa_callus` VALUES (95, 0, 20, '用户31', 'Account31', '王31', '13333333331', '评论31', '2021-03-20 10:01:41', '2021-03-20 10:01:41');
INSERT INTO `fa_callus` VALUES (96, 0, 20, '用户31', 'Account31', '王31', '13333333331', '评论31', '2021-03-20 10:01:41', '2021-03-20 10:01:41');
INSERT INTO `fa_callus` VALUES (97, 0, 20, '用户31', 'Account31', '王31', '13333333331', '评论31', '2021-03-20 10:01:41', '2021-03-20 10:01:41');
INSERT INTO `fa_callus` VALUES (98, 0, 20, '用户31', 'Account31', '王31', '13333333331', '评论31', '2021-03-20 10:01:41', '2021-03-20 10:01:41');
INSERT INTO `fa_callus` VALUES (99, 0, 20, '用户31', 'Account31', '王31', '13333333331', '评论31', '2021-03-20 10:01:41', '2021-03-20 10:01:41');
INSERT INTO `fa_callus` VALUES (100, 0, 20, '用户31', 'Account31', '王31', '13333333331', '评论31', '2021-03-20 10:01:41', '2021-03-20 10:01:41');
INSERT INTO `fa_callus` VALUES (101, 0, 20, '用户31', 'Account31', '王31', '13333333331', '评论31', '2021-03-20 10:01:41', '2021-03-20 10:01:41');
INSERT INTO `fa_callus` VALUES (102, 0, 20, '用户31', 'Account31', '王31', '13333333331', '评论31', '2021-03-20 10:01:41', '2021-03-20 10:01:41');
INSERT INTO `fa_callus` VALUES (103, 0, 20, '用户31', 'Account31', '王31', '13333333331', '评论31', '2021-03-20 10:01:41', '2021-03-20 10:01:41');
INSERT INTO `fa_callus` VALUES (104, 0, 20, '用户31', 'Account31', '王31', '13333333331', '评论31', '2021-03-20 10:01:41', '2021-03-20 10:01:41');
INSERT INTO `fa_callus` VALUES (105, 0, 20, '用户31', 'Account31', '王31', '13333333331', '评论31', '2021-03-20 10:01:41', '2021-03-20 10:01:41');
INSERT INTO `fa_callus` VALUES (106, 0, 20, '用户31', 'Account31', '王31', '13333333331', '评论31', '2021-03-20 10:01:41', '2021-03-20 10:01:41');
INSERT INTO `fa_callus` VALUES (107, 0, 20, '用户31', 'Account31', '王31', '13333333331', '评论31', '2021-03-20 10:01:41', '2021-03-20 10:01:41');
INSERT INTO `fa_callus` VALUES (108, 0, 20, '用户31', 'Account31', '王31', '13333333331', '评论31', '2021-03-20 10:01:41', '2021-03-20 10:01:41');
INSERT INTO `fa_callus` VALUES (109, 0, 20, '用户31', 'Account31', '王31', '13333333331', '评论31', '2021-03-20 10:01:41', '2021-03-20 10:01:41');
INSERT INTO `fa_callus` VALUES (110, 0, 20, '用户31', 'Account31', '王31', '13333333331', '评论31', '2021-03-20 10:01:41', '2021-03-20 10:01:41');
INSERT INTO `fa_callus` VALUES (111, 0, 20, '用户31', 'Account31', '王31', '13333333331', '评论31', '2021-03-20 10:01:41', '2021-03-20 10:01:41');
INSERT INTO `fa_callus` VALUES (112, 0, 20, '用户31', 'Account31', '王31', '13333333331', '评论31', '2021-03-20 10:01:41', '2021-03-20 10:01:41');
INSERT INTO `fa_callus` VALUES (113, 0, 20, '用户31', 'Account31', '王31', '13333333331', '评论31', '2021-03-20 10:01:41', '2021-03-20 10:01:41');
INSERT INTO `fa_callus` VALUES (114, 0, 20, '用户31', 'Account31', '王31', '13333333331', '评论31', '2021-03-20 10:01:41', '2021-03-20 10:01:41');
INSERT INTO `fa_callus` VALUES (115, 0, 20, '用户31', 'Account31', '王31', '13333333331', '评论31', '2021-03-20 10:01:41', '2021-03-20 10:01:41');
INSERT INTO `fa_callus` VALUES (116, 0, 20, '用户31', 'Account31', '王31', '13333333331', '评论31', '2021-03-20 10:01:41', '2021-03-20 10:01:41');
INSERT INTO `fa_callus` VALUES (117, 0, 20, '用户31', 'Account31', '王31', '13333333331', '评论31', '2021-03-20 10:01:41', '2021-03-20 10:01:41');
INSERT INTO `fa_callus` VALUES (118, 0, 20, '用户31', 'Account31', '王31', '13333333331', '评论31', '2021-03-20 10:01:41', '2021-03-20 10:01:41');
INSERT INTO `fa_callus` VALUES (119, 0, 20, '用户31', 'Account31', '王31', '13333333331', '评论31', '2021-03-20 10:01:41', '2021-03-20 10:01:41');
INSERT INTO `fa_callus` VALUES (120, 0, 20, '用户31', 'Account31', '王31', '13333333331', '评论31', '2021-03-20 10:01:41', '2021-03-20 10:01:41');
INSERT INTO `fa_callus` VALUES (121, 0, 20, '用户31', 'Account31', '王31', '13333333331', '评论31', '2021-03-20 10:01:41', '2021-03-20 10:01:41');
INSERT INTO `fa_callus` VALUES (122, 0, 20, '用户31', 'Account31', '王31', '13333333331', '评论31', '2021-03-20 10:01:41', '2021-03-20 10:01:41');
INSERT INTO `fa_callus` VALUES (123, 0, 20, '用户31', 'Account31', '王31', '13333333331', '评论31', '2021-03-20 10:01:41', '2021-03-20 10:01:41');
INSERT INTO `fa_callus` VALUES (124, 0, 20, '用户31', 'Account31', '王31', '13333333331', '评论31', '2021-03-20 10:01:41', '2021-03-20 10:01:41');
INSERT INTO `fa_callus` VALUES (125, 0, 20, '用户31', 'Account31', '王31', '13333333331', '评论31', '2021-03-20 10:01:41', '2021-03-20 10:01:41');
INSERT INTO `fa_callus` VALUES (126, 0, 20, '用户31', 'Account31', '王31', '13333333331', '评论31', '2021-03-20 10:01:41', '2021-03-20 10:01:41');
INSERT INTO `fa_callus` VALUES (127, 0, 20, '用户31', 'Account31', '王31', '13333333331', '评论31', '2021-03-20 10:01:41', '2021-03-20 10:01:41');
INSERT INTO `fa_callus` VALUES (128, 0, 20, '用户31', 'Account31', '王31', '13333333331', '评论31', '2021-03-20 10:01:41', '2021-03-20 10:01:41');
INSERT INTO `fa_callus` VALUES (129, 0, 20, '用户31', 'Account31', '王31', '13333333331', '评论31', '2021-03-20 10:01:41', '2021-03-20 10:01:41');
INSERT INTO `fa_callus` VALUES (130, 0, 20, '用户31', 'Account31', '王31', '13333333331', '评论31', '2021-03-20 10:01:41', '2021-03-20 10:01:41');
INSERT INTO `fa_callus` VALUES (131, 0, 20, '用户31', 'Account31', '王31', '13333333331', '评论31', '2021-03-20 10:01:41', '2021-03-20 10:01:41');
INSERT INTO `fa_callus` VALUES (132, 0, 20, '用户31', 'Account31', '王31', '13333333331', '评论31', '2021-03-20 10:01:41', '2021-03-20 10:01:41');
INSERT INTO `fa_callus` VALUES (133, 0, 20, '用户31', 'Account31', '王31', '13333333331', '评论31', '2021-03-20 10:01:41', '2021-03-20 10:01:41');
INSERT INTO `fa_callus` VALUES (134, 0, 20, '用户31', 'Account31', '王31', '13333333331', '评论31', '2021-03-20 10:01:41', '2021-03-20 10:01:41');
INSERT INTO `fa_callus` VALUES (135, 0, 20, '用户31', 'Account31', '王31', '13333333331', '评论31', '2021-03-20 10:01:41', '2021-03-20 10:01:41');
INSERT INTO `fa_callus` VALUES (136, 0, 20, '用户31', 'Account31', '王31', '13333333331', '评论31', '2021-03-20 10:01:41', '2021-03-20 10:01:41');
INSERT INTO `fa_callus` VALUES (137, 0, 20, '用户31', 'Account31', '王31', '13333333331', '评论31', '2021-03-20 10:01:41', '2021-03-20 10:01:41');
INSERT INTO `fa_callus` VALUES (138, 0, 20, '用户31', 'Account31', '王31', '13333333331', '评论31', '2021-03-20 10:01:41', '2021-03-20 10:01:41');
INSERT INTO `fa_callus` VALUES (139, 0, 20, '用户31', 'Account31', '王31', '13333333331', '评论31', '2021-03-20 10:01:41', '2021-03-20 10:01:41');
INSERT INTO `fa_callus` VALUES (140, 0, 20, '用户31', 'Account31', '王31', '13333333331', '评论31', '2021-03-20 10:01:41', '2021-03-20 10:01:41');
INSERT INTO `fa_callus` VALUES (141, 0, 20, '用户31', 'Account31', '王31', '13333333331', '评论31', '2021-03-20 10:01:41', '2021-03-20 10:01:41');
INSERT INTO `fa_callus` VALUES (142, 0, 20, '用户31', 'Account31', '王31', '13333333331', '评论31', '2021-03-20 10:01:41', '2021-03-20 10:01:41');
INSERT INTO `fa_callus` VALUES (143, 0, 20, '用户31', 'Account31', '王31', '13333333331', '评论31', '2021-03-20 10:01:41', '2021-03-20 10:01:41');
INSERT INTO `fa_callus` VALUES (144, 0, 20, '用户31', 'Account31', '王31', '13333333331', '评论31', '2021-03-20 10:01:41', '2021-03-20 10:01:41');
INSERT INTO `fa_callus` VALUES (145, 0, 20, '用户31', 'Account31', '王31', '13333333331', '评论31', '2021-03-20 10:01:41', '2021-03-20 10:01:41');
INSERT INTO `fa_callus` VALUES (146, 0, 20, '用户31', 'Account31', '王31', '13333333331', '评论31', '2021-03-20 10:01:41', '2021-03-20 10:01:41');
INSERT INTO `fa_callus` VALUES (147, 0, 20, '用户31', 'Account31', '王31', '13333333331', '评论31', '2021-03-20 10:01:41', '2021-03-20 10:01:41');
INSERT INTO `fa_callus` VALUES (148, 0, 20, '用户31', 'Account31', '王31', '13333333331', '评论31', '2021-03-20 10:01:41', '2021-03-20 10:01:41');
INSERT INTO `fa_callus` VALUES (149, 0, 20, '用户31', 'Account31', '王31', '13333333331', '评论31', '2021-03-20 10:01:41', '2021-03-20 10:01:41');
INSERT INTO `fa_callus` VALUES (150, 0, 20, '用户31', 'Account31', '王31', '13333333331', '评论31', '2021-03-20 10:01:41', '2021-03-20 10:01:41');
INSERT INTO `fa_callus` VALUES (151, 0, 20, '用户31', 'Account31', '王31', '13333333331', '评论31', '2021-03-20 10:01:41', '2021-03-20 10:01:41');
INSERT INTO `fa_callus` VALUES (152, 0, 20, '用户31', 'Account31', '王31', '13333333331', '评论31', '2021-03-20 10:01:41', '2021-03-20 10:01:41');
INSERT INTO `fa_callus` VALUES (153, 0, 20, '用户31', 'Account31', '王31', '13333333331', '评论31', '2021-03-20 10:01:41', '2021-03-20 10:01:41');
INSERT INTO `fa_callus` VALUES (154, 0, 20, '用户31', 'Account31', '王31', '13333333331', '评论31', '2021-03-20 10:01:41', '2021-03-20 10:01:41');
INSERT INTO `fa_callus` VALUES (155, 0, 20, '用户31', 'Account31', '王31', '13333333331', '评论31', '2021-03-20 10:01:41', '2021-03-20 10:01:41');
INSERT INTO `fa_callus` VALUES (156, 0, 20, '用户31', 'Account31', '王31', '13333333331', '评论31', '2021-03-20 10:01:41', '2021-03-20 10:01:41');
INSERT INTO `fa_callus` VALUES (157, 0, 20, '用户31', 'Account31', '王31', '13333333331', '评论31', '2021-03-20 10:01:41', '2021-03-20 10:01:41');
INSERT INTO `fa_callus` VALUES (158, 0, 20, '用户31', 'Account31', '王31', '13333333331', '评论31', '2021-03-20 10:01:41', '2021-03-20 10:01:41');
INSERT INTO `fa_callus` VALUES (159, 0, 20, '用户31', 'Account31', '王31', '13333333331', '评论31', '2021-03-20 10:01:41', '2021-03-20 10:01:41');
INSERT INTO `fa_callus` VALUES (160, 0, 20, '用户31', 'Account31', '王31', '13333333331', '评论31', '2021-03-20 10:01:41', '2021-03-20 10:01:41');
INSERT INTO `fa_callus` VALUES (161, 0, 20, '用户31', 'Account31', '王31', '13333333331', '评论31', '2021-03-20 10:01:41', '2021-03-20 10:01:41');
INSERT INTO `fa_callus` VALUES (162, 0, 20, '用户31', 'Account31', '王31', '13333333331', '评论31', '2021-03-20 10:01:41', '2021-03-20 10:01:41');
INSERT INTO `fa_callus` VALUES (163, 0, 20, '用户31', 'Account31', '王31', '13333333331', '评论31', '2021-03-20 10:01:41', '2021-03-20 10:01:41');
INSERT INTO `fa_callus` VALUES (164, 0, 20, '用户31', 'Account31', '王31', '13333333331', '评论31', '2021-03-20 10:01:41', '2021-03-20 10:01:41');
INSERT INTO `fa_callus` VALUES (165, 0, 20, '用户31', 'Account31', '王31', '13333333331', '评论31', '2021-03-20 10:01:41', '2021-03-20 10:01:41');
INSERT INTO `fa_callus` VALUES (166, 0, 20, '用户31', 'Account31', '王31', '13333333331', '评论31', '2021-03-20 10:01:41', '2021-03-20 10:01:41');
INSERT INTO `fa_callus` VALUES (167, 0, 20, '用户31', 'Account31', '王31', '13333333331', '评论31', '2021-03-20 10:01:41', '2021-03-20 10:01:41');
INSERT INTO `fa_callus` VALUES (168, 0, 20, '用户31', 'Account31', '王31', '13333333331', '评论31', '2021-03-20 10:01:41', '2021-03-20 10:01:41');
INSERT INTO `fa_callus` VALUES (169, 0, 20, '用户31', 'Account31', '王31', '13333333331', '评论31', '2021-03-20 10:01:41', '2021-03-20 10:01:41');
INSERT INTO `fa_callus` VALUES (170, 0, 20, '用户31', 'Account31', '王31', '13333333331', '评论31', '2021-03-20 10:01:41', '2021-03-20 10:01:41');
INSERT INTO `fa_callus` VALUES (171, 0, 20, '用户31', 'Account31', '王31', '13333333331', '评论31', '2021-03-20 10:01:41', '2021-03-20 10:01:41');
INSERT INTO `fa_callus` VALUES (172, 0, 20, '用户31', 'Account31', '王31', '13333333331', '评论31', '2021-03-20 10:01:41', '2021-03-20 10:01:41');
INSERT INTO `fa_callus` VALUES (173, 0, 20, '用户31', 'Account31', '王31', '13333333331', '评论31', '2021-03-20 10:01:41', '2021-03-20 10:01:41');
INSERT INTO `fa_callus` VALUES (174, 0, 20, '用户31', 'Account31', '王31', '13333333331', '评论31', '2021-03-20 10:01:41', '2021-03-20 10:01:41');
INSERT INTO `fa_callus` VALUES (175, 0, 20, '用户31', 'Account31', '王31', '13333333331', '评论31', '2021-03-20 10:01:41', '2021-03-20 10:01:41');
INSERT INTO `fa_callus` VALUES (176, 0, 20, '用户31', 'Account31', '王31', '13333333331', '评论31', '2021-03-20 10:01:41', '2021-03-20 10:01:41');
INSERT INTO `fa_callus` VALUES (177, 0, 20, '用户31', 'Account31', '王31', '13333333331', '评论31', '2021-03-20 10:01:41', '2021-03-20 10:01:41');
INSERT INTO `fa_callus` VALUES (178, 0, 20, '用户31', 'Account31', '王31', '13333333331', '评论31', '2021-03-20 10:01:41', '2021-03-20 10:01:41');
INSERT INTO `fa_callus` VALUES (179, 0, 20, '用户31', 'Account31', '王31', '13333333331', '评论31', '2021-03-20 10:01:41', '2021-03-20 10:01:41');
INSERT INTO `fa_callus` VALUES (180, 0, 20, '用户31', 'Account31', '王31', '13333333331', '评论31', '2021-03-20 10:01:41', '2021-03-20 10:01:41');
INSERT INTO `fa_callus` VALUES (181, 0, 20, '用户31', 'Account31', '王31', '13333333331', '评论31', '2021-03-20 10:01:41', '2021-03-20 10:01:41');
INSERT INTO `fa_callus` VALUES (182, 0, 20, '用户31', 'Account31', '王31', '13333333331', '评论31', '2021-03-20 10:01:41', '2021-03-20 10:01:41');
INSERT INTO `fa_callus` VALUES (183, 0, 20, '用户31', 'Account31', '王31', '13333333331', '评论31', '2021-03-20 10:01:41', '2021-03-20 10:01:41');
INSERT INTO `fa_callus` VALUES (184, 0, 20, '用户31', 'Account31', '王31', '13333333331', '评论31', '2021-03-20 10:01:41', '2021-03-20 10:01:41');
INSERT INTO `fa_callus` VALUES (185, 0, 20, '用户31', 'Account31', '王31', '13333333331', '评论31', '2021-03-20 10:01:41', '2021-03-20 10:01:41');
INSERT INTO `fa_callus` VALUES (186, 0, 20, '用户31', 'Account31', '王31', '13333333331', '评论31', '2021-03-20 10:01:41', '2021-03-20 10:01:41');
INSERT INTO `fa_callus` VALUES (187, 0, 20, '用户31', 'Account31', '王31', '13333333331', '评论31', '2021-03-20 10:01:41', '2021-03-20 10:01:41');
INSERT INTO `fa_callus` VALUES (188, 0, 20, '用户31', 'Account31', '王31', '13333333331', '评论31', '2021-03-20 10:01:41', '2021-03-20 10:01:41');
INSERT INTO `fa_callus` VALUES (189, 0, 20, '用户31', 'Account31', '王31', '13333333331', '评论31', '2021-03-20 10:01:41', '2021-03-20 10:01:41');
INSERT INTO `fa_callus` VALUES (190, 0, 20, '用户31', 'Account31', '王31', '13333333331', '评论31', '2021-03-20 10:01:41', '2021-03-20 10:01:41');
INSERT INTO `fa_callus` VALUES (191, 0, 20, '用户31', 'Account31', '王31', '13333333331', '评论31', '2021-03-20 10:01:41', '2021-03-20 10:01:41');
INSERT INTO `fa_callus` VALUES (192, 0, 20, '用户31', 'Account31', '王31', '13333333331', '评论31', '2021-03-20 10:01:41', '2021-03-20 10:01:41');
INSERT INTO `fa_callus` VALUES (193, 0, 20, '用户31', 'Account31', '王31', '13333333331', '评论31', '2021-03-20 10:01:41', '2021-03-20 10:01:41');
INSERT INTO `fa_callus` VALUES (194, 0, 20, '用户31', 'Account31', '王31', '13333333331', '评论31', '2021-03-20 10:01:41', '2021-03-20 10:01:41');
INSERT INTO `fa_callus` VALUES (195, 0, 20, '用户31', 'Account31', '王31', '13333333331', '评论31', '2021-03-20 10:01:41', '2021-03-20 10:01:41');
INSERT INTO `fa_callus` VALUES (196, 0, 20, '用户31', 'Account31', '王31', '13333333331', '评论31', '2021-03-20 10:01:41', '2021-03-20 10:01:41');
INSERT INTO `fa_callus` VALUES (197, 0, 20, '用户31', 'Account31', '王31', '13333333331', '评论31', '2021-03-20 10:01:41', '2021-03-20 10:01:41');
INSERT INTO `fa_callus` VALUES (198, 0, 20, '用户31', 'Account31', '王31', '13333333331', '评论31', '2021-03-20 10:01:41', '2021-03-20 10:01:41');
INSERT INTO `fa_callus` VALUES (199, 0, 20, '用户31', 'Account31', '王31', '13333333331', '评论31', '2021-03-20 10:01:41', '2021-03-20 10:01:41');
INSERT INTO `fa_callus` VALUES (200, 0, 20, '用户31', 'Account31', '王31', '13333333331', '评论31', '2021-03-20 10:01:41', '2021-03-20 10:01:41');
INSERT INTO `fa_callus` VALUES (201, 0, 20, '用户31', 'Account31', '王31', '13333333331', '评论31', '2021-03-20 10:01:41', '2021-03-20 10:01:41');
INSERT INTO `fa_callus` VALUES (202, 0, 20, '用户31', 'Account31', '王31', '13333333331', '评论31', '2021-03-20 10:01:41', '2021-03-20 10:01:41');
INSERT INTO `fa_callus` VALUES (203, 0, 20, '用户31', 'Account31', '王31', '13333333331', '评论31', '2021-03-20 10:01:41', '2021-03-20 10:01:41');
INSERT INTO `fa_callus` VALUES (204, 0, 20, '用户31', 'Account31', '王31', '13333333331', '评论31', '2021-03-20 10:01:41', '2021-03-20 10:01:41');
INSERT INTO `fa_callus` VALUES (205, 0, 20, '用户31', 'Account31', '王31', '13333333331', '评论31', '2021-03-20 10:01:41', '2021-03-20 10:01:41');
INSERT INTO `fa_callus` VALUES (206, 0, 20, '用户31', 'Account31', '王31', '13333333331', '评论31', '2021-03-20 10:01:41', '2021-03-20 10:01:41');
INSERT INTO `fa_callus` VALUES (207, 0, 20, '用户31', 'Account31', '王31', '13333333331', '评论31', '2021-03-20 10:01:41', '2021-03-20 10:01:41');
INSERT INTO `fa_callus` VALUES (208, 0, 20, '用户31', 'Account31', '王31', '13333333331', '评论31', '2021-03-20 10:01:41', '2021-03-20 10:01:41');
INSERT INTO `fa_callus` VALUES (209, 0, 20, '用户31', 'Account31', '王31', '13333333331', '评论31', '2021-03-20 10:01:41', '2021-03-20 10:01:41');
INSERT INTO `fa_callus` VALUES (210, 0, 20, '用户31', 'Account31', '王31', '13333333331', '评论31', '2021-03-20 10:01:41', '2021-03-20 10:01:41');
INSERT INTO `fa_callus` VALUES (211, 0, 20, '用户31', 'Account31', '王31', '13333333331', '评论31', '2021-03-20 10:01:41', '2021-03-20 10:01:41');
INSERT INTO `fa_callus` VALUES (212, 0, 20, '用户31', 'Account31', '王31', '13333333331', '评论31', '2021-03-20 10:01:41', '2021-03-20 10:01:41');
INSERT INTO `fa_callus` VALUES (213, 0, 20, '用户31', 'Account31', '王31', '13333333331', '评论31', '2021-03-20 10:01:41', '2021-03-20 10:01:41');
INSERT INTO `fa_callus` VALUES (214, 0, 20, '用户31', 'Account31', '王31', '13333333331', '评论31', '2021-03-20 10:01:41', '2021-03-20 10:01:41');
INSERT INTO `fa_callus` VALUES (215, 0, 20, '用户31', 'Account31', '王31', '13333333331', '评论31', '2021-03-20 10:01:41', '2021-03-20 10:01:41');
INSERT INTO `fa_callus` VALUES (216, 0, 20, '用户31', 'Account31', '王31', '13333333331', '评论31', '2021-03-20 10:01:41', '2021-03-20 10:01:41');
INSERT INTO `fa_callus` VALUES (217, 0, 20, '用户31', 'Account31', '王31', '13333333331', '评论31', '2021-03-20 10:01:41', '2021-03-20 10:01:41');
INSERT INTO `fa_callus` VALUES (218, 0, 20, '用户31', 'Account31', '王31', '13333333331', '评论31', '2021-03-20 10:01:41', '2021-03-20 10:01:41');
INSERT INTO `fa_callus` VALUES (219, 0, 20, '用户31', 'Account31', '王31', '13333333331', '评论31', '2021-03-20 10:01:41', '2021-03-20 10:01:41');
INSERT INTO `fa_callus` VALUES (220, 0, 20, '用户31', 'Account31', '王31', '13333333331', '评论31', '2021-03-20 10:01:41', '2021-03-20 10:01:41');
INSERT INTO `fa_callus` VALUES (221, 0, 20, '用户31', 'Account31', '王31', '13333333331', '评论31', '2021-03-20 10:01:41', '2021-03-20 10:01:41');
INSERT INTO `fa_callus` VALUES (222, 0, 20, '用户31', 'Account31', '王31', '13333333331', '评论31', '2021-03-20 10:01:41', '2021-03-20 10:01:41');
INSERT INTO `fa_callus` VALUES (223, 0, 20, '用户31', 'Account31', '王31', '13333333331', '评论31', '2021-03-20 10:01:41', '2021-03-20 10:01:41');
INSERT INTO `fa_callus` VALUES (224, 0, 20, '用户31', 'Account31', '王31', '13333333331', '评论31', '2021-03-20 10:01:41', '2021-03-20 10:01:41');
INSERT INTO `fa_callus` VALUES (225, 0, 20, '用户31', 'Account31', '王31', '13333333331', '评论31', '2021-03-20 10:01:41', '2021-03-20 10:01:41');
INSERT INTO `fa_callus` VALUES (226, 0, 20, '用户31', 'Account31', '王31', '13333333331', '评论31', '2021-03-20 10:01:41', '2021-03-20 10:01:41');
INSERT INTO `fa_callus` VALUES (227, 0, 20, '用户31', 'Account31', '王31', '13333333331', '评论31', '2021-03-20 10:01:41', '2021-03-20 10:01:41');
INSERT INTO `fa_callus` VALUES (228, 0, 20, '用户31', 'Account31', '王31', '13333333331', '评论31', '2021-03-20 10:01:41', '2021-03-20 10:01:41');
INSERT INTO `fa_callus` VALUES (229, 0, 20, '用户31', 'Account31', '王31', '13333333331', '评论31', '2021-03-20 10:01:41', '2021-03-20 10:01:41');
INSERT INTO `fa_callus` VALUES (230, 0, 20, '用户31', 'Account31', '王31', '13333333331', '评论31', '2021-03-20 10:01:41', '2021-03-20 10:01:41');
INSERT INTO `fa_callus` VALUES (231, 0, 20, '用户31', 'Account31', '王31', '13333333331', '评论31', '2021-03-20 10:01:41', '2021-03-20 10:01:41');
INSERT INTO `fa_callus` VALUES (232, 0, 20, '用户31', 'Account31', '王31', '13333333331', '评论31', '2021-03-20 10:01:41', '2021-03-20 10:01:41');
INSERT INTO `fa_callus` VALUES (233, 0, 20, '用户31', 'Account31', '王31', '13333333331', '评论31', '2021-03-20 10:01:41', '2021-03-20 10:01:41');
INSERT INTO `fa_callus` VALUES (234, 0, 20, '用户31', 'Account31', '王31', '13333333331', '评论31', '2021-03-20 10:01:41', '2021-03-20 10:01:41');
INSERT INTO `fa_callus` VALUES (235, 0, 20, '用户31', 'Account31', '王31', '13333333331', '评论31', '2021-03-20 10:01:41', '2021-03-20 10:01:41');
INSERT INTO `fa_callus` VALUES (236, 0, 20, '用户31', 'Account31', '王31', '13333333331', '评论31', '2021-03-20 10:01:41', '2021-03-20 10:01:41');
INSERT INTO `fa_callus` VALUES (237, 0, 20, '用户31', 'Account31', '王31', '13333333331', '评论31', '2021-03-20 10:01:41', '2021-03-20 10:01:41');
INSERT INTO `fa_callus` VALUES (238, 0, 20, '用户31', 'Account31', '王31', '13333333331', '评论31', '2021-03-20 10:01:41', '2021-03-20 10:01:41');
INSERT INTO `fa_callus` VALUES (239, 0, 20, '用户31', 'Account31', '王31', '13333333331', '评论31', '2021-03-20 10:01:41', '2021-03-20 10:01:41');
INSERT INTO `fa_callus` VALUES (240, 0, 20, '用户31', 'Account31', '王31', '13333333331', '评论31', '2021-03-20 10:01:41', '2021-03-20 10:01:41');
INSERT INTO `fa_callus` VALUES (241, 0, 20, '用户31', 'Account31', '王31', '13333333331', '评论31', '2021-03-20 10:01:41', '2021-03-20 10:01:41');
INSERT INTO `fa_callus` VALUES (242, 0, 20, '用户31', 'Account31', '王31', '13333333331', '评论31', '2021-03-20 10:01:41', '2021-03-20 10:01:41');
INSERT INTO `fa_callus` VALUES (243, 0, 20, '用户31', 'Account31', '王31', '13333333331', '评论31', '2021-03-20 10:01:41', '2021-03-20 10:01:41');
INSERT INTO `fa_callus` VALUES (244, 0, 20, '用户31', 'Account31', '王31', '13333333331', '评论31', '2021-03-20 10:01:41', '2021-03-20 10:01:41');
INSERT INTO `fa_callus` VALUES (245, 0, 20, '用户31', 'Account31', '王31', '13333333331', '评论31', '2021-03-20 10:01:41', '2021-03-20 10:01:41');
INSERT INTO `fa_callus` VALUES (246, 0, 20, '用户31', 'Account31', '王31', '13333333331', '评论31', '2021-03-20 10:01:41', '2021-03-20 10:01:41');
INSERT INTO `fa_callus` VALUES (247, 0, 20, '用户31', 'Account31', '王31', '13333333331', '评论31', '2021-03-20 10:01:41', '2021-03-20 10:01:41');
INSERT INTO `fa_callus` VALUES (248, 0, 20, '用户31', 'Account31', '王31', '13333333331', '评论31', '2021-03-20 10:01:41', '2021-03-20 10:01:41');
INSERT INTO `fa_callus` VALUES (249, 0, 20, '用户31', 'Account31', '王31', '13333333331', '评论31', '2021-03-20 10:01:41', '2021-03-20 10:01:41');
INSERT INTO `fa_callus` VALUES (250, 0, 20, '用户31', 'Account31', '王31', '13333333331', '评论31', '2021-03-20 10:01:41', '2021-03-20 10:01:41');
INSERT INTO `fa_callus` VALUES (251, 0, 20, '用户31', 'Account31', '王31', '13333333331', '评论31', '2021-03-20 10:01:41', '2021-03-20 10:01:41');
INSERT INTO `fa_callus` VALUES (252, 0, 20, '用户31', 'Account31', '王31', '13333333331', '评论31', '2021-03-20 10:01:41', '2021-03-20 10:01:41');
INSERT INTO `fa_callus` VALUES (253, 0, 20, '用户31', 'Account31', '王31', '13333333331', '评论31', '2021-03-20 10:01:41', '2021-03-20 10:01:41');
INSERT INTO `fa_callus` VALUES (254, 0, 20, '用户31', 'Account31', '王31', '13333333331', '评论31', '2021-03-20 10:01:41', '2021-03-20 10:01:41');
INSERT INTO `fa_callus` VALUES (255, 0, 20, '用户31', 'Account31', '王31', '13333333331', '评论31', '2021-03-20 10:01:41', '2021-03-20 10:01:41');
INSERT INTO `fa_callus` VALUES (256, 0, 20, '用户31', 'Account31', '王31', '13333333331', '评论31', '2021-03-20 10:01:41', '2021-03-20 10:01:41');
INSERT INTO `fa_callus` VALUES (257, 0, 20, '用户31', 'Account31', '王31', '13333333331', '评论31', '2021-03-20 10:01:41', '2021-03-20 10:01:41');
INSERT INTO `fa_callus` VALUES (258, 0, 20, '用户31', 'Account31', '王31', '13333333331', '评论31', '2021-03-20 10:01:41', '2021-03-20 10:01:41');
INSERT INTO `fa_callus` VALUES (259, 0, 20, '用户31', 'Account31', '王31', '13333333331', '评论31', '2021-03-20 10:01:41', '2021-03-20 10:01:41');
INSERT INTO `fa_callus` VALUES (260, 0, 20, '用户31', 'Account31', '王31', '13333333331', '评论31', '2021-03-20 10:01:41', '2021-03-20 10:01:41');
INSERT INTO `fa_callus` VALUES (261, 0, 20, '用户31', 'Account31', '王31', '13333333331', '评论31', '2021-03-20 10:01:41', '2021-03-20 10:01:41');
INSERT INTO `fa_callus` VALUES (262, 0, 20, '用户31', 'Account31', '王31', '13333333331', '评论31', '2021-03-20 10:01:41', '2021-03-20 10:01:41');
INSERT INTO `fa_callus` VALUES (263, 0, 20, '用户31', 'Account31', '王31', '13333333331', '评论31', '2021-03-20 10:01:41', '2021-03-20 10:01:41');
INSERT INTO `fa_callus` VALUES (264, 0, 20, '用户31', 'Account31', '王31', '13333333331', '评论31', '2021-03-20 10:01:41', '2021-03-20 10:01:41');
INSERT INTO `fa_callus` VALUES (265, 0, 20, '用户31', 'Account31', '王31', '13333333331', '评论31', '2021-03-20 10:01:41', '2021-03-20 10:01:41');
INSERT INTO `fa_callus` VALUES (266, 0, 20, '用户31', 'Account31', '王31', '13333333331', '评论31', '2021-03-20 10:01:41', '2021-03-20 10:01:41');
INSERT INTO `fa_callus` VALUES (267, 0, 20, '用户31', 'Account31', '王31', '13333333331', '评论31', '2021-03-20 10:01:41', '2021-03-20 10:01:41');
INSERT INTO `fa_callus` VALUES (268, 0, 20, '用户31', 'Account31', '王31', '13333333331', '评论31', '2021-03-20 10:01:41', '2021-03-20 10:01:41');
INSERT INTO `fa_callus` VALUES (269, 0, 20, '用户31', 'Account31', '王31', '13333333331', '评论31', '2021-03-20 10:01:41', '2021-03-20 10:01:41');
INSERT INTO `fa_callus` VALUES (270, 0, 20, '用户31', 'Account31', '王31', '13333333331', '评论31', '2021-03-20 10:01:41', '2021-03-20 10:01:41');
INSERT INTO `fa_callus` VALUES (271, 0, 20, '用户31', 'Account31', '王31', '13333333331', '评论31', '2021-03-20 10:01:41', '2021-03-20 10:01:41');
INSERT INTO `fa_callus` VALUES (272, 0, 20, '用户31', 'Account31', '王31', '13333333331', '评论31', '2021-03-20 10:01:41', '2021-03-20 10:01:41');
INSERT INTO `fa_callus` VALUES (273, 0, 20, '用户31', 'Account31', '王31', '13333333331', '评论31', '2021-03-20 10:01:41', '2021-03-20 10:01:41');
INSERT INTO `fa_callus` VALUES (274, 0, 20, '用户31', 'Account31', '王31', '13333333331', '评论31', '2021-03-20 10:01:41', '2021-03-20 10:01:41');
INSERT INTO `fa_callus` VALUES (275, 0, 20, '用户31', 'Account31', '王31', '13333333331', '评论31', '2021-03-20 10:01:41', '2021-03-20 10:01:41');
INSERT INTO `fa_callus` VALUES (276, 0, 20, '用户31', 'Account31', '王31', '13333333331', '评论31', '2021-03-20 10:01:41', '2021-03-20 10:01:41');
INSERT INTO `fa_callus` VALUES (277, 0, 20, '用户31', 'Account31', '王31', '13333333331', '评论31', '2021-03-20 10:01:41', '2021-03-20 10:01:41');
INSERT INTO `fa_callus` VALUES (278, 0, 20, '用户31', 'Account31', '王31', '13333333331', '评论31', '2021-03-20 10:01:41', '2021-03-20 10:01:41');
INSERT INTO `fa_callus` VALUES (279, 0, 20, '用户31', 'Account31', '王31', '13333333331', '评论31', '2021-03-20 10:01:41', '2021-03-20 10:01:41');
INSERT INTO `fa_callus` VALUES (280, 0, 20, '用户31', 'Account31', '王31', '13333333331', '评论31', '2021-03-20 10:01:41', '2021-03-20 10:01:41');
INSERT INTO `fa_callus` VALUES (281, 0, 20, '用户31', 'Account31', '王31', '13333333331', '评论31', '2021-03-20 10:01:41', '2021-03-20 10:01:41');
INSERT INTO `fa_callus` VALUES (282, 0, 20, '用户31', 'Account31', '王31', '13333333331', '评论31', '2021-03-20 10:01:41', '2021-03-20 10:01:41');
INSERT INTO `fa_callus` VALUES (283, 0, 20, '用户31', 'Account31', '王31', '13333333331', '评论31', '2021-03-20 10:01:41', '2021-03-20 10:01:41');
INSERT INTO `fa_callus` VALUES (284, 0, 20, '用户31', 'Account31', '王31', '13333333331', '评论31', '2021-03-20 10:01:41', '2021-03-20 10:01:41');
INSERT INTO `fa_callus` VALUES (285, 0, 20, '用户31', 'Account31', '王31', '13333333331', '评论31', '2021-03-20 10:01:41', '2021-03-20 10:01:41');
INSERT INTO `fa_callus` VALUES (286, 0, 20, '用户31', 'Account31', '王31', '13333333331', '评论31', '2021-03-20 10:01:41', '2021-03-20 10:01:41');
INSERT INTO `fa_callus` VALUES (287, 0, 20, '用户31', 'Account31', '王31', '13333333331', '评论31dd', '2021-03-20 10:01:41', '2021-03-20 10:01:41');
INSERT INTO `fa_callus` VALUES (288, 0, 20, '用户31', 'Account31', '王31', '13333333331', '评论31dd', '2021-03-20 10:01:41', '2021-03-20 10:01:41');
INSERT INTO `fa_callus` VALUES (289, 0, 20, '用户31', 'Account31', '王31', '13333333331', '评论31', '2021-03-20 10:01:41', '2021-03-20 10:01:41');
INSERT INTO `fa_callus` VALUES (290, 0, 20, '用户31', 'Account31', '王31', '13333333331', '评论31', '2021-03-20 10:01:41', '2021-03-20 10:01:41');
INSERT INTO `fa_callus` VALUES (291, 0, 20, '用户31', 'Account31', '王31', '13333333331', '评论31', '2021-03-20 10:01:41', '2021-03-20 10:01:41');
INSERT INTO `fa_callus` VALUES (292, 0, 20, '用户31', 'Account31', '王31', '13333333331', '评论31', '2021-03-20 10:01:41', '2021-03-20 10:01:41');
INSERT INTO `fa_callus` VALUES (293, 0, 20, '用户31', 'Account31', '王31', '13333333331', '评论31', '2021-03-20 10:01:41', '2021-03-20 10:01:41');
INSERT INTO `fa_callus` VALUES (294, 0, 20, '用户31', 'Account31', '王31', '13333333331', '评论31', '2021-03-20 10:01:41', '2021-03-20 10:01:41');
INSERT INTO `fa_callus` VALUES (295, 0, 20, '用户31', 'Account31', '王31', '13333333331', '评论31', '2021-03-20 10:01:41', '2021-03-20 10:01:41');
INSERT INTO `fa_callus` VALUES (296, 0, 20, '用户31', 'Account31', '王31', '13333333331', '评论31', '2021-03-20 10:01:41', '2021-03-20 10:01:41');
INSERT INTO `fa_callus` VALUES (297, 0, 20, '用户31', 'Account31', '王31', '13333333331', '评论31', '2021-03-20 10:01:41', '2021-03-20 10:01:41');
INSERT INTO `fa_callus` VALUES (298, 0, 20, '用户31', 'Account31', '王31', '13333333331', '评论31', '2021-03-20 10:01:41', '2021-03-20 10:01:41');
INSERT INTO `fa_callus` VALUES (299, 0, 20, '用户31', 'Account31', '王31', '13333333331', '评论31', '2021-03-20 10:01:41', '2021-03-20 10:01:41');
INSERT INTO `fa_callus` VALUES (300, 0, 20, '用户31', 'Account31', '王31', '13333333331', '评论31', '2021-03-20 10:01:41', '2021-03-20 10:01:41');
INSERT INTO `fa_callus` VALUES (301, 0, 20, '用户31', 'Account31', '王31', '13333333331', '评论31', '2021-03-20 10:01:41', '2021-03-20 10:01:41');
INSERT INTO `fa_callus` VALUES (302, 0, 20, '用户31', 'Account31', '王31', '13333333331', '评论31', '2021-03-20 10:01:41', '2021-03-20 10:01:41');
INSERT INTO `fa_callus` VALUES (303, 0, 20, '用户31', 'Account31', '王31', '13333333331', '评论31', '2021-03-20 10:01:41', '2021-03-20 10:01:41');
INSERT INTO `fa_callus` VALUES (304, 0, 20, '用户31', 'Account31', '王31', '13333333331', '评论31', '2021-03-20 10:01:41', '2021-03-20 10:01:41');
INSERT INTO `fa_callus` VALUES (305, 0, 20, '用户31', 'Account31', '王31', '13333333331', '评论31', '2021-03-20 10:01:41', '2021-03-20 10:01:41');
INSERT INTO `fa_callus` VALUES (306, 0, 20, '用户31', 'Account31', '王31', '13333333331', '评论31', '2021-03-20 10:01:41', '2021-03-20 10:01:41');
INSERT INTO `fa_callus` VALUES (307, 0, 20, '用户31', 'Account31', '王31', '13333333331', '评论31', '2021-03-20 10:01:41', '2021-03-20 10:01:41');
INSERT INTO `fa_callus` VALUES (308, 0, 20, '用户31', 'Account31', '王31', '13333333331', '评论31', '2021-03-20 10:01:41', '2021-03-20 10:01:41');
INSERT INTO `fa_callus` VALUES (309, 0, 20, '用户31', 'Account31', '王31', '13333333331', '评论31', '2021-03-20 10:01:41', '2021-03-20 10:01:41');
INSERT INTO `fa_callus` VALUES (310, 0, 20, '用户31', 'Account31', '王31', '13333333331', '评论222', '2021-03-20 10:01:41', '2021-03-20 10:01:41');
INSERT INTO `fa_callus` VALUES (311, 310, 21, '用户11', NULL, NULL, NULL, '回复222', NULL, NULL);
INSERT INTO `fa_callus` VALUES (312, 256, NULL, NULL, NULL, NULL, NULL, '123', NULL, NULL);
INSERT INTO `fa_callus` VALUES (313, 257, NULL, NULL, NULL, NULL, NULL, '.212121', NULL, NULL);
INSERT INTO `fa_callus` VALUES (314, 258, NULL, NULL, NULL, NULL, NULL, '33333', NULL, NULL);
INSERT INTO `fa_callus` VALUES (319, 259, NULL, NULL, NULL, NULL, NULL, '打法', NULL, NULL);
INSERT INTO `fa_callus` VALUES (320, 236, NULL, NULL, NULL, NULL, NULL, 'adf ', NULL, NULL);
INSERT INTO `fa_callus` VALUES (321, 260, NULL, NULL, NULL, NULL, NULL, 'adf', NULL, NULL);

-- ----------------------------
-- Table structure for fa_campaigns_product
-- ----------------------------
DROP TABLE IF EXISTS `fa_campaigns_product`;
CREATE TABLE `fa_campaigns_product`  (
  `id` bigint(20) NOT NULL AUTO_INCREMENT,
  `product_id` bigint(100) NULL DEFAULT NULL,
  `imgurl1` varchar(500) CHARACTER SET utf8 COLLATE utf8_general_ci NULL DEFAULT NULL,
  `create_time` datetime(0) NULL DEFAULT CURRENT_TIMESTAMP(0),
  PRIMARY KEY (`id`) USING BTREE
) ENGINE = InnoDB AUTO_INCREMENT = 5 CHARACTER SET = utf8 COLLATE = utf8_general_ci ROW_FORMAT = DYNAMIC;

-- ----------------------------
-- Records of fa_campaigns_product
-- ----------------------------
INSERT INTO `fa_campaigns_product` VALUES (1, 1, '/a01/huodong/2021.png', '2021-01-18 22:42:53');
INSERT INTO `fa_campaigns_product` VALUES (2, 2, '/a01/huodong/nianzhu.png', '2021-01-18 22:45:31');
INSERT INTO `fa_campaigns_product` VALUES (3, 3, '/a01/huodong/zw.png', '2021-01-18 23:43:08');
INSERT INTO `fa_campaigns_product` VALUES (4, 4, '/a01/huodong/laba.png', '2021-01-18 23:43:08');

-- ----------------------------
-- Table structure for fa_card
-- ----------------------------
DROP TABLE IF EXISTS `fa_card`;
CREATE TABLE `fa_card`  (
  `id` bigint(11) NOT NULL AUTO_INCREMENT,
  `card_name` varchar(100) CHARACTER SET utf8 COLLATE utf8_general_ci NULL DEFAULT NULL COMMENT '风暴商品名称',
  `price` decimal(10, 4) NULL DEFAULT NULL COMMENT '价格',
  `status` int(1) NULL DEFAULT NULL COMMENT '是否启用',
  `sale_num` int(11) NULL DEFAULT 0 COMMENT '销量',
  `show_sale_num` int(11) NULL DEFAULT 0 COMMENT '虚拟销量',
  `sort` int(11) NULL DEFAULT NULL COMMENT '排序',
  `card_pic` varchar(255) CHARACTER SET utf8 COLLATE utf8_general_ci NULL DEFAULT NULL COMMENT '封面图片',
  `info` longtext CHARACTER SET utf8 COLLATE utf8_general_ci NULL COMMENT '图文介绍',
  `day` int(11) NULL DEFAULT NULL COMMENT '回馈天数',
  `proportion` float(10, 2) NULL DEFAULT NULL COMMENT '回馈比例',
  `break_contract` float(10, 2) NULL DEFAULT NULL COMMENT '违约比例',
  `score` decimal(12, 4) NULL DEFAULT NULL COMMENT '积分比例',
  `add_time` datetime(0) NULL DEFAULT NULL COMMENT '添加时间',
  PRIMARY KEY (`id`) USING BTREE
) ENGINE = InnoDB AUTO_INCREMENT = 4 CHARACTER SET = utf8 COLLATE = utf8_general_ci ROW_FORMAT = DYNAMIC;

-- ----------------------------
-- Records of fa_card
-- ----------------------------
INSERT INTO `fa_card` VALUES (1, '丰收商品', 1000.0000, 1, 0, 0, 1, './data/upload/pic/2012/07/5fcdecc91c49d.png', '<p>\n	&nbsp; &nbsp; 丰猪丰收卡（以下简称\"丰收卡\"）是由吉林丰猪科技有限公司\n</p>\n<p>\n	发行的，可以在&nbsp;https://fz.fzsir.com/ (\"本网站\") 上购买自营的商\n</p>\n<p>\n	品（部分特殊商品除外）或服务的预付卡，也可在本网站完成丰\n</p>\n<p>\n	猪直营店的订单购物。丰收卡为记名卡 ，单张记名卡资金限额为\n</p>\n<p>\n	&nbsp;10000元（含），购买丰收卡后特定期限内会得到持续积分回馈，\n</p>\n<p>\n	可用于付款等自助使用。丰收卡为电子卡形式，支付快捷，购买\n</p>\n<p>\n	后可在多场景完成支付。丰收卡客户可单方违约退卡，购买人可\n</p>\n<p>\n	在“我的-丰收卡”入口选择丰收卡自助申请违约退款，同时该丰收\n</p>\n<p>\n	卡一并作废。更多丰收卡使用规则，详见购卡章程。\n</p>\n</br>', 200, 0.50, 0.05, 0.0600, '2020-10-25 15:04:17');
INSERT INTO `fa_card` VALUES (2, '丰猪12', 20000.0000, 1, 0, 0, 2, './data/upload/pic/2011/14/5faf8ee0a686c.png', '阿萨德但是阿萨德阿登啊飒飒的啊的', 200, 0.50, 0.05, 0.0600, '2020-11-14 16:01:40');

-- ----------------------------
-- Table structure for fa_card_bill
-- ----------------------------
DROP TABLE IF EXISTS `fa_card_bill`;
CREATE TABLE `fa_card_bill`  (
  `id` bigint(20) NOT NULL AUTO_INCREMENT,
  `bill_no` int(11) NULL DEFAULT NULL COMMENT '订单号',
  `card_id` bigint(20) NULL DEFAULT NULL COMMENT '储值卡id',
  `user_id` bigint(20) NULL DEFAULT NULL COMMENT '用户id',
  `card_no` varchar(100) CHARACTER SET utf8 COLLATE utf8_general_ci NULL DEFAULT NULL COMMENT '储值卡号',
  `before_balance` decimal(12, 4) NULL DEFAULT NULL COMMENT '之前余额',
  `amount` decimal(12, 4) NULL DEFAULT NULL COMMENT '本单金额',
  `after_balance` decimal(12, 4) NULL DEFAULT NULL COMMENT '之后余额',
  `three_payno` varchar(255) CHARACTER SET utf8 COLLATE utf8_general_ci NULL DEFAULT NULL COMMENT '第三方支付单号',
  `status` int(1) NULL DEFAULT NULL COMMENT '订单状态',
  `pay_status` varchar(255) CHARACTER SET utf8 COLLATE utf8_general_ci NULL DEFAULT NULL COMMENT '付款状态',
  `pay_way` varchar(255) CHARACTER SET utf8 COLLATE utf8_general_ci NULL DEFAULT NULL COMMENT '付款方式：1 微信支付 2 支付宝支付 3储值卡 4购物积分',
  `add_time` datetime(0) NULL DEFAULT NULL COMMENT '下单时间',
  `pay_time` datetime(0) NULL DEFAULT NULL COMMENT '付款时间',
  PRIMARY KEY (`id`) USING BTREE
) ENGINE = InnoDB AUTO_INCREMENT = 1 CHARACTER SET = utf8 COLLATE = utf8_general_ci ROW_FORMAT = Dynamic;

-- ----------------------------
-- Records of fa_card_bill
-- ----------------------------

-- ----------------------------
-- Table structure for fa_card_user
-- ----------------------------
DROP TABLE IF EXISTS `fa_card_user`;
CREATE TABLE `fa_card_user`  (
  `id` bigint(20) NOT NULL AUTO_INCREMENT,
  `user_id` bigint(20) NULL DEFAULT NULL COMMENT '用户id',
  `card_id` bigint(20) NULL DEFAULT NULL COMMENT '储值卡id',
  `card_no` varchar(100) CHARACTER SET utf8 COLLATE utf8_general_ci NULL DEFAULT NULL COMMENT '卡号',
  `balance` decimal(12, 4) NULL DEFAULT NULL COMMENT '余额',
  `status` int(1) NULL DEFAULT NULL COMMENT '状态 ：0禁用，1启用',
  `add_time` datetime(0) NULL DEFAULT NULL,
  PRIMARY KEY (`id`) USING BTREE
) ENGINE = InnoDB AUTO_INCREMENT = 1 CHARACTER SET = utf8 COLLATE = utf8_general_ci ROW_FORMAT = Dynamic;

-- ----------------------------
-- Records of fa_card_user
-- ----------------------------

-- ----------------------------
-- Table structure for fa_cart
-- ----------------------------
DROP TABLE IF EXISTS `fa_cart`;
CREATE TABLE `fa_cart`  (
  `id` bigint(20) NOT NULL AUTO_INCREMENT COMMENT '主键自增',
  `user_id` bigint(20) NULL DEFAULT NULL COMMENT '用户id',
  `product_id` bigint(20) NULL DEFAULT NULL COMMENT '产品id',
  `product_count` int(11) NULL DEFAULT NULL COMMENT '商品数量',
  `create_time` datetime(0) NULL DEFAULT CURRENT_TIMESTAMP(0) COMMENT '创建时间',
  `update_time` datetime(0) NULL DEFAULT CURRENT_TIMESTAMP(0) COMMENT '更新时间',
  `status` int(1) NULL DEFAULT NULL COMMENT '状态：0未确认，1确认过',
  PRIMARY KEY (`id`) USING BTREE
) ENGINE = InnoDB AUTO_INCREMENT = 174 CHARACTER SET = utf8 COLLATE = utf8_general_ci ROW_FORMAT = DYNAMIC;

-- ----------------------------
-- Records of fa_cart
-- ----------------------------
INSERT INTO `fa_cart` VALUES (126, 116, 1, 3, '2021-04-02 08:59:37', '2021-04-02 08:59:35', 0);
INSERT INTO `fa_cart` VALUES (132, 99, 1, 1, '2021-04-02 09:43:54', '2021-04-02 09:43:54', 0);
INSERT INTO `fa_cart` VALUES (138, 99, 2, 1, '2021-04-02 09:53:42', '2021-04-02 09:53:41', 0);
INSERT INTO `fa_cart` VALUES (139, 99, 2, 1, '2021-04-02 09:53:43', '2021-04-02 09:53:43', 0);
INSERT INTO `fa_cart` VALUES (140, 99, 3, 1, '2021-04-02 09:53:46', '2021-04-02 09:53:46', 0);
INSERT INTO `fa_cart` VALUES (141, 99, 2, 1, '2021-04-02 09:54:01', '2021-04-02 09:54:01', 0);
INSERT INTO `fa_cart` VALUES (142, 99, 2, 1, '2021-04-02 09:54:34', '2021-04-02 09:54:34', 0);
INSERT INTO `fa_cart` VALUES (143, 99, 2, 1, '2021-04-02 09:56:00', '2021-04-02 09:56:00', 0);
INSERT INTO `fa_cart` VALUES (144, NULL, 2, 23, '2021-04-02 09:56:05', '2021-04-02 09:56:04', 0);
INSERT INTO `fa_cart` VALUES (145, NULL, 2, 1, '2021-04-02 09:56:13', '2021-04-02 09:56:13', 0);
INSERT INTO `fa_cart` VALUES (146, NULL, 2, 1, '2021-04-02 09:58:20', '2021-04-02 09:58:19', 0);
INSERT INTO `fa_cart` VALUES (147, NULL, 2, 1, '2021-04-02 09:58:35', '2021-04-02 09:58:35', 0);
INSERT INTO `fa_cart` VALUES (148, NULL, 2, 1, '2021-04-02 09:59:52', '2021-04-02 09:59:52', 0);
INSERT INTO `fa_cart` VALUES (149, NULL, 3, 1, '2021-04-02 10:00:07', '2021-04-02 10:00:07', 0);
INSERT INTO `fa_cart` VALUES (150, NULL, 4, 1, '2021-04-02 10:00:15', '2021-04-02 10:00:14', 0);
INSERT INTO `fa_cart` VALUES (151, NULL, 10, 1, '2021-04-02 10:00:23', '2021-04-02 10:00:23', 0);
INSERT INTO `fa_cart` VALUES (152, NULL, 2, 1, '2021-04-02 10:03:36', '2021-04-02 10:03:35', 0);
INSERT INTO `fa_cart` VALUES (153, NULL, 14, 12, '2021-04-02 10:03:39', '2021-04-02 10:03:39', 0);
INSERT INTO `fa_cart` VALUES (154, NULL, 2, 1, '2021-04-02 10:03:52', '2021-04-02 10:03:51', 0);
INSERT INTO `fa_cart` VALUES (155, NULL, 13, 1, '2021-04-02 10:04:31', '2021-04-02 10:04:31', 0);
INSERT INTO `fa_cart` VALUES (156, NULL, 2, 1, '2021-04-02 10:05:30', '2021-04-02 10:05:29', 0);
INSERT INTO `fa_cart` VALUES (157, NULL, 2, 1, '2021-04-02 10:05:41', '2021-04-02 10:05:41', 0);
INSERT INTO `fa_cart` VALUES (158, NULL, 1, 1, '2021-04-02 10:11:34', '2021-04-02 10:11:32', 0);
INSERT INTO `fa_cart` VALUES (159, NULL, 1, 1, '2021-04-02 10:11:52', '2021-04-02 10:11:50', 0);
INSERT INTO `fa_cart` VALUES (160, NULL, 1, 1, '2021-04-02 10:12:14', '2021-04-02 10:12:12', 0);
INSERT INTO `fa_cart` VALUES (161, NULL, 1, 1, '2021-04-02 10:12:30', '2021-04-02 10:12:28', 0);
INSERT INTO `fa_cart` VALUES (162, NULL, 1, 1, '2021-04-02 10:13:48', '2021-04-02 10:13:46', 0);
INSERT INTO `fa_cart` VALUES (163, NULL, 1, 1, '2021-04-02 10:26:33', '2021-04-02 10:26:32', 0);
INSERT INTO `fa_cart` VALUES (164, NULL, 1, 1, '2021-04-02 10:30:49', '2021-04-02 10:30:47', 0);
INSERT INTO `fa_cart` VALUES (165, NULL, 1, 1, '2021-04-02 10:31:37', '2021-04-02 10:31:35', 0);
INSERT INTO `fa_cart` VALUES (166, NULL, 1, 1, '2021-04-02 10:32:40', '2021-04-02 10:32:38', 0);
INSERT INTO `fa_cart` VALUES (167, NULL, 1, 1, '2021-04-02 10:44:01', '2021-04-02 10:44:00', 0);
INSERT INTO `fa_cart` VALUES (168, NULL, 1, 1, '2021-04-02 10:46:08', '2021-04-02 10:46:07', 0);
INSERT INTO `fa_cart` VALUES (169, NULL, 1, 1, '2021-04-02 10:56:05', '2021-04-02 10:56:04', 0);
INSERT INTO `fa_cart` VALUES (170, NULL, 1, 1, '2021-04-02 10:57:24', '2021-04-02 10:57:23', 0);
INSERT INTO `fa_cart` VALUES (171, NULL, 2, 1, '2021-04-02 10:57:31', '2021-04-02 10:57:30', 0);
INSERT INTO `fa_cart` VALUES (172, NULL, 1, 1, '2021-04-02 11:00:42', '2021-04-02 11:00:41', 0);
INSERT INTO `fa_cart` VALUES (173, NULL, 3, 1, '2021-04-02 11:02:07', '2021-04-02 11:02:07', 0);

-- ----------------------------
-- Table structure for fa_channel
-- ----------------------------
DROP TABLE IF EXISTS `fa_channel`;
CREATE TABLE `fa_channel`  (
  `channel_id` bigint(11) NOT NULL AUTO_INCREMENT,
  `channel_name` varchar(100) CHARACTER SET utf8 COLLATE utf8_general_ci NULL DEFAULT NULL,
  `channel_url` varchar(100) CHARACTER SET utf8 COLLATE utf8_general_ci NULL DEFAULT NULL,
  `create_time` datetime(0) NULL DEFAULT CURRENT_TIMESTAMP(0),
  `add_time` datetime(0) NULL DEFAULT NULL,
  PRIMARY KEY (`channel_id`) USING BTREE
) ENGINE = InnoDB AUTO_INCREMENT = 3 CHARACTER SET = utf8 COLLATE = utf8_general_ci ROW_FORMAT = DYNAMIC;

-- ----------------------------
-- Records of fa_channel
-- ----------------------------
INSERT INTO `fa_channel` VALUES (1, '菜篮子店', NULL, '2020-12-04 13:46:04', NULL);
INSERT INTO `fa_channel` VALUES (2, '地利鲜店', NULL, '2020-12-04 13:46:40', NULL);

-- ----------------------------
-- Table structure for fa_express
-- ----------------------------
DROP TABLE IF EXISTS `fa_express`;
CREATE TABLE `fa_express`  (
  `id` bigint(20) NOT NULL AUTO_INCREMENT,
  `express_name` varchar(255) CHARACTER SET utf8 COLLATE utf8_general_ci NULL DEFAULT NULL COMMENT '快递公司名',
  `express_code` varchar(255) CHARACTER SET utf8 COLLATE utf8_general_ci NULL DEFAULT NULL COMMENT '公司编码',
  PRIMARY KEY (`id`) USING BTREE
) ENGINE = InnoDB AUTO_INCREMENT = 1166 CHARACTER SET = utf8 COLLATE = utf8_general_ci ROW_FORMAT = Dynamic;

-- ----------------------------
-- Records of fa_express
-- ----------------------------
INSERT INTO `fa_express` VALUES (4, '圆通速递', 'yuantong');
INSERT INTO `fa_express` VALUES (5, '韵达快递', 'yunda');
INSERT INTO `fa_express` VALUES (6, '中通快递', 'zhongtong');
INSERT INTO `fa_express` VALUES (7, '顺丰速运', 'shunfeng');
INSERT INTO `fa_express` VALUES (8, '申通快递', 'shentong');
INSERT INTO `fa_express` VALUES (9, '邮政快递包裹', 'youzhengguonei');
INSERT INTO `fa_express` VALUES (10, '百世快递', 'huitongkuaidi');
INSERT INTO `fa_express` VALUES (11, '京东物流', 'jd');
INSERT INTO `fa_express` VALUES (12, 'EMS', 'ems');
INSERT INTO `fa_express` VALUES (13, '极兔速递', 'jtexpress');
INSERT INTO `fa_express` VALUES (14, '邮政标准快递', 'youzhengbk');
INSERT INTO `fa_express` VALUES (15, '德邦', 'debangwuliu');
INSERT INTO `fa_express` VALUES (16, '德邦快递', 'debangkuaidi');
INSERT INTO `fa_express` VALUES (17, '宅急送', 'zhaijisong');
INSERT INTO `fa_express` VALUES (18, '优速快递', 'youshuwuliu');
INSERT INTO `fa_express` VALUES (19, '圆通快运', 'yuantongkuaiyun');
INSERT INTO `fa_express` VALUES (20, '百世快运', 'baishiwuliu');
INSERT INTO `fa_express` VALUES (21, '众邮快递', 'zhongyouex');
INSERT INTO `fa_express` VALUES (22, '中通快运', 'zhongtongkuaiyun');
INSERT INTO `fa_express` VALUES (23, '中通国际', 'zhongtongguoji');
INSERT INTO `fa_express` VALUES (24, '安能快运', 'annengwuliu');
INSERT INTO `fa_express` VALUES (25, '顺丰快运', 'shunfengkuaiyun');
INSERT INTO `fa_express` VALUES (26, '丹鸟', 'danniao');
INSERT INTO `fa_express` VALUES (27, '韵达快运', 'yundakuaiyun');
INSERT INTO `fa_express` VALUES (28, 'UPS', 'ups');
INSERT INTO `fa_express` VALUES (29, 'DHL-中国件', 'dhl');
INSERT INTO `fa_express` VALUES (30, 'FedEx-国际件', 'fedex');
INSERT INTO `fa_express` VALUES (31, 'UPS-全球件', 'upsen');
INSERT INTO `fa_express` VALUES (32, 'D速快递', 'dsukuaidi');
INSERT INTO `fa_express` VALUES (33, '特急送', 'lntjs');
INSERT INTO `fa_express` VALUES (34, 'DHL-全球件', 'dhlen');
INSERT INTO `fa_express` VALUES (35, '国际包裹', 'youzhengguoji');
INSERT INTO `fa_express` VALUES (36, '安得物流', 'annto');
INSERT INTO `fa_express` VALUES (37, '跨越速运', 'kuayue');
INSERT INTO `fa_express` VALUES (38, 'USPS', 'usps');
INSERT INTO `fa_express` VALUES (39, '壹米滴答', 'yimidida');
INSERT INTO `fa_express` VALUES (40, '天天快递', 'tiantian');
INSERT INTO `fa_express` VALUES (41, '递四方', 'disifang');
INSERT INTO `fa_express` VALUES (42, '加运美', 'jiayunmeiwuliu');
INSERT INTO `fa_express` VALUES (43, 'YUN TRACK', 'yuntrack');
INSERT INTO `fa_express` VALUES (44, '九曳供应链', 'jiuyescm');
INSERT INTO `fa_express` VALUES (45, '京广速递', 'jinguangsudikuaijian');
INSERT INTO `fa_express` VALUES (46, '苏宁物流', 'suning');
INSERT INTO `fa_express` VALUES (47, '同城快寄', 'shpost');
INSERT INTO `fa_express` VALUES (48, '速尔快递', 'suer');
INSERT INTO `fa_express` VALUES (49, 'GLS', 'gls');
INSERT INTO `fa_express` VALUES (50, '信丰物流', 'xinfengwuliu');
INSERT INTO `fa_express` VALUES (51, 'EMS-国际件', 'emsguoji');
INSERT INTO `fa_express` VALUES (52, 'EMS包裹', 'emsbg');
INSERT INTO `fa_express` VALUES (53, '美快国际物流', 'meiquick');
INSERT INTO `fa_express` VALUES (54, '快捷速递', 'kuaijiesudi');
INSERT INTO `fa_express` VALUES (55, '顺心捷达', 'sxjdfreight');
INSERT INTO `fa_express` VALUES (56, '国通快递', 'guotongkuaidi');
INSERT INTO `fa_express` VALUES (57, 'EWE全球快递', 'ewe');
INSERT INTO `fa_express` VALUES (58, '日日顺物流', 'rrs');
INSERT INTO `fa_express` VALUES (59, '威盛快递', 'wherexpess');
INSERT INTO `fa_express` VALUES (60, '联昊通', 'lianhaowuliu');
INSERT INTO `fa_express` VALUES (61, 'Fedex-国际件-中文', 'fedexcn');
INSERT INTO `fa_express` VALUES (62, '芝麻开门', 'zhimakaimen');
INSERT INTO `fa_express` VALUES (63, '速腾快递', 'suteng');
INSERT INTO `fa_express` VALUES (64, '联合快递', 'gslhkd');
INSERT INTO `fa_express` VALUES (65, '申通国际', 'stosolution');
INSERT INTO `fa_express` VALUES (66, '日本（Japan Post）', 'japanposten');
INSERT INTO `fa_express` VALUES (67, '全峰快递', 'quanfengkuaidi');
INSERT INTO `fa_express` VALUES (68, '宇鑫物流', 'yuxinwuliu');
INSERT INTO `fa_express` VALUES (69, 'TNT', 'tnt');
INSERT INTO `fa_express` VALUES (70, '微特派', 'weitepai');
INSERT INTO `fa_express` VALUES (71, '汇森速运', 'huisenky');
INSERT INTO `fa_express` VALUES (72, '叁虎物流', 'sanhuwuliu');
INSERT INTO `fa_express` VALUES (73, '三态速递', 'santaisudi');
INSERT INTO `fa_express` VALUES (74, 'CJ物流', 'doortodoor');
INSERT INTO `fa_express` VALUES (75, '广东邮政', 'guangdongyouzhengwuliu');
INSERT INTO `fa_express` VALUES (76, '新顺丰（NSF）', 'nsf');
INSERT INTO `fa_express` VALUES (77, '中邮速递', 'wondersyd');
INSERT INTO `fa_express` VALUES (78, '中远e环球', 'cosco');
INSERT INTO `fa_express` VALUES (79, '燕文物流', 'yw56');
INSERT INTO `fa_express` VALUES (80, '联邦快递-英文', 'lianbangkuaidien');
INSERT INTO `fa_express` VALUES (81, '速必达', 'subida');
INSERT INTO `fa_express` VALUES (82, '中邮物流', 'zhongyouwuliu');
INSERT INTO `fa_express` VALUES (83, '平安达腾飞', 'pingandatengfei');
INSERT INTO `fa_express` VALUES (84, '如风达', 'rufengda');
INSERT INTO `fa_express` VALUES (85, '优邦速运', 'ubonex');
INSERT INTO `fa_express` VALUES (86, '联邦快递', 'lianbangkuaidi');
INSERT INTO `fa_express` VALUES (87, '天马迅达', 'tianma');
INSERT INTO `fa_express` VALUES (88, '程光快递', 'flyway');
INSERT INTO `fa_express` VALUES (89, '汇通天下物流', 'httx56');
INSERT INTO `fa_express` VALUES (90, '澳洲飞跃物流', 'rlgaus');
INSERT INTO `fa_express` VALUES (91, 'TNT-全球件', 'tnten');
INSERT INTO `fa_express` VALUES (92, '盛辉物流', 'shenghuiwuliu');
INSERT INTO `fa_express` VALUES (93, '龙邦速递', 'longbanwuliu');
INSERT INTO `fa_express` VALUES (94, 'EMS-国际件-英文', 'emsinten');
INSERT INTO `fa_express` VALUES (95, 'Xlobo贝海国际', 'xlobo');
INSERT INTO `fa_express` VALUES (96, '招金精炼', 'zhaojin');
INSERT INTO `fa_express` VALUES (97, '鑫正一快递', 'zhengyikuaidi');
INSERT INTO `fa_express` VALUES (98, '增益速递', 'zengyisudi');
INSERT INTO `fa_express` VALUES (99, '天地华宇', 'tiandihuayu');
INSERT INTO `fa_express` VALUES (100, '大马鹿', 'idamalu');
INSERT INTO `fa_express` VALUES (101, '中铁飞豹', 'zhongtiewuliu');
INSERT INTO `fa_express` VALUES (102, 'DPD', 'dpd');
INSERT INTO `fa_express` VALUES (103, '斑马物流', 'banma');
INSERT INTO `fa_express` VALUES (104, 'UBI Australia', 'gotoubi');
INSERT INTO `fa_express` VALUES (105, '澳邮中国快运', 'auexpress');
INSERT INTO `fa_express` VALUES (106, '无忧物流', 'aliexpress');
INSERT INTO `fa_express` VALUES (107, 'Highsince', 'highsince');
INSERT INTO `fa_express` VALUES (108, '澳大利亚(Australia Post)', 'auspost');
INSERT INTO `fa_express` VALUES (109, '泛捷国际速递', 'epanex');
INSERT INTO `fa_express` VALUES (110, '疯狂快递', 'crazyexpress');
INSERT INTO `fa_express` VALUES (111, '海信物流', 'savor');
INSERT INTO `fa_express` VALUES (112, '安信达', 'anxindakuaixi');
INSERT INTO `fa_express` VALUES (113, '卓志速运', 'chinaicip');
INSERT INTO `fa_express` VALUES (114, '速达通', 'sdto');
INSERT INTO `fa_express` VALUES (115, '转运四方', 'zhuanyunsifang');
INSERT INTO `fa_express` VALUES (116, '盛丰物流', 'sfwl');
INSERT INTO `fa_express` VALUES (117, 'Aramex', 'aramex');
INSERT INTO `fa_express` VALUES (118, '新杰物流', 'sunjex');
INSERT INTO `fa_express` VALUES (119, '安能快递', 'ane66');
INSERT INTO `fa_express` VALUES (120, '邦泰快运', 'btexpress');
INSERT INTO `fa_express` VALUES (121, '富腾达国际货运', 'ftd');
INSERT INTO `fa_express` VALUES (122, 'OCS', 'ocs');
INSERT INTO `fa_express` VALUES (123, '鼎润物流', 'la911');
INSERT INTO `fa_express` VALUES (124, '安迅物流', 'anxl');
INSERT INTO `fa_express` VALUES (125, '中铁快运', 'ztky');
INSERT INTO `fa_express` VALUES (126, '联合速运', 'unitedex');
INSERT INTO `fa_express` VALUES (127, '龙邦物流', 'lbex');
INSERT INTO `fa_express` VALUES (128, '转运中国', 'uszcn');
INSERT INTO `fa_express` VALUES (129, '京东快运', 'jingdongkuaiyun');
INSERT INTO `fa_express` VALUES (130, '新西兰（New Zealand Post）', 'newzealand');
INSERT INTO `fa_express` VALUES (131, '易客满', 'ecmscn');
INSERT INTO `fa_express` VALUES (132, '运通速运', 'yuntong');
INSERT INTO `fa_express` VALUES (133, 'Superb Express', 'superb');
INSERT INTO `fa_express` VALUES (134, '德坤物流', 'dekuncn');
INSERT INTO `fa_express` VALUES (135, '佳怡物流', 'jiayiwuliu');
INSERT INTO `fa_express` VALUES (136, '大田物流', 'datianwuliu');
INSERT INTO `fa_express` VALUES (137, '速通物流', 'sut56');
INSERT INTO `fa_express` VALUES (138, '方舟速递', 'arkexpress');
INSERT INTO `fa_express` VALUES (139, '极地快递', 'polarexpress');
INSERT INTO `fa_express` VALUES (140, '圆通国际', 'yuantongguoji');
INSERT INTO `fa_express` VALUES (141, '源安达', 'yuananda');
INSERT INTO `fa_express` VALUES (142, 'CNE', 'cnexps');
INSERT INTO `fa_express` VALUES (143, '苏通快运', 'zjstky');
INSERT INTO `fa_express` VALUES (144, '鸿泰物流', 'hnht56');
INSERT INTO `fa_express` VALUES (145, '比利时（Bpost）', 'bpost');
INSERT INTO `fa_express` VALUES (146, '美通', 'valueway');
INSERT INTO `fa_express` VALUES (147, 'COE', 'coe');
INSERT INTO `fa_express` VALUES (148, '成都立即送', 'lijisong');
INSERT INTO `fa_express` VALUES (149, '金岸物流', 'jinan');
INSERT INTO `fa_express` VALUES (150, 'TST速运通', 'tstexp');
INSERT INTO `fa_express` VALUES (151, '铁中快运', 'tzky');
INSERT INTO `fa_express` VALUES (152, '出口易', 'chukou1');
INSERT INTO `fa_express` VALUES (153, '中环快递', 'zhonghuan');
INSERT INTO `fa_express` VALUES (154, '宅急便', 'zhaijibian');
INSERT INTO `fa_express` VALUES (155, '快捷快物流', 'gdkjk56');
INSERT INTO `fa_express` VALUES (156, '商桥物流', 'shangqiao56');
INSERT INTO `fa_express` VALUES (157, '雪域易购', 'qhxyyg');
INSERT INTO `fa_express` VALUES (158, '优优速递', 'youyou');
INSERT INTO `fa_express` VALUES (159, 'Titan泰坦国际速递', 'timelytitan');
INSERT INTO `fa_express` VALUES (160, '景光物流', 'jgwl');
INSERT INTO `fa_express` VALUES (161, '世华通物流', 'szshihuatong56');
INSERT INTO `fa_express` VALUES (162, 'TNT Australia', 'tntau');
INSERT INTO `fa_express` VALUES (163, '黄马甲', 'huangmajia');
INSERT INTO `fa_express` VALUES (164, '环球速运', 'huanqiu');
INSERT INTO `fa_express` VALUES (165, '澳天速运', 'aotsd');
INSERT INTO `fa_express` VALUES (166, '邮邦国际', 'youban');
INSERT INTO `fa_express` VALUES (167, '速派快递', 'fastgoexpress');
INSERT INTO `fa_express` VALUES (168, '乌克兰邮政包裹', 'ukrpostcn');
INSERT INTO `fa_express` VALUES (169, 'AAE-中国件', 'aae');
INSERT INTO `fa_express` VALUES (170, '达发物流', 'dfwl');
INSERT INTO `fa_express` VALUES (171, '万象物流', 'wanxiangwuliu');
INSERT INTO `fa_express` VALUES (172, '安鲜达', 'exfresh');
INSERT INTO `fa_express` VALUES (173, '安达速递', 'adapost');
INSERT INTO `fa_express` VALUES (174, '皮牙子快递', 'bazirim');
INSERT INTO `fa_express` VALUES (175, '新元国际', 'xynyc');
INSERT INTO `fa_express` VALUES (176, '全联速运', 'guexp');
INSERT INTO `fa_express` VALUES (177, 'Austa国际速递', 'austa');
INSERT INTO `fa_express` VALUES (178, '百事亨通', 'bsht');
INSERT INTO `fa_express` VALUES (179, '中速快递', 'zhongsukuaidi');
INSERT INTO `fa_express` VALUES (180, '百福东方', 'baifudongfang');
INSERT INTO `fa_express` VALUES (181, 'YDH', 'ydhex');
INSERT INTO `fa_express` VALUES (182, '万家物流', 'wanjiawuliu');
INSERT INTO `fa_express` VALUES (183, '集先锋快递', 'jxfex');
INSERT INTO `fa_express` VALUES (184, '佐川急便', 'sagawa');
INSERT INTO `fa_express` VALUES (185, '长江国际速递', 'changjiang');
INSERT INTO `fa_express` VALUES (186, '易达通快递', 'qexpress');
INSERT INTO `fa_express` VALUES (187, '速递中国', 'sendtochina');
INSERT INTO `fa_express` VALUES (188, '中外运速递', 'zhongwaiyun');
INSERT INTO `fa_express` VALUES (189, '中国香港(HongKong Post)', 'hkpost');
INSERT INTO `fa_express` VALUES (190, '东方汇', 'est365');
INSERT INTO `fa_express` VALUES (191, '宏递快运', 'hd');
INSERT INTO `fa_express` VALUES (192, '中途速递', 'ztcce');
INSERT INTO `fa_express` VALUES (193, '恒路物流', 'hengluwuliu');
INSERT INTO `fa_express` VALUES (194, '加拿大(Canada Post)', 'canpost');
INSERT INTO `fa_express` VALUES (195, '泛远国际物流', 'farlogistis');
INSERT INTO `fa_express` VALUES (196, '亚洲顺物流', 'yzswuliu');
INSERT INTO `fa_express` VALUES (197, '合众速递(UCS）', 'ucs');
INSERT INTO `fa_express` VALUES (198, '易境达国际物流', 'uscbexpress');
INSERT INTO `fa_express` VALUES (199, '德国优拜物流', 'ubuy');
INSERT INTO `fa_express` VALUES (200, '丰通快运', 'ftky365');
INSERT INTO `fa_express` VALUES (201, '小飞侠速递', 'cyxfx');
INSERT INTO `fa_express` VALUES (202, 'EMS-英文', 'emsen');
INSERT INTO `fa_express` VALUES (203, '三真驿道', 'zlink');
INSERT INTO `fa_express` VALUES (204, '法国小包（colissimo）', 'colissimo');
INSERT INTO `fa_express` VALUES (205, 'airpak expresss', 'airpak');
INSERT INTO `fa_express` VALUES (206, 'City-Link', 'citylink');
INSERT INTO `fa_express` VALUES (207, 'EFS Post（平安快递）', 'efs');
INSERT INTO `fa_express` VALUES (208, 'LUCFLOW EXPRESS', 'longfx');
INSERT INTO `fa_express` VALUES (209, '考拉速递', 'koalaexp');
INSERT INTO `fa_express` VALUES (210, '荷兰邮政(PostNL international registered mail)', 'postnl');
INSERT INTO `fa_express` VALUES (211, '黑猫宅急便', 'tcat');
INSERT INTO `fa_express` VALUES (212, '嘉里大通', 'jialidatong');
INSERT INTO `fa_express` VALUES (213, 'DPEX', 'dpex');
INSERT INTO `fa_express` VALUES (214, '中翼国际物流', 'chnexp');
INSERT INTO `fa_express` VALUES (215, '蜜蜂速递', 'bee001');
INSERT INTO `fa_express` VALUES (216, '一速递', 'oneexpress');
INSERT INTO `fa_express` VALUES (217, '原飞航', 'yuanfeihangwuliu');
INSERT INTO `fa_express` VALUES (218, '星云速递', 'nebuex');
INSERT INTO `fa_express` VALUES (219, '捷克（?eská po?ta）', 'ceskaposta');
INSERT INTO `fa_express` VALUES (220, 'DHL-德国件（DHL Deutschland）', 'dhlde');
INSERT INTO `fa_express` VALUES (221, '瀚朝物流', 'hac56');
INSERT INTO `fa_express` VALUES (222, '锦程快递', 'hrex');
INSERT INTO `fa_express` VALUES (223, '佰麒快递', 'beckygo');
INSERT INTO `fa_express` VALUES (224, '华美快递', 'hmus');
INSERT INTO `fa_express` VALUES (225, '荷兰邮政-中文(PostNL international registered mail)', 'postnlcn');
INSERT INTO `fa_express` VALUES (226, '如家国际快递', 'homecourier');
INSERT INTO `fa_express` VALUES (227, '西班牙(Correos de Espa?a)', 'correosdees');
INSERT INTO `fa_express` VALUES (228, '合心速递', 'hexinexpress');
INSERT INTO `fa_express` VALUES (229, '德国(Deutsche Post)', 'deutschepost');
INSERT INTO `fa_express` VALUES (230, '百腾物流', 'baitengwuliu');
INSERT INTO `fa_express` VALUES (231, '顺丰-繁体', 'shunfenghk');
INSERT INTO `fa_express` VALUES (232, '泰国138国际物流', 'sd138');
INSERT INTO `fa_express` VALUES (233, '飞远配送', 'feiyuanvipshop');
INSERT INTO `fa_express` VALUES (234, '南方传媒物流', 'ndwl');
INSERT INTO `fa_express` VALUES (235, '聚盟共建', 'jumstc');
INSERT INTO `fa_express` VALUES (236, '法国(La Poste)', 'csuivi');
INSERT INTO `fa_express` VALUES (237, '行云物流', 'xyb2b');
INSERT INTO `fa_express` VALUES (238, '智通物流', 'ztong');
INSERT INTO `fa_express` VALUES (239, '中外运', 'esinotrans');
INSERT INTO `fa_express` VALUES (240, '佳吉快运', 'jiajiwuliu');
INSERT INTO `fa_express` VALUES (241, '荷兰邮政-中国件', 'postnlchina');
INSERT INTO `fa_express` VALUES (242, '一正达速运', 'yizhengdasuyun');
INSERT INTO `fa_express` VALUES (243, '诚和通', 'cht361');
INSERT INTO `fa_express` VALUES (244, '51跨境通', 'wykjt');
INSERT INTO `fa_express` VALUES (245, '美西快递', 'meixi');
INSERT INTO `fa_express` VALUES (246, '中集冷云', 'cccc58');
INSERT INTO `fa_express` VALUES (247, 'Hermes', 'hermes');
INSERT INTO `fa_express` VALUES (248, 'SYNSHIP快递', 'synship');
INSERT INTO `fa_express` VALUES (249, 'UEQ快递', 'ueq');
INSERT INTO `fa_express` VALUES (250, '安捷物流', 'anjie88');
INSERT INTO `fa_express` VALUES (251, '店通快递', 'diantongkuaidi');
INSERT INTO `fa_express` VALUES (252, '加拿大龙行速运', 'longcps');
INSERT INTO `fa_express` VALUES (253, '佳成快递 ', 'jiacheng');
INSERT INTO `fa_express` VALUES (254, '签收快递', 'signedexpress');
INSERT INTO `fa_express` VALUES (255, '城晓国际快递', 'ckeex');
INSERT INTO `fa_express` VALUES (256, '龙枫国际快递', 'lfexpress');
INSERT INTO `fa_express` VALUES (257, '泰国中通ZTO', 'thaizto');
INSERT INTO `fa_express` VALUES (258, '家家通快递', 'newsway');
INSERT INTO `fa_express` VALUES (259, 'Toll', 'dpexen');
INSERT INTO `fa_express` VALUES (260, '迅达速递', 'xdexpress');
INSERT INTO `fa_express` VALUES (261, 'PCA Express', 'pcaexpress');
INSERT INTO `fa_express` VALUES (262, '明通国际快递', 'tnjex');
INSERT INTO `fa_express` VALUES (263, '富吉速运', 'fujisuyun');
INSERT INTO `fa_express` VALUES (264, '澳德物流', 'auod');
INSERT INTO `fa_express` VALUES (265, '7号速递', 'express7th');
INSERT INTO `fa_express` VALUES (266, '迅速快递', 'xunsuexpress');
INSERT INTO `fa_express` VALUES (267, '飞洋快递', 'shipgce');
INSERT INTO `fa_express` VALUES (268, '全速物流', 'quansu');
INSERT INTO `fa_express` VALUES (269, '久久物流', 'jiujiuwl');
INSERT INTO `fa_express` VALUES (270, '海带宝', 'haidaibao');
INSERT INTO `fa_express` VALUES (271, '直德邮', 'zdepost');
INSERT INTO `fa_express` VALUES (272, '御风速运', 'yufeng');
INSERT INTO `fa_express` VALUES (273, 'Canpar', 'canpar');
INSERT INTO `fa_express` VALUES (274, 'E速达', 'exsuda');
INSERT INTO `fa_express` VALUES (275, '瑞士(Swiss Post)', 'swisspost');
INSERT INTO `fa_express` VALUES (276, 'Asendia USA', 'asendiausa');
INSERT INTO `fa_express` VALUES (277, '八达通', 'bdatong');
INSERT INTO `fa_express` VALUES (278, '商壹国际物流', 'com1express');
INSERT INTO `fa_express` VALUES (279, '意大利(Poste Italiane)', 'italiane');
INSERT INTO `fa_express` VALUES (280, '美国申通', 'stoexpress');
INSERT INTO `fa_express` VALUES (281, '运通中港快递', 'ytkd');
INSERT INTO `fa_express` VALUES (282, '顺达快递', 'sundarexpress');
INSERT INTO `fa_express` VALUES (283, '运通中港', 'yuntongkuaidi');
INSERT INTO `fa_express` VALUES (284, '优速通达', 'yousutongda');
INSERT INTO `fa_express` VALUES (285, '台湾（中华邮政）', 'postserv');
INSERT INTO `fa_express` VALUES (286, '递达速运', 'didasuyun');
INSERT INTO `fa_express` VALUES (287, '秦邦快运', 'qbexpress');
INSERT INTO `fa_express` VALUES (288, '日本郵便', 'japanpost');
INSERT INTO `fa_express` VALUES (289, 'wedepot物流', 'wedepot');
INSERT INTO `fa_express` VALUES (290, '英国大包、EMS（Parcel Force）', 'parcelforce');
INSERT INTO `fa_express` VALUES (291, '耀飞同城快递', 'yaofeikuaidi');
INSERT INTO `fa_express` VALUES (292, '尚橙物流', 'shangcheng');
INSERT INTO `fa_express` VALUES (293, '时达通', 'jssdt56');
INSERT INTO `fa_express` VALUES (294, 'DHL Benelux', 'dhlbenelux');
INSERT INTO `fa_express` VALUES (295, 'Gati-中文', 'gaticn');
INSERT INTO `fa_express` VALUES (296, '汇达物流', 'hdcexpress');
INSERT INTO `fa_express` VALUES (297, '飞豹快递', 'feibaokuaidi');
INSERT INTO `fa_express` VALUES (298, '顺捷美中速递', 'passerbyaexpress');
INSERT INTO `fa_express` VALUES (299, '全一快递', 'quanyikuaidi');
INSERT INTO `fa_express` VALUES (300, '喀麦隆(CAMPOST)', 'cameroon');
INSERT INTO `fa_express` VALUES (301, '西翼物流', 'westwing');
INSERT INTO `fa_express` VALUES (302, '新喀里多尼亚[法国](New Caledonia)', 'caledonia');
INSERT INTO `fa_express` VALUES (303, '递五方云仓', 'di5pll');
INSERT INTO `fa_express` VALUES (304, '能达速递', 'ganzhongnengda');
INSERT INTO `fa_express` VALUES (305, '全时速运', 'runhengfeng');
INSERT INTO `fa_express` VALUES (306, '瑞典（Sweden Post）', 'ruidianyouzheng');
INSERT INTO `fa_express` VALUES (307, '友家速递', 'youjia');
INSERT INTO `fa_express` VALUES (308, '洋包裹', 'yangbaoguo');
INSERT INTO `fa_express` VALUES (309, '卡塔尔（Qatar Post）', 'qpost');
INSERT INTO `fa_express` VALUES (310, '亚风速递', 'yafengsudi');
INSERT INTO `fa_express` VALUES (311, '宇佳物流', 'yujiawl');
INSERT INTO `fa_express` VALUES (312, '上海缤纷物流', 'bflg');
INSERT INTO `fa_express` VALUES (313, 'CHS中环国际快递', 'chszhonghuanguoji');
INSERT INTO `fa_express` VALUES (314, 'FedEx-美国件', 'fedexus');
INSERT INTO `fa_express` VALUES (315, '品骏快递', 'pjbest');
INSERT INTO `fa_express` VALUES (316, '春风物流', 'spring56');
INSERT INTO `fa_express` VALUES (317, '一智通', '1ziton');
INSERT INTO `fa_express` VALUES (318, 'JDIEX', 'jdiex');
INSERT INTO `fa_express` VALUES (319, 'TRAKPAK', 'trakpak');
INSERT INTO `fa_express` VALUES (320, 'TransRush', 'transrush');
INSERT INTO `fa_express` VALUES (321, '易达通', 'yidatong');
INSERT INTO `fa_express` VALUES (322, '明达国际速递', 'tmwexpress');
INSERT INTO `fa_express` VALUES (323, '速舟物流', 'cnspeedster');
INSERT INTO `fa_express` VALUES (324, '传喜物流', 'chuanxiwuliu');
INSERT INTO `fa_express` VALUES (325, '上大物流', 'shangda');
INSERT INTO `fa_express` VALUES (326, '顺捷达', 'shunjieda');
INSERT INTO `fa_express` VALUES (327, '飞快达', 'feikuaida');
INSERT INTO `fa_express` VALUES (328, '欧亚专线', 'euasia');
INSERT INTO `fa_express` VALUES (329, '远成快运', 'ycgky');
INSERT INTO `fa_express` VALUES (330, '佳吉快递', 'jiajikuaidi');
INSERT INTO `fa_express` VALUES (331, '配思货运', 'peisihuoyunkuaidi');
INSERT INTO `fa_express` VALUES (332, '黑猫速运', 'heimao56');
INSERT INTO `fa_express` VALUES (333, '好来运', 'hlyex');
INSERT INTO `fa_express` VALUES (334, '新加坡小包(Singapore Post)', 'singpost');
INSERT INTO `fa_express` VALUES (335, '陆本速递 LUBEN EXPRESS', 'luben');
INSERT INTO `fa_express` VALUES (336, '马来西亚小包（Malaysia Post(Registered)）', 'malaysiapost');
INSERT INTO `fa_express` VALUES (337, '聚鼎物流', 'juding');
INSERT INTO `fa_express` VALUES (338, '大洋物流', 'dayangwuliu');
INSERT INTO `fa_express` VALUES (339, '晟邦物流', 'nanjingshengbang');
INSERT INTO `fa_express` VALUES (340, '淘布斯国际物流', 'taoplus');
INSERT INTO `fa_express` VALUES (341, 'CNPEX中邮快递', 'cnpex');
INSERT INTO `fa_express` VALUES (342, '飞力士物流', 'flysman');
INSERT INTO `fa_express` VALUES (343, '急先达', 'jixianda');
INSERT INTO `fa_express` VALUES (344, '浩博物流', 'njhaobo');
INSERT INTO `fa_express` VALUES (345, '安世通快递', 'astexpress');
INSERT INTO `fa_express` VALUES (346, '宜送物流', 'yiex');
INSERT INTO `fa_express` VALUES (347, '捷安达', 'jieanda');
INSERT INTO `fa_express` VALUES (348, '韩国（Korea Post）', 'koreapost');
INSERT INTO `fa_express` VALUES (349, '韩国邮政', 'koreapostcn');
INSERT INTO `fa_express` VALUES (350, '永昌物流', 'yongchangwuliu');
INSERT INTO `fa_express` VALUES (351, '西游寄', 'xiyoug');
INSERT INTO `fa_express` VALUES (352, '英超物流', 'yingchao');
INSERT INTO `fa_express` VALUES (353, '尼尔快递', 'nell');
INSERT INTO `fa_express` VALUES (354, '中融泰隆', 'zrtl');
INSERT INTO `fa_express` VALUES (355, '贝业物流', 'boyol');
INSERT INTO `fa_express` VALUES (356, '飞康达', 'feikangda');
INSERT INTO `fa_express` VALUES (357, '印度(India Post)', 'india');
INSERT INTO `fa_express` VALUES (358, '秦远物流', 'qinyuan');
INSERT INTO `fa_express` VALUES (359, 'rpx', 'rpx');
INSERT INTO `fa_express` VALUES (360, '明大快递', 'adaexpress');
INSERT INTO `fa_express` VALUES (361, '顺通快递', 'stkd');
INSERT INTO `fa_express` VALUES (362, '天天欧洲物流', 'ttkeurope');
INSERT INTO `fa_express` VALUES (363, '承诺达', 'ytchengnuoda');
INSERT INTO `fa_express` VALUES (364, 'EMS物流', 'emswuliu');
INSERT INTO `fa_express` VALUES (365, '科捷物流', 'kejie');
INSERT INTO `fa_express` VALUES (366, '6LS EXPRESS', 'lsexpress');
INSERT INTO `fa_express` VALUES (367, 'MoreLink', 'morelink56');
INSERT INTO `fa_express` VALUES (368, '鹏远国际速递', 'pengyuanexpress');
INSERT INTO `fa_express` VALUES (369, '威时沛运货运', 'wtdchina');
INSERT INTO `fa_express` VALUES (370, '创一快递', 'chuangyi');
INSERT INTO `fa_express` VALUES (371, '老司机国际快递', 'driverfastgo');
INSERT INTO `fa_express` VALUES (372, '澳州顺风快递', 'emms');
INSERT INTO `fa_express` VALUES (373, '货运皇', 'kingfreight');
INSERT INTO `fa_express` VALUES (374, '新西兰中通', 'nzzto');
INSERT INTO `fa_express` VALUES (375, '荷兰包裹(PostNL International Parcels)', 'postnlpacle');
INSERT INTO `fa_express` VALUES (376, '远成物流', 'yuanchengwuliu');
INSERT INTO `fa_express` VALUES (377, '玥玛速运', 'yue777');
INSERT INTO `fa_express` VALUES (378, '百通物流', 'buytong');
INSERT INTO `fa_express` VALUES (379, '维普恩物流', 'vps');
INSERT INTO `fa_express` VALUES (380, '洋口岸', 'ykouan');
INSERT INTO `fa_express` VALUES (381, '泰捷达国际物流', 'ztjieda');
INSERT INTO `fa_express` VALUES (382, 'BHT', 'bht');
INSERT INTO `fa_express` VALUES (383, '递四方澳洲', 'disifangau');
INSERT INTO `fa_express` VALUES (384, '泰国（Thailand Thai Post）', 'thailand');
INSERT INTO `fa_express` VALUES (385, '五六快运', 'wuliuky');
INSERT INTO `fa_express` VALUES (386, '爱尔兰(An Post)', 'anposten');
INSERT INTO `fa_express` VALUES (387, '阿森迪亚', 'asendia');
INSERT INTO `fa_express` VALUES (388, '嘉里大荣物流', 'kerrytj');
INSERT INTO `fa_express` VALUES (389, '猛犸速递', 'mmlogi');
INSERT INTO `fa_express` VALUES (390, '云达通', 'ydglobe');
INSERT INTO `fa_express` VALUES (391, '中天万运', 'zhongtianwanyun');
INSERT INTO `fa_express` VALUES (392, 'GSM', 'gsm');
INSERT INTO `fa_express` VALUES (393, '中国香港(HongKong Post)英文', 'hkposten');
INSERT INTO `fa_express` VALUES (394, 'Newgistics', 'newgistics');
INSERT INTO `fa_express` VALUES (395, 'Toll Priority(Toll Online)', 'tollpriority');
INSERT INTO `fa_express` VALUES (396, '优海国际速递', 'uhi');
INSERT INTO `fa_express` VALUES (397, '北京EMS', 'bjemstckj');
INSERT INTO `fa_express` VALUES (398, 'CCES/国通快递', 'cces');
INSERT INTO `fa_express` VALUES (399, '河北橙配', 'chengpei');
INSERT INTO `fa_express` VALUES (400, '民航快递', 'minghangkuaidi');
INSERT INTO `fa_express` VALUES (401, '武汉优进汇', 'yjhgo');
INSERT INTO `fa_express` VALUES (402, '永邦国际物流', 'yongbangwuliu');
INSERT INTO `fa_express` VALUES (403, '中粮鲜到家物流', 'zlxdjwl');
INSERT INTO `fa_express` VALUES (404, '中联速递', 'auvanda');
INSERT INTO `fa_express` VALUES (405, '邦送物流', 'bangsongwuliu');
INSERT INTO `fa_express` VALUES (406, '奔腾物流', 'benteng');
INSERT INTO `fa_express` VALUES (407, '上海航瑞货运', 'hangrui');
INSERT INTO `fa_express` VALUES (408, '极光转运', 'jiguang');
INSERT INTO `fa_express` VALUES (409, '快达物流', 'kuaidawuliu');
INSERT INTO `fa_express` VALUES (410, '一起送', 'yiqisong');
INSERT INTO `fa_express` VALUES (411, '百世云配', 'baishiyp');
INSERT INTO `fa_express` VALUES (412, '锋鸟物流', 'beebird');
INSERT INTO `fa_express` VALUES (413, 'GTS快递', 'gts');
INSERT INTO `fa_express` VALUES (414, '魔速达', 'mosuda');
INSERT INTO `fa_express` VALUES (415, '丹麦(Post Denmark)', 'postdanmarken');
INSERT INTO `fa_express` VALUES (416, '深圳邮政', 'szyouzheng');
INSERT INTO `fa_express` VALUES (417, '天翼快递', 'tykd');
INSERT INTO `fa_express` VALUES (418, '创运物流', 'zjcy56');
INSERT INTO `fa_express` VALUES (419, '华欣物流', 'chinastarlogistics');
INSERT INTO `fa_express` VALUES (420, 'E通速递', 'etong');
INSERT INTO `fa_express` VALUES (421, '海红网送', 'haihongwangsong');
INSERT INTO `fa_express` VALUES (422, '汇强快递', 'huiqiangkuaidi');
INSERT INTO `fa_express` VALUES (423, 'Landmark Global', 'landmarkglobal');
INSERT INTO `fa_express` VALUES (424, '美国快递', 'meiguokuaidi');
INSERT INTO `fa_express` VALUES (425, 'Purolator', 'purolator');
INSERT INTO `fa_express` VALUES (426, '宇捷通', 'yujtong');
INSERT INTO `fa_express` VALUES (427, 'A2U速递', 'a2u');
INSERT INTO `fa_express` VALUES (428, '7E速递', 'qesd');
INSERT INTO `fa_express` VALUES (429, '三志物流', 'sanzhi56');
INSERT INTO `fa_express` VALUES (430, '泰实货运', 'tjkjwl');
INSERT INTO `fa_express` VALUES (431, '黑猫同城送', 'ynztsy');
INSERT INTO `fa_express` VALUES (432, '雅澳物流', 'yourscm');
INSERT INTO `fa_express` VALUES (433, '阿塞拜疆EMS(EMS AzerExpressPost)', 'azerbaijan');
INSERT INTO `fa_express` VALUES (434, 'EASY EXPRESS', 'easyexpress');
INSERT INTO `fa_express` VALUES (435, '爱拜物流', 'ibuy8');
INSERT INTO `fa_express` VALUES (436, '恒通快递', 'lqht');
INSERT INTO `fa_express` VALUES (437, '圣安物流', 'shenganwuliu');
INSERT INTO `fa_express` VALUES (438, '准实快运', 'zsky123');
INSERT INTO `fa_express` VALUES (439, '中邮电商', 'chinapostcb');
INSERT INTO `fa_express` VALUES (440, '澳通华人物流', 'cllexpress');
INSERT INTO `fa_express` VALUES (441, '凡宇快递', 'fanyukuaidi');
INSERT INTO `fa_express` VALUES (442, '全速快递', 'fsexp');
INSERT INTO `fa_express` VALUES (443, '德尚国际速递', 'gslexpress');
INSERT INTO `fa_express` VALUES (444, '贵州星程快递', 'gzxingcheng');
INSERT INTO `fa_express` VALUES (445, '匈牙利（Magyar Posta）', 'hungary');
INSERT INTO `fa_express` VALUES (446, '牙买加（Jamaica Post）', 'jamaicapost');
INSERT INTO `fa_express` VALUES (447, '佳辰国际速递', 'jiachenexpress');
INSERT INTO `fa_express` VALUES (448, 'LaserShip', 'lasership');
INSERT INTO `fa_express` VALUES (449, '丰程物流', 'sccod');
INSERT INTO `fa_express` VALUES (450, '中运全速', 'topspeedex');
INSERT INTO `fa_express` VALUES (451, '全球快运', 'abcglobal');
INSERT INTO `fa_express` VALUES (452, 'ABF', 'abf');
INSERT INTO `fa_express` VALUES (453, '心怡物流', 'alog');
INSERT INTO `fa_express` VALUES (454, 'CNAIR', 'cnair');
INSERT INTO `fa_express` VALUES (455, '深圳德创物流', 'dechuangwuliu');
INSERT INTO `fa_express` VALUES (456, '东风快递', 'dfkuaidi');
INSERT INTO `fa_express` VALUES (457, 'dhl小包', 'dhlecommerce');
INSERT INTO `fa_express` VALUES (458, '成都东骏物流', 'dongjun');
INSERT INTO `fa_express` VALUES (459, '龙象国际物流', 'edragon');
INSERT INTO `fa_express` VALUES (460, '飞邦快递', 'fbkd');
INSERT INTO `fa_express` VALUES (461, '共速达', 'gongsuda');
INSERT INTO `fa_express` VALUES (462, '急递', 'jdpplus');
INSERT INTO `fa_express` VALUES (463, '捷邦物流', 'jieborne');
INSERT INTO `fa_express` VALUES (464, '吉捷国际速递', 'luckyfastex');
INSERT INTO `fa_express` VALUES (465, '全川物流', 'quanchuan56');
INSERT INTO `fa_express` VALUES (466, '顺捷丰达', 'shunjiefengda');
INSERT INTO `fa_express` VALUES (467, '伍圆速递', 'wuyuansudi');
INSERT INTO `fa_express` VALUES (468, '元智捷诚', 'yuanzhijiecheng');
INSERT INTO `fa_express` VALUES (469, '美国云达', 'yundaexus');
INSERT INTO `fa_express` VALUES (470, '中骅物流', 'chunghwa56');
INSERT INTO `fa_express` VALUES (471, 'Fastway Ireland', 'fastway');
INSERT INTO `fa_express` VALUES (472, '华瀚快递', 'hhair56');
INSERT INTO `fa_express` VALUES (473, '飞豹速递', 'hkeex');
INSERT INTO `fa_express` VALUES (474, '红远物流', 'hongywl');
INSERT INTO `fa_express` VALUES (475, '民邦速递', 'minbangsudi');
INSERT INTO `fa_express` VALUES (476, '英国邮政大包EMS', 'parcelforcecn');
INSERT INTO `fa_express` VALUES (477, '全日通', 'quanritongkuaidi');
INSERT INTO `fa_express` VALUES (478, '人人转运', 'renrenex');
INSERT INTO `fa_express` VALUES (479, '日昱物流', 'riyuwuliu');
INSERT INTO `fa_express` VALUES (480, '日日顺快线', 'rrskx');
INSERT INTO `fa_express` VALUES (481, '林道国际快递', 'shlindao');
INSERT INTO `fa_express` VALUES (482, '鑫远东速运', 'xyd666');
INSERT INTO `fa_express` VALUES (483, '亚马逊中国', 'yamaxunwuliu');
INSERT INTO `fa_express` VALUES (484, '韵丰物流', 'yunfeng56');
INSERT INTO `fa_express` VALUES (485, '转瞬达集运', 'zsda56');
INSERT INTO `fa_express` VALUES (486, '长宇物流', 'changyuwuliu');
INSERT INTO `fa_express` VALUES (487, 'DPD Germany', 'dpdgermany');
INSERT INTO `fa_express` VALUES (488, '易邮国际', 'euguoji');
INSERT INTO `fa_express` VALUES (489, '可可树美中速运', 'excocotree');
INSERT INTO `fa_express` VALUES (490, '安的快递', 'gda');
INSERT INTO `fa_express` VALUES (491, '天天快物流', 'guoeryue');
INSERT INTO `fa_express` VALUES (492, '顺时达物流', 'hnssd56');
INSERT INTO `fa_express` VALUES (493, '楽道物流', 'ledaowuliu');
INSERT INTO `fa_express` VALUES (494, '一号仓', 'onehcang');
INSERT INTO `fa_express` VALUES (495, '闪货极速达', 'shanhuodidi');
INSERT INTO `fa_express` VALUES (496, '速风快递', 'sufengkuaidi');
INSERT INTO `fa_express` VALUES (497, '远为快递', 'ywexpress');
INSERT INTO `fa_express` VALUES (498, 'ZTE中兴物流', 'zteexpress');
INSERT INTO `fa_express` VALUES (499, '安达信', 'advancing');
INSERT INTO `fa_express` VALUES (500, '帮帮发', 'bangbangpost');
INSERT INTO `fa_express` VALUES (501, '比利时国际(Bpost international)', 'bpostinter');
INSERT INTO `fa_express` VALUES (502, '哥斯达黎加(Correos de Costa Rica)', 'correos');
INSERT INTO `fa_express` VALUES (503, '颿达国际快递', 'fardarww');
INSERT INTO `fa_express` VALUES (504, '高捷快运', 'goldjet');
INSERT INTO `fa_express` VALUES (505, '中国香港环球快运', 'huanqiuabc');
INSERT INTO `fa_express` VALUES (506, '恒宇运通', 'hyytes');
INSERT INTO `fa_express` VALUES (507, '四川星程快递', 'scxingcheng');
INSERT INTO `fa_express` VALUES (508, '曹操到', 'sfpost');
INSERT INTO `fa_express` VALUES (509, '新速航', 'sunspeedy');
INSERT INTO `fa_express` VALUES (510, '万家康物流', 'wjkwl');
INSERT INTO `fa_express` VALUES (511, '三三国际物流', 'zenzen');
INSERT INTO `fa_express` VALUES (512, '志腾物流', 'zhitengwuliu');
INSERT INTO `fa_express` VALUES (513, 'ADP国际快递', 'adp');
INSERT INTO `fa_express` VALUES (514, '艾瑞斯远', 'ariesfar');
INSERT INTO `fa_express` VALUES (515, '比利时(Belgium Post)', 'belgiumpost');
INSERT INTO `fa_express` VALUES (516, 'CE易欧通国际速递', 'cloudexpress');
INSERT INTO `fa_express` VALUES (517, '日日顺智慧物联', 'gooday365');
INSERT INTO `fa_express` VALUES (518, '广通速递', 'gtongsudi');
INSERT INTO `fa_express` VALUES (519, '云邮跨境快递', 'hkems');
INSERT INTO `fa_express` VALUES (520, '环东物流', 'huandonglg');
INSERT INTO `fa_express` VALUES (521, '骏达快递', 'jdexpressusa');
INSERT INTO `fa_express` VALUES (522, '骏丰国际速递', 'junfengguoji');
INSERT INTO `fa_express` VALUES (523, '考拉国际速递', 'kaolaexpress');
INSERT INTO `fa_express` VALUES (524, '柬埔寨中通', 'khzto');
INSERT INTO `fa_express` VALUES (525, '拉脱维亚(Latvijas Pasts)', 'latvia');
INSERT INTO `fa_express` VALUES (526, '马来西亚大包、EMS（Malaysia Post(parcel,EMS)）', 'malaysiaems');
INSERT INTO `fa_express` VALUES (527, '皇家物流', 'pfcexpress');
INSERT INTO `fa_express` VALUES (528, '千顺快递', 'qskdyxgs');
INSERT INTO `fa_express` VALUES (529, '全际通', 'quanjitong');
INSERT INTO `fa_express` VALUES (530, '全速通', 'quansutong');
INSERT INTO `fa_express` VALUES (531, '荣庆物流', 'rokin');
INSERT INTO `fa_express` VALUES (532, '赛澳递', 'saiaodi');
INSERT INTO `fa_express` VALUES (533, '速呈', 'sczpds');
INSERT INTO `fa_express` VALUES (534, '中外运速递-中文', 'sinoex');
INSERT INTO `fa_express` VALUES (535, '首通快运', 'staky');
INSERT INTO `fa_express` VALUES (536, '穗佳物流', 'suijiawuliu');
INSERT INTO `fa_express` VALUES (537, 'TCXB国际物流', 'tcxbthai');
INSERT INTO `fa_express` VALUES (538, 'track-parcel', 'trackparcel');
INSERT INTO `fa_express` VALUES (539, '乌克兰小包、大包(UkrPost)', 'ukrpost');
INSERT INTO `fa_express` VALUES (540, '远盾物流', 'yuandun');
INSERT INTO `fa_express` VALUES (541, '越丰物流', 'yuefengwuliu');
INSERT INTO `fa_express` VALUES (542, '增速跨境 ', 'zyzoom');
INSERT INTO `fa_express` VALUES (543, '阿尔巴尼亚(Posta shqipatre)', 'albania');
INSERT INTO `fa_express` VALUES (544, '亚马逊中国订单', 'amazoncnorder');
INSERT INTO `fa_express` VALUES (545, '青岛安捷快递', 'anjiekuaidi');
INSERT INTO `fa_express` VALUES (546, '澳世速递', 'ausexpress');
INSERT INTO `fa_express` VALUES (547, '保加利亚（Bulgarian Posts）', 'bulgarian');
INSERT INTO `fa_express` VALUES (548, '河南次晨达', 'ccd');
INSERT INTO `fa_express` VALUES (549, '鑫宸物流', 'cdxinchen56');
INSERT INTO `fa_express` VALUES (550, '递四方美国', 'disifangus');
INSERT INTO `fa_express` VALUES (551, '东方航空物流', 'ealceair');
INSERT INTO `fa_express` VALUES (552, 'e直运', 'edtexpress');
INSERT INTO `fa_express` VALUES (553, '艾菲尔国际速递', 'eiffel');
INSERT INTO `fa_express` VALUES (554, '阿联酋(Emirates Post)', 'emirates');
INSERT INTO `fa_express` VALUES (555, '易优包裹', 'eupackage');
INSERT INTO `fa_express` VALUES (556, '斐济(Fiji Post)', 'fiji');
INSERT INTO `fa_express` VALUES (557, '海外环球', 'haiwaihuanqiu');
INSERT INTO `fa_express` VALUES (558, '大达物流', 'idada');
INSERT INTO `fa_express` VALUES (559, '景顺物流', 'jingshun');
INSERT INTO `fa_express` VALUES (560, '联合速递', 'lhexpressus');
INSERT INTO `fa_express` VALUES (561, '墨西哥（Correos de Mexico）', 'mexico');
INSERT INTO `fa_express` VALUES (562, '明亮物流', 'mingliangwuliu');
INSERT INTO `fa_express` VALUES (563, '腾达速递', 'nntengda');
INSERT INTO `fa_express` VALUES (564, '北极星快运', 'polarisexpress');
INSERT INTO `fa_express` VALUES (565, 'Quantium', 'quantium');
INSERT INTO `fa_express` VALUES (566, '叙利亚(Syrian Post)', 'republic');
INSERT INTO `fa_express` VALUES (567, '十方通物流', 'sfift');
INSERT INTO `fa_express` VALUES (568, '斯洛文尼亚(Slovenia Post)', 'slovenia');
INSERT INTO `fa_express` VALUES (569, 'TNT Post', 'tntpostcn');
INSERT INTO `fa_express` VALUES (570, '祥龙运通物流', 'xianglongyuntong');
INSERT INTO `fa_express` VALUES (571, '易欧洲国际物流', 'yiouzhou');
INSERT INTO `fa_express` VALUES (572, '壹品速递', 'ypsd');
INSERT INTO `fa_express` VALUES (573, '中环转运', 'zhonghuanus');
INSERT INTO `fa_express` VALUES (574, '卓实快运', 'zhuoshikuaiyun');
INSERT INTO `fa_express` VALUES (575, '振捷国际货运', 'zjgj56');
INSERT INTO `fa_express` VALUES (576, '阿富汗(Afghan Post)', 'afghan');
INSERT INTO `fa_express` VALUES (577, '加拿大民航快递', 'airgtc');
INSERT INTO `fa_express` VALUES (578, '捷记方舟', 'ajexpress');
INSERT INTO `fa_express` VALUES (579, 'AOL澳通速递', 'aolau');
INSERT INTO `fa_express` VALUES (580, '奥地利(Austrian Post)', 'austria');
INSERT INTO `fa_express` VALUES (581, '白俄罗斯(Belpochta)', 'belpost');
INSERT INTO `fa_express` VALUES (582, '青云物流', 'bjqywl');
INSERT INTO `fa_express` VALUES (583, '加拿大邮政', 'canpostfr');
INSERT INTO `fa_express` VALUES (584, '昌宇国际', 'changwooair');
INSERT INTO `fa_express` VALUES (585, 'SQK国际速递', 'chinasqk');
INSERT INTO `fa_express` VALUES (586, '同舟行物流', 'chinatzx');
INSERT INTO `fa_express` VALUES (587, '城市映急', 'city56');
INSERT INTO `fa_express` VALUES (588, '大韩通运', 'cjkoreaexpress');
INSERT INTO `fa_express` VALUES (589, '长吉物流', 'cjqy');
INSERT INTO `fa_express` VALUES (590, 'C&C国际速递', 'cncexp');
INSERT INTO `fa_express` VALUES (591, '哥伦比亚(4-72 La Red Postal de Colombia)', 'colombia');
INSERT INTO `fa_express` VALUES (592, '华中快递', 'cpsair');
INSERT INTO `fa_express` VALUES (593, '云南诚中物流', 'czwlyn');
INSERT INTO `fa_express` VALUES (594, '丹递56', 'dande56');
INSERT INTO `fa_express` VALUES (595, '东瀚物流', 'donghanwl');
INSERT INTO `fa_express` VALUES (596, 'ECMS Express', 'ecmsglobal');
INSERT INTO `fa_express` VALUES (597, '埃及（Egypt Post）', 'egypt');
INSERT INTO `fa_express` VALUES (598, '加拿大联通快运', 'fastontime');
INSERT INTO `fa_express` VALUES (599, 'FOX国际快递', 'fox');
INSERT INTO `fa_express` VALUES (600, '环创物流', 'ghl');
INSERT INTO `fa_express` VALUES (601, '广东通路', 'guangdongtonglu');
INSERT INTO `fa_express` VALUES (602, '广州安能聚创物流', 'gzanjcwl');
INSERT INTO `fa_express` VALUES (603, '海盟速递', 'haimengsudi');
INSERT INTO `fa_express` VALUES (604, '飞鹰物流', 'hnfy');
INSERT INTO `fa_express` VALUES (605, '红背心', 'hongbeixin');
INSERT INTO `fa_express` VALUES (606, '海派国际速递', 'hpexpress');
INSERT INTO `fa_express` VALUES (607, '华通快运', 'htongexpress');
INSERT INTO `fa_express` VALUES (608, '华企快运', 'huaqikuaiyun');
INSERT INTO `fa_express` VALUES (609, '嘉诚速达', 'jcsuda');
INSERT INTO `fa_express` VALUES (610, '加佳物流', 'jiajiawl');
INSERT INTO `fa_express` VALUES (611, '加州猫速递', 'jiazhoumao');
INSERT INTO `fa_express` VALUES (612, '佳捷翔物流', 'jjx888');
INSERT INTO `fa_express` VALUES (613, 'KCS', 'kcs');
INSERT INTO `fa_express` VALUES (614, '淘韩国际快递', 'krtao');
INSERT INTO `fa_express` VALUES (615, '云豹国际货运', 'leopard');
INSERT INTO `fa_express` VALUES (616, 'LWE', 'lwe');
INSERT INTO `fa_express` VALUES (617, '中国澳门(Macau Post)', 'macao');
INSERT INTO `fa_express` VALUES (618, '毛里求斯(Mauritius Post)', 'mauritius');
INSERT INTO `fa_express` VALUES (619, '澳洲迈速快递', 'maxeedexpress');
INSERT INTO `fa_express` VALUES (620, '荷兰速递(Nederland Post)', 'nederlandpost');
INSERT INTO `fa_express` VALUES (621, '巴拉圭(Correo Paraguayo)', 'paraguay');
INSERT INTO `fa_express` VALUES (622, '龙行天下', 'pmt0704be');
INSERT INTO `fa_express` VALUES (623, '俄罗斯邮政(Russian Post)', 'pochta');
INSERT INTO `fa_express` VALUES (624, '坦桑尼亚（Tanzania Posts Corporation）', 'posta');
INSERT INTO `fa_express` VALUES (625, '赛澳递for买卖宝', 'saiaodimmb');
INSERT INTO `fa_express` VALUES (626, 'wish邮', 'shpostwish');
INSERT INTO `fa_express` VALUES (627, '中外运空运', 'sinoairinex');
INSERT INTO `fa_express` VALUES (628, '嗖一下同城快递', 'sofast56');
INSERT INTO `fa_express` VALUES (629, '新加坡EMS、大包(Singapore Speedpost)', 'speedpost');
INSERT INTO `fa_express` VALUES (630, '速豹', 'subaoex');
INSERT INTO `fa_express` VALUES (631, '红马甲物流', 'sxhongmajia');
INSERT INTO `fa_express` VALUES (632, '联运通物流', 'szuem');
INSERT INTO `fa_express` VALUES (633, '天纵物流', 'tianzong');
INSERT INTO `fa_express` VALUES (634, '豌豆物流', 'wandougongzhu');
INSERT INTO `fa_express` VALUES (635, '威速递', 'wexpress');
INSERT INTO `fa_express` VALUES (636, '臣邦同城', 'wto56kj');
INSERT INTO `fa_express` VALUES (637, '新宁物流', 'xinning');
INSERT INTO `fa_express` VALUES (638, '一邦速递', 'yibangwuliu');
INSERT INTO `fa_express` VALUES (639, '银捷速递', 'yinjiesudi');
INSERT INTO `fa_express` VALUES (640, '中宏物流', 'zhonghongwl');
INSERT INTO `fa_express` VALUES (641, '明辉物流', 'zsmhwl');
INSERT INTO `fa_express` VALUES (642, '安达易国际速递', 'adiexpress');
INSERT INTO `fa_express` VALUES (643, '全程快递', 'agopost');
INSERT INTO `fa_express` VALUES (644, '德方物流', 'ahdf');
INSERT INTO `fa_express` VALUES (645, '卡邦配送', 'ahkbps');
INSERT INTO `fa_express` VALUES (646, 'amazon-国内订单', 'amcnorder');
INSERT INTO `fa_express` VALUES (647, 'amazon-国际订单', 'amusorder');
INSERT INTO `fa_express` VALUES (648, '新干线快递', 'anlexpress');
INSERT INTO `fa_express` VALUES (649, '澳速物流', 'aosu');
INSERT INTO `fa_express` VALUES (650, 'Aplus物流', 'aplusex');
INSERT INTO `fa_express` VALUES (651, 'AUV国际快递', 'auvexpress');
INSERT INTO `fa_express` VALUES (652, '宝通快递', 'baotongkd');
INSERT INTO `fa_express` VALUES (653, '报通快递', 'baoxianda');
INSERT INTO `fa_express` VALUES (654, 'BCWELT', 'bcwelt');
INSERT INTO `fa_express` VALUES (655, '彪记快递', 'biaojikuaidi');
INSERT INTO `fa_express` VALUES (656, 'Campbell’s Express', 'campbellsexpress');
INSERT INTO `fa_express` VALUES (657, '银雁专送', 'cfss');
INSERT INTO `fa_express` VALUES (658, '城际快递', 'chengji');
INSERT INTO `fa_express` VALUES (659, '智利(Correos Chile)', 'chile');
INSERT INTO `fa_express` VALUES (660, '中澳速递', 'cnausu');
INSERT INTO `fa_express` VALUES (661, '中欧物流', 'cneulogistics');
INSERT INTO `fa_express` VALUES (662, '邦通国际', 'comexpress');
INSERT INTO `fa_express` VALUES (663, '阿根廷(Correo Argentina)', 'correoargentino');
INSERT INTO `fa_express` VALUES (664, '泰国中通CTO', 'ctoexp');
INSERT INTO `fa_express` VALUES (665, '德中快递', 'decnlh');
INSERT INTO `fa_express` VALUES (666, '东风全球速递', 'dfglobalex');
INSERT INTO `fa_express` VALUES (667, '叮咚澳洲转运', 'dindon');
INSERT INTO `fa_express` VALUES (668, '叮咚快递', 'dingdong');
INSERT INTO `fa_express` VALUES (669, 'Dotzot', 'dotzot');
INSERT INTO `fa_express` VALUES (670, '德淘邦', 'dt8ang');
INSERT INTO `fa_express` VALUES (671, 'E跨通', 'ecallturn');
INSERT INTO `fa_express` VALUES (672, '易联通达', 'el56');
INSERT INTO `fa_express` VALUES (673, '波兰小包(Poczta Polska)', 'emonitoring');
INSERT INTO `fa_express` VALUES (674, '乌克兰EMS-中文(EMS Ukraine)', 'emsukrainecn');
INSERT INTO `fa_express` VALUES (675, '优莎速运', 'eusacn');
INSERT INTO `fa_express` VALUES (676, '飞狐快递', 'feihukuaidi');
INSERT INTO `fa_express` VALUES (677, '凤凰快递', 'fenghuangkuaidi');
INSERT INTO `fa_express` VALUES (678, '高铁快运', 'gaotieex');
INSERT INTO `fa_express` VALUES (679, 'GE2D跨境物流', 'ge2d');
INSERT INTO `fa_express` VALUES (680, '冠捷物流 ', 'gjwl');
INSERT INTO `fa_express` VALUES (681, 'globaltracktrace', 'globaltracktrace');
INSERT INTO `fa_express` VALUES (682, '格陵兰[丹麦]（TELE Greenland A/S）', 'greenland');
INSERT INTO `fa_express` VALUES (683, 'GT国际快运', 'gtgogo');
INSERT INTO `fa_express` VALUES (684, '海星桥快递', 'haixingqiao');
INSERT INTO `fa_express` VALUES (685, '河南全速通', 'hnqst');
INSERT INTO `fa_express` VALUES (686, '卓烨快递', 'hrbzykd');
INSERT INTO `fa_express` VALUES (687, '上海昊宏国际货物', 'hyk');
INSERT INTO `fa_express` VALUES (688, '无限速递', 'igcaexpress');
INSERT INTO `fa_express` VALUES (689, 'logen路坚', 'ilogen');
INSERT INTO `fa_express` VALUES (690, '捷运达快递', 'interjz');
INSERT INTO `fa_express` VALUES (691, '金大物流', 'jindawuliu');
INSERT INTO `fa_express` VALUES (692, '九宫物流', 'jiugong');
INSERT INTO `fa_express` VALUES (693, '久易快递', 'jiuyicn');
INSERT INTO `fa_express` VALUES (694, '聚物物流', 'juwu');
INSERT INTO `fa_express` VALUES (695, '快服务', 'kfwnet');
INSERT INTO `fa_express` VALUES (696, '跨境直邮通', 'kjde');
INSERT INTO `fa_express` VALUES (697, '快速递', 'ksudi');
INSERT INTO `fa_express` VALUES (698, '快8速运', 'kuai8');
INSERT INTO `fa_express` VALUES (699, '立白宝凯物流', 'lbbk');
INSERT INTO `fa_express` VALUES (700, '林道国际快递-英文', 'ldxpres');
INSERT INTO `fa_express` VALUES (701, '卢森堡(Luxembourg Post)', 'luxembourg');
INSERT INTO `fa_express` VALUES (702, '马尔代夫(Maldives Post)', 'maldives');
INSERT INTO `fa_express` VALUES (703, '木春货运', 'mchy');
INSERT INTO `fa_express` VALUES (704, '美邦国际快递', 'meibang');
INSERT INTO `fa_express` VALUES (705, 'MyHermes', 'myhermes');
INSERT INTO `fa_express` VALUES (706, 'Nova Poshta', 'novaposhta');
INSERT INTO `fa_express` VALUES (707, '爱沙尼亚(Eesti Post)', 'omniva');
INSERT INTO `fa_express` VALUES (708, 'OnTrac', 'ontrac');
INSERT INTO `fa_express` VALUES (709, '诚一物流', 'parcelchina');
INSERT INTO `fa_express` VALUES (710, '派尔快递', 'peex');
INSERT INTO `fa_express` VALUES (711, '秘鲁(SERPOST)', 'peru');
INSERT INTO `fa_express` VALUES (712, '菲律宾（Philippine Postal）', 'phlpost');
INSERT INTO `fa_express` VALUES (713, '先锋国际快递', 'pioneer');
INSERT INTO `fa_express` VALUES (714, 'Portugal Seur', 'portugalseur');
INSERT INTO `fa_express` VALUES (715, '日日通国际', 'rrthk');
INSERT INTO `fa_express` VALUES (716, '速佳达快运', 'scsujiada');
INSERT INTO `fa_express` VALUES (717, '首达速运', 'sdsy888');
INSERT INTO `fa_express` VALUES (718, '丰网速运', 'sffw');
INSERT INTO `fa_express` VALUES (719, '衫达快运', 'shanda56');
INSERT INTO `fa_express` VALUES (720, '杰响物流', 'shbwch');
INSERT INTO `fa_express` VALUES (721, '阳光快递', 'shiningexpress');
INSERT INTO `fa_express` VALUES (722, 'SHL畅灵国际物流', 'shlexp');
INSERT INTO `fa_express` VALUES (723, '四海捷运', 'sihiexpress');
INSERT INTO `fa_express` VALUES (724, 'Siodemka', 'siodemka');
INSERT INTO `fa_express` VALUES (725, '易普递', 'sixroad');
INSERT INTO `fa_express` VALUES (726, 'skynetworldwide', 'skynetworldwide');
INSERT INTO `fa_express` VALUES (727, '斯里兰卡(Sri Lanka Post)', 'slpost');
INSERT INTO `fa_express` VALUES (728, '速品快递', 'supinexpress');
INSERT INTO `fa_express` VALUES (729, '三象速递', 'sxexpress');
INSERT INTO `fa_express` VALUES (730, '泰进物流', 'taijin');
INSERT INTO `fa_express` VALUES (731, 'TD Cargo', 'tdcargo');
INSERT INTO `fa_express` VALUES (732, '万家通快递', 'timedg');
INSERT INTO `fa_express` VALUES (733, '通和天下', 'tonghetianxia');
INSERT INTO `fa_express` VALUES (734, '突尼斯EMS(Rapid-Poste)', 'tunisia');
INSERT INTO `fa_express` VALUES (735, '乌克兰小包、大包(UkrPoshta)', 'ukraine');
INSERT INTO `fa_express` VALUES (736, '优联吉运', 'uluckex');
INSERT INTO `fa_express` VALUES (737, '华夏国际速递', 'uschuaxia');
INSERT INTO `fa_express` VALUES (738, '乌兹别克斯坦(Post of Uzbekistan)', 'uzbekistan');
INSERT INTO `fa_express` VALUES (739, '万庚国际速递', 'vangenexpress');
INSERT INTO `fa_express` VALUES (740, '越南小包(Vietnam Posts)', 'vietnam');
INSERT INTO `fa_express` VALUES (741, '鹰运国际速递', 'vipexpress');
INSERT INTO `fa_express` VALUES (742, '香港伟豪国际物流', 'whgjkd');
INSERT INTO `fa_express` VALUES (743, '万邑通', 'winit');
INSERT INTO `fa_express` VALUES (744, 'WTD海外通', 'wtdex');
INSERT INTO `fa_express` VALUES (745, '湘达物流', 'xiangdawuliu');
INSERT INTO `fa_express` VALUES (746, '鑫通宝物流', 'xtb');
INSERT INTO `fa_express` VALUES (747, '也门(Yemen Post)', 'yemen');
INSERT INTO `fa_express` VALUES (748, '宇航通物流', 'yhtlogistics');
INSERT INTO `fa_express` VALUES (749, '艺凡快递', 'yifankd');
INSERT INTO `fa_express` VALUES (750, '亿领速运', 'yilingsuyun');
INSERT INTO `fa_express` VALUES (751, '易通达', 'yitongda');
INSERT INTO `fa_express` VALUES (752, '易邮速运', 'yiyou');
INSERT INTO `fa_express` VALUES (753, '邮来速递', 'youlai');
INSERT INTO `fa_express` VALUES (754, '远航国际快运', 'yuanhhk');
INSERT INTO `fa_express` VALUES (755, '德国云快递', 'yunexpress');
INSERT INTO `fa_express` VALUES (756, '一运全成物流', 'yyqc56');
INSERT INTO `fa_express` VALUES (757, '珠峰速运', 'zf365');
INSERT INTO `fa_express` VALUES (758, '众川国际', 'zhongchuan');
INSERT INTO `fa_express` VALUES (759, '忠信达', 'zhongxinda');
INSERT INTO `fa_express` VALUES (760, '中远快运', 'zy100');
INSERT INTO `fa_express` VALUES (761, '德国雄鹰速递', 'adlerlogi');
INSERT INTO `fa_express` VALUES (762, 'AFL', 'afl');
INSERT INTO `fa_express` VALUES (763, '澳捷物流', 'ajlogistics');
INSERT INTO `fa_express` VALUES (764, '安家同城快运', 'anjiatongcheng');
INSERT INTO `fa_express` VALUES (765, 'apgecommerce', 'apgecommerce');
INSERT INTO `fa_express` VALUES (766, '美国汉邦快递', 'aplus100');
INSERT INTO `fa_express` VALUES (767, 'ARC', 'arc');
INSERT INTO `fa_express` VALUES (768, '阿鲁巴[荷兰]（Post Aruba）', 'aruba');
INSERT INTO `fa_express` VALUES (769, '澳达国际物流', 'auadexpress');
INSERT INTO `fa_express` VALUES (770, '澳货通', 'auex');
INSERT INTO `fa_express` VALUES (771, '澳邦国际物流', 'ausbondexpress');
INSERT INTO `fa_express` VALUES (772, '澳新物流', 'axexpress');
INSERT INTO `fa_express` VALUES (773, '巴林(Bahrain Post)', 'bahrain');
INSERT INTO `fa_express` VALUES (774, '孟加拉国(EMS)', 'bangladesh');
INSERT INTO `fa_express` VALUES (775, '巴巴多斯(Barbados Post)', 'barbados');
INSERT INTO `fa_express` VALUES (776, '伯利兹(Belize Postal)', 'belize');
INSERT INTO `fa_express` VALUES (777, '笨鸟国际', 'benniao');
INSERT INTO `fa_express` VALUES (778, '飛斯特', 'bester');
INSERT INTO `fa_express` VALUES (779, '鑫锐达', 'bjxsrd');
INSERT INTO `fa_express` VALUES (780, '佰乐捷通', 'bljt56');
INSERT INTO `fa_express` VALUES (781, 'BlueDart', 'bluedart');
INSERT INTO `fa_express` VALUES (782, '标杆物流', 'bmlchina');
INSERT INTO `fa_express` VALUES (783, '波黑(JP BH Posta)', 'bohei');
INSERT INTO `fa_express` VALUES (784, '玻利维亚', 'bolivia');
INSERT INTO `fa_express` VALUES (785, 'BorderGuru', 'borderguru');
INSERT INTO `fa_express` VALUES (786, '堡昕德速递', 'bosind');
INSERT INTO `fa_express` VALUES (787, '博茨瓦纳', 'botspost');
INSERT INTO `fa_express` VALUES (788, '速方(Sufast)', 'bphchina');
INSERT INTO `fa_express` VALUES (789, '百千诚物流', 'bqcwl');
INSERT INTO `fa_express` VALUES (790, '巴西(Brazil Post/Correios)', 'brazilposten');
INSERT INTO `fa_express` VALUES (791, '文莱(Brunei Postal)', 'brunei');
INSERT INTO `fa_express` VALUES (792, '展勤快递', 'byht');
INSERT INTO `fa_express` VALUES (793, '柬埔寨(Cambodia Post)', 'cambodia');
INSERT INTO `fa_express` VALUES (794, '到了港', 'camekong');
INSERT INTO `fa_express` VALUES (795, '能装能送', 'canhold');
INSERT INTO `fa_express` VALUES (796, '卢森堡航空', 'cargolux');
INSERT INTO `fa_express` VALUES (797, '钏博物流', 'cbo56');
INSERT INTO `fa_express` VALUES (798, 'CDEK', 'cdek');
INSERT INTO `fa_express` VALUES (799, '捷祥物流', 'cdjx56');
INSERT INTO `fa_express` VALUES (800, 'CEVA Logistic', 'cevalogistics');
INSERT INTO `fa_express` VALUES (801, '城铁速递', 'cex');
INSERT INTO `fa_express` VALUES (802, '成达国际速递', 'chengda');
INSERT INTO `fa_express` VALUES (803, '城通物流', 'chengtong');
INSERT INTO `fa_express` VALUES (804, '嘉荣物流', 'chllog');
INSERT INTO `fa_express` VALUES (805, '法国大包、EMS-法文（Chronopost France）', 'chronopostfra');
INSERT INTO `fa_express` VALUES (806, '法国大包、EMS-英文(Chronopost France)', 'chronopostfren');
INSERT INTO `fa_express` VALUES (807, 'Chronopost Portugal', 'chronopostport');
INSERT INTO `fa_express` VALUES (808, '中国香港骏辉物流', 'chunfai');
INSERT INTO `fa_express` VALUES (809, 'citysprint', 'citysprint');
INSERT INTO `fa_express` VALUES (810, '群航国际物流', 'cloudlogistics365');
INSERT INTO `fa_express` VALUES (811, 'CL日中速运', 'clsp');
INSERT INTO `fa_express` VALUES (812, 'CNUP 中联邮', 'cnup');
INSERT INTO `fa_express` VALUES (813, '中国翼', 'cnws');
INSERT INTO `fa_express` VALUES (814, '莫桑比克（Correios de Moçambique）', 'correios');
INSERT INTO `fa_express` VALUES (815, '乌拉圭（Correo Uruguayo）', 'correo');
INSERT INTO `fa_express` VALUES (816, '重庆星程快递', 'cqxingcheng');
INSERT INTO `fa_express` VALUES (817, '环旅快运', 'crossbox');
INSERT INTO `fa_express` VALUES (818, '新时速物流', 'csxss');
INSERT INTO `fa_express` VALUES (819, '塞浦路斯(Cyprus Post)', 'cypruspost');
INSERT INTO `fa_express` VALUES (820, '大道物流', 'dadaoex');
INSERT INTO `fa_express` VALUES (821, '达速物流', 'dasu');
INSERT INTO `fa_express` VALUES (822, 'DCS', 'dcs');
INSERT INTO `fa_express` VALUES (823, 'Delhivery', 'delhivery');
INSERT INTO `fa_express` VALUES (824, 'Deltec Courier', 'deltec');
INSERT INTO `fa_express` VALUES (825, '澳行快递', 'desworks');
INSERT INTO `fa_express` VALUES (826, '达方物流', 'dfpost');
INSERT INTO `fa_express` VALUES (827, 'DHL HK', 'dhlhk');
INSERT INTO `fa_express` VALUES (828, 'DHL-荷兰（DHL Netherlands）', 'dhlnetherlands');
INSERT INTO `fa_express` VALUES (829, 'DHL-波兰（DHL Poland）', 'dhlpoland');
INSERT INTO `fa_express` VALUES (830, '云南滇驿物流', 'dianyi');
INSERT INTO `fa_express` VALUES (831, 'Direct Link', 'directlink');
INSERT INTO `fa_express` VALUES (832, '天翔东捷运', 'djy56');
INSERT INTO `fa_express` VALUES (833, '东红物流', 'donghong');
INSERT INTO `fa_express` VALUES (834, 'DPD Poland', 'dpdpoland');
INSERT INTO `fa_express` VALUES (835, 'DPD UK', 'dpduk');
INSERT INTO `fa_express` VALUES (836, 'DTDC India', 'dtdcindia');
INSERT INTO `fa_express` VALUES (837, '多道供应链', 'duodao56');
INSERT INTO `fa_express` VALUES (838, 'EC-Firstclass', 'ecfirstclass');
INSERT INTO `fa_express` VALUES (839, '东西E全运', 'ecotransite');
INSERT INTO `fa_express` VALUES (840, '厄瓜多尔(Correos del Ecuador)', 'ecuador');
INSERT INTO `fa_express` VALUES (841, '易达快运', 'edaeuexpress');
INSERT INTO `fa_express` VALUES (842, 'EFSPOST', 'efspost');
INSERT INTO `fa_express` VALUES (843, 'Ekart', 'ekart');
INSERT INTO `fa_express` VALUES (844, '希腊包裹（ELTA Hellenic Post）', 'elta');
INSERT INTO `fa_express` VALUES (845, '希腊EMS（ELTA Courier）', 'eltahell');
INSERT INTO `fa_express` VALUES (846, '阿联酋(Emirates Post)', 'emiratesen');
INSERT INTO `fa_express` VALUES (847, '波兰小包(Poczta Polska)', 'emonitoringen');
INSERT INTO `fa_express` VALUES (848, '南非EMS', 'emssouthafrica');
INSERT INTO `fa_express` VALUES (849, '乌克兰EMS(EMS Ukraine)', 'emsukraine');
INSERT INTO `fa_express` VALUES (850, '英国(大包,EMS)', 'england');
INSERT INTO `fa_express` VALUES (851, '联众国际', 'epspost');
INSERT INTO `fa_express` VALUES (852, '贰仟家物流', 'erqianjia56');
INSERT INTO `fa_express` VALUES (853, '俄顺达', 'eshunda');
INSERT INTO `fa_express` VALUES (854, 'Estafeta', 'estafeta');
INSERT INTO `fa_express` VALUES (855, 'Estes', 'estes');
INSERT INTO `fa_express` VALUES (856, '易达国际速递', 'eta100');
INSERT INTO `fa_express` VALUES (857, 'ETEEN专线', 'eteenlog');
INSERT INTO `fa_express` VALUES (858, '埃塞俄比亚(Ethiopian postal)', 'ethiopia');
INSERT INTO `fa_express` VALUES (859, '中欧国际物流', 'eucnrail');
INSERT INTO `fa_express` VALUES (860, '德国 EUC POST', 'eucpost');
INSERT INTO `fa_express` VALUES (861, 'EU-EXPRESS', 'euexpress');
INSERT INTO `fa_express` VALUES (862, '败欧洲', 'europe8');
INSERT INTO `fa_express` VALUES (863, 'europeanecom', 'europeanecom');
INSERT INTO `fa_express` VALUES (864, '澳洲新干线快递', 'expressplus');
INSERT INTO `fa_express` VALUES (865, '易转运', 'ezhuanyuan');
INSERT INTO `fa_express` VALUES (866, '颿达国际快递-英文', 'fandaguoji');
INSERT INTO `fa_express` VALUES (867, '正途供应链', 'fastzt');
INSERT INTO `fa_express` VALUES (868, 'FedEx-英国件（FedEx UK)', 'fedexuk');
INSERT INTO `fa_express` VALUES (869, 'FedEx-英国件', 'fedexukcn');
INSERT INTO `fa_express` VALUES (870, 'FedRoad 联邦转运', 'fedroad');
INSERT INTO `fa_express` VALUES (871, '丰羿', 'fengyee');
INSERT INTO `fa_express` VALUES (872, '芬兰(Itella Posti Oy)', 'finland');
INSERT INTO `fa_express` VALUES (873, '花瓣转运', 'flowerkd');
INSERT INTO `fa_express` VALUES (874, '四方格', 'fourpxus');
INSERT INTO `fa_express` VALUES (875, 'FQ狂派速递', 'freakyquick');
INSERT INTO `fa_express` VALUES (876, '法翔速运', 'ftlexpress');
INSERT INTO `fa_express` VALUES (877, '飞云快递系统', 'fyex');
INSERT INTO `fa_express` VALUES (878, 'Gati-英文', 'gatien');
INSERT INTO `fa_express` VALUES (879, 'Gati-KWE', 'gatikwe');
INSERT INTO `fa_express` VALUES (880, '广东诚通物流', 'gdct56');
INSERT INTO `fa_express` VALUES (881, '全网物流', 'gdqwwl');
INSERT INTO `fa_express` VALUES (882, '容智快运', 'gdrz58');
INSERT INTO `fa_express` VALUES (883, '新鹏快递', 'gdxp');
INSERT INTO `fa_express` VALUES (884, '格鲁吉亚(Georgian Pos）', 'georgianpost');
INSERT INTO `fa_express` VALUES (885, 'GHT物流', 'ghtexpress');
INSERT INTO `fa_express` VALUES (886, '直布罗陀[英国]( Royal Gibraltar Post)', 'gibraltar');
INSERT INTO `fa_express` VALUES (887, '全球特快', 'global99');
INSERT INTO `fa_express` VALUES (888, '英脉物流', 'gml');
INSERT INTO `fa_express` VALUES (889, '潍鸿', 'grivertek');
INSERT INTO `fa_express` VALUES (890, '哥士传奇速递', 'gscq365');
INSERT INTO `fa_express` VALUES (891, '万通快递', 'gswtkd');
INSERT INTO `fa_express` VALUES (892, 'GTT EXPRESS快递', 'gttexpress');
INSERT INTO `fa_express` VALUES (893, '永邦快递', 'guangdongyongbang');
INSERT INTO `fa_express` VALUES (894, '冠庭国际物流', 'guanting');
INSERT INTO `fa_express` VALUES (895, '国送快运', 'guosong');
INSERT INTO `fa_express` VALUES (896, '宏观国际快递', 'gvpexpress');
INSERT INTO `fa_express` VALUES (897, '光线速递', 'gxwl');
INSERT INTO `fa_express` VALUES (898, '海红for买卖宝', 'haihongmmb');
INSERT INTO `fa_express` VALUES (899, '海中转运', 'haizhongzhuanyun');
INSERT INTO `fa_express` VALUES (900, '汉邦国际速递', 'handboy');
INSERT INTO `fa_express` VALUES (901, '翰丰快递', 'hanfengjl');
INSERT INTO `fa_express` VALUES (902, '航宇快递', 'hangyu');
INSERT INTO `fa_express` VALUES (903, '好又快物流', 'haoyoukuai');
INSERT INTO `fa_express` VALUES (904, '开心快递', 'happylink');
INSERT INTO `fa_express` VALUES (905, '亚美尼亚(Haypost-Armenian Postal)', 'haypost');
INSERT INTO `fa_express` VALUES (906, '恒瑞物流', 'hengrui56');
INSERT INTO `fa_express` VALUES (907, '环国运物流', 'hgy56');
INSERT INTO `fa_express` VALUES (908, 'Hi淘易快递', 'hitaoe');
INSERT INTO `fa_express` VALUES (909, '猴急送', 'hjs');
INSERT INTO `fa_express` VALUES (910, '互联快运', 'hlkytj');
INSERT INTO `fa_express` VALUES (911, '共联配', 'hlpgyl');
INSERT INTO `fa_express` VALUES (912, '海联快递', 'hltop');
INSERT INTO `fa_express` VALUES (913, '中强物流', 'hnzqwl');
INSERT INTO `fa_express` VALUES (914, '居家通', 'homexpress');
INSERT INTO `fa_express` VALUES (915, '宏捷国际物流', 'hongjie');
INSERT INTO `fa_express` VALUES (916, '宏品物流', 'hongpinwuliu');
INSERT INTO `fa_express` VALUES (917, '皇家云仓', 'hotwms');
INSERT INTO `fa_express` VALUES (918, '环球通达 ', 'hqtd');
INSERT INTO `fa_express` VALUES (919, '高铁速递', 'hre');
INSERT INTO `fa_express` VALUES (920, '克罗地亚（Hrvatska Posta）', 'hrvatska');
INSERT INTO `fa_express` VALUES (921, '海硕高铁速递', 'hsgtsd');
INSERT INTO `fa_express` VALUES (922, '海淘物流', 'ht22');
INSERT INTO `fa_express` VALUES (923, '华通务达物流', 'htwd');
INSERT INTO `fa_express` VALUES (924, '华达快运', 'huada');
INSERT INTO `fa_express` VALUES (925, '华夏货运', 'huaxiahuoyun');
INSERT INTO `fa_express` VALUES (926, '驼峰国际', 'humpline');
INSERT INTO `fa_express` VALUES (927, '兰州伙伴物流', 'huoban');
INSERT INTO `fa_express` VALUES (928, '户通物流', 'hutongwuliu');
INSERT INTO `fa_express` VALUES (929, '鸿远物流', 'hyeship');
INSERT INTO `fa_express` VALUES (930, '华航快递', 'hzpl');
INSERT INTO `fa_express` VALUES (931, '冰岛(Iceland Post)', 'iceland');
INSERT INTO `fa_express` VALUES (932, '泛太优达', 'iex');
INSERT INTO `fa_express` VALUES (933, 'iExpress', 'iexpress');
INSERT INTO `fa_express` VALUES (934, 'ILYANG', 'ilyang');
INSERT INTO `fa_express` VALUES (935, '艾姆勒', 'imlb2c');
INSERT INTO `fa_express` VALUES (936, '印度尼西亚EMS(Pos Indonesia-EMS)', 'indonesia');
INSERT INTO `fa_express` VALUES (937, '多米尼加（INPOSDOM – Instituto Postal Dominicano）', 'inposdom');
INSERT INTO `fa_express` VALUES (938, 'Interlink Express', 'interlink');
INSERT INTO `fa_express` VALUES (939, 'UPS i-parcel', 'iparcel');
INSERT INTO `fa_express` VALUES (940, '伊朗（Iran Post）', 'iran');
INSERT INTO `fa_express` VALUES (941, '以色列(Israel Post)', 'israelpost');
INSERT INTO `fa_express` VALUES (942, 'Italy SDA', 'italysad');
INSERT INTO `fa_express` VALUES (943, '驿扬国际速运', 'iyoungspeed');
INSERT INTO `fa_express` VALUES (944, 'jcex', 'jcex');
INSERT INTO `fa_express` VALUES (945, '泽西岛', 'jerseypost');
INSERT INTO `fa_express` VALUES (946, '澳速通国际速递', 'jetexpressgroup');
INSERT INTO `fa_express` VALUES (947, '佳家通货运', 'jiajiatong56');
INSERT INTO `fa_express` VALUES (948, '锦程物流', 'jinchengwuliu');
INSERT INTO `fa_express` VALUES (949, '劲通快递', 'jintongkd');
INSERT INTO `fa_express` VALUES (950, '晋越快递', 'jinyuekuaidi');
INSERT INTO `fa_express` VALUES (951, '冀速物流', 'jisu');
INSERT INTO `fa_express` VALUES (952, '吉祥邮（澳洲）', 'jixiangyouau');
INSERT INTO `fa_express` VALUES (953, '约旦(Jordan Post)', 'jordan');
INSERT INTO `fa_express` VALUES (954, '骏绅物流', 'jsexpress');
INSERT INTO `fa_express` VALUES (955, '聚中大', 'juzhongda');
INSERT INTO `fa_express` VALUES (956, '哈萨克斯坦(Kazpost)', 'kazpost');
INSERT INTO `fa_express` VALUES (957, '肯尼亚(POSTA KENYA)', 'kenya');
INSERT INTO `fa_express` VALUES (958, '启邦国际物流', 'keypon');
INSERT INTO `fa_express` VALUES (959, '番薯国际货运', 'koali');
INSERT INTO `fa_express` VALUES (960, '韩国邮政韩文', 'koreapostkr');
INSERT INTO `fa_express` VALUES (961, '快淘快递', 'kuaitao');
INSERT INTO `fa_express` VALUES (962, '四川快优达速递', 'kuaiyouda');
INSERT INTO `fa_express` VALUES (963, '凯信达', 'kxda');
INSERT INTO `fa_express` VALUES (964, '吉尔吉斯斯坦(Kyrgyz Post)', 'kyrgyzpost');
INSERT INTO `fa_express` VALUES (965, '跨跃国际', 'kyue');
INSERT INTO `fa_express` VALUES (966, '蓝镖快递', 'lanbiaokuaidi');
INSERT INTO `fa_express` VALUES (967, '蓝弧快递', 'lanhukuaidi');
INSERT INTO `fa_express` VALUES (968, '老挝(Lao Express) ', 'lao');
INSERT INTO `fa_express` VALUES (969, '塞内加尔', 'laposte');
INSERT INTO `fa_express` VALUES (970, '林安物流', 'lasy56');
INSERT INTO `fa_express` VALUES (971, '拉脱维亚(Latvijas Pasts)', 'latviaen');
INSERT INTO `fa_express` VALUES (972, '乐达全球速递', 'ledaexpress');
INSERT INTO `fa_express` VALUES (973, '乐递供应链', 'ledii');
INSERT INTO `fa_express` VALUES (974, '莱索托(Lesotho Post)', 'lesotho');
INSERT INTO `fa_express` VALUES (975, '美联快递', 'letseml');
INSERT INTO `fa_express` VALUES (976, 'lazada', 'lgs');
INSERT INTO `fa_express` VALUES (977, '联运快递', 'lianyun');
INSERT INTO `fa_express` VALUES (978, '黎巴嫩(Liban Post)', 'libanpost');
INSERT INTO `fa_express` VALUES (979, '一号线', 'lineone');
INSERT INTO `fa_express` VALUES (980, 'Linex', 'linex');
INSERT INTO `fa_express` VALUES (981, '领送送', 'lingsong');
INSERT INTO `fa_express` VALUES (982, '丽狮物流', 'lishi');
INSERT INTO `fa_express` VALUES (983, '立陶宛（Lietuvos pa?tas）', 'lithuania');
INSERT INTO `fa_express` VALUES (984, '小熊物流', 'littlebearbear');
INSERT INTO `fa_express` VALUES (985, '良藤国际速递', 'lmfex');
INSERT INTO `fa_express` VALUES (986, '新易泰', 'lnet');
INSERT INTO `fa_express` VALUES (987, '華信物流WTO', 'logistics');
INSERT INTO `fa_express` VALUES (988, '隆浪快递', 'longlangkuaidi');
INSERT INTO `fa_express` VALUES (989, '长风物流', 'longvast');
INSERT INTO `fa_express` VALUES (990, '乐天速递', 'ltexp');
INSERT INTO `fa_express` VALUES (991, '联通快递', 'ltparcel');
INSERT INTO `fa_express` VALUES (992, '论道国际物流', 'lundao');
INSERT INTO `fa_express` VALUES (993, '鲁通快运', 'lutong');
INSERT INTO `fa_express` VALUES (994, '卢森堡(Luxembourg Post)', 'luxembourgde');
INSERT INTO `fa_express` VALUES (995, '卢森堡(Luxembourg Post)', 'luxembourgfr');
INSERT INTO `fa_express` VALUES (996, '马其顿(Macedonian Post)', 'macedonia');
INSERT INTO `fa_express` VALUES (997, '麦力快递', 'mailikuaidi');
INSERT INTO `fa_express` VALUES (998, '迈隆递运', 'mailongdy');
INSERT INTO `fa_express` VALUES (999, '马耳他（Malta Post）', 'malta');
INSERT INTO `fa_express` VALUES (1000, '芒果速递', 'mangguo');
INSERT INTO `fa_express` VALUES (1001, '今枫国际快运', 'mapleexpress');
INSERT INTO `fa_express` VALUES (1002, '美达快递', 'meidaexpress');
INSERT INTO `fa_express` VALUES (1003, '美泰物流', 'meitai');
INSERT INTO `fa_express` VALUES (1004, 'Mexico Senda Express', 'mexicodenda');
INSERT INTO `fa_express` VALUES (1005, '银河物流', 'milkyway');
INSERT INTO `fa_express` VALUES (1006, '美龙快递', 'mjexp');
INSERT INTO `fa_express` VALUES (1007, '摩尔多瓦(Posta Moldovei)', 'moldova');
INSERT INTO `fa_express` VALUES (1008, '蒙古国(Mongol Post) ', 'mongolpost');
INSERT INTO `fa_express` VALUES (1009, '黑山(Posta Crne Gore)', 'montenegro');
INSERT INTO `fa_express` VALUES (1010, '摩洛哥 ( Morocco Post )', 'morocco');
INSERT INTO `fa_express` VALUES (1011, 'MRW', 'mrw');
INSERT INTO `fa_express` VALUES (1012, 'Mexico Multipack', 'multipack');
INSERT INTO `fa_express` VALUES (1013, '中俄速通（淼信）', 'mxe56');
INSERT INTO `fa_express` VALUES (1014, '新亚物流', 'nalexpress');
INSERT INTO `fa_express` VALUES (1015, '纳米比亚(NamPost)', 'namibia');
INSERT INTO `fa_express` VALUES (1016, 'NandanCourier', 'nandan');
INSERT INTO `fa_express` VALUES (1017, '红马速递', 'nedahm');
INSERT INTO `fa_express` VALUES (1018, '尼泊尔（Nepal Postal Services）', 'nepalpost');
INSERT INTO `fa_express` VALUES (1019, '尼日利亚(Nigerian Postal)', 'nigerianpost');
INSERT INTO `fa_express` VALUES (1020, '牛仔速运', 'niuzaiexpress');
INSERT INTO `fa_express` VALUES (1021, 'NLE', 'nle');
INSERT INTO `fa_express` VALUES (1022, '亚欧专线', 'nlebv');
INSERT INTO `fa_express` VALUES (1023, '华赫物流', 'nmhuahe');
INSERT INTO `fa_express` VALUES (1024, '诺尔国际物流', 'nuoer');
INSERT INTO `fa_express` VALUES (1025, '偌亚奥国际快递', 'nuoyaao');
INSERT INTO `fa_express` VALUES (1026, 'OCA Argentina', 'ocaargen');
INSERT INTO `fa_express` VALUES (1027, 'OC-Post', 'ocpost');
INSERT INTO `fa_express` VALUES (1028, '阿曼(Oman Post)', 'oman');
INSERT INTO `fa_express` VALUES (1029, '昂威物流', 'onway');
INSERT INTO `fa_express` VALUES (1030, 'OPEK', 'opek');
INSERT INTO `fa_express` VALUES (1031, '波音速递', 'overseaex');
INSERT INTO `fa_express` VALUES (1032, '巴基斯坦(Pakistan Post)', 'pakistan');
INSERT INTO `fa_express` VALUES (1033, '普畅物流', 'pcwl56');
INSERT INTO `fa_express` VALUES (1034, '全球速递', 'pdstow');
INSERT INTO `fa_express` VALUES (1035, '陪行物流', 'peixingwuliu');
INSERT INTO `fa_express` VALUES (1036, '鹏程快递', 'pengcheng');
INSERT INTO `fa_express` VALUES (1037, '品速心达快递', 'pinsuxinda');
INSERT INTO `fa_express` VALUES (1038, '品信快递', 'pinxinkuaidi');
INSERT INTO `fa_express` VALUES (1039, '葡萄牙（Portugal CTT）', 'portugalctt');
INSERT INTO `fa_express` VALUES (1040, '葡萄牙（Portugal CTT）', 'portugalctten');
INSERT INTO `fa_express` VALUES (1041, 'PostElbe', 'postelbe');
INSERT INTO `fa_express` VALUES (1042, 'PostNord(Posten AB)', 'postenab');
INSERT INTO `fa_express` VALUES (1043, '挪威（Posten Norge）', 'postennorge');
INSERT INTO `fa_express` VALUES (1044, '巴布亚新几内亚(PNG Post)', 'postpng');
INSERT INTO `fa_express` VALUES (1045, '土耳其', 'ptt');
INSERT INTO `fa_express` VALUES (1046, '急顺通', 'pzhjst');
INSERT INTO `fa_express` VALUES (1047, 'ANTS EXPRESS', 'qdants');
INSERT INTO `fa_express` VALUES (1048, '雪域快递', 'qhxykd');
INSERT INTO `fa_express` VALUES (1049, '千里速递', 'qianli');
INSERT INTO `fa_express` VALUES (1050, '启辰国际速递', 'qichen');
INSERT INTO `fa_express` VALUES (1051, '全通快运', 'quantwl');
INSERT INTO `fa_express` VALUES (1052, '全信通快递', 'quanxintong');
INSERT INTO `fa_express` VALUES (1053, '全之鑫物流', 'qzx56');
INSERT INTO `fa_express` VALUES (1054, 'Red Express', 'redexpress');
INSERT INTO `fa_express` VALUES (1055, '睿和泰速运', 'rhtexpress');
INSERT INTO `fa_express` VALUES (1056, '罗马尼亚（Posta Romanian）', 'romanian');
INSERT INTO `fa_express` VALUES (1057, '瑞典（Sweden Post）', 'ruidianyouzhengen');
INSERT INTO `fa_express` VALUES (1058, '卢旺达(Rwanda i-posita)', 'rwanda');
INSERT INTO `fa_express` VALUES (1059, 'S2C', 's2c');
INSERT INTO `fa_express` VALUES (1060, 'Safexpress', 'safexpress');
INSERT INTO `fa_express` VALUES (1061, '萨摩亚(Samoa Post)', 'samoa');
INSERT INTO `fa_express` VALUES (1062, '三盛快递', 'sanshengco');
INSERT INTO `fa_express` VALUES (1063, '沙特阿拉伯(Saudi Post)', 'saudipost');
INSERT INTO `fa_express` VALUES (1064, '中加国际快递', 'scic');
INSERT INTO `fa_express` VALUES (1065, 'Selektvracht', 'selektvracht');
INSERT INTO `fa_express` VALUES (1066, '塞尔维亚(PE Post of Serbia)', 'serbia');
INSERT INTO `fa_express` VALUES (1067, 'International Seur', 'seur');
INSERT INTO `fa_express` VALUES (1068, '澳丰速递', 'sfau');
INSERT INTO `fa_express` VALUES (1069, '圣飞捷快递', 'sfjhd');
INSERT INTO `fa_express` VALUES (1070, '上海快通', 'shanghaikuaitong');
INSERT INTO `fa_express` VALUES (1071, '上海无疆for买卖宝', 'shanghaiwujiangmmb');
INSERT INTO `fa_express` VALUES (1072, '尚途国际货运', 'shangtuguoji');
INSERT INTO `fa_express` VALUES (1073, '捎客物流', 'shaoke');
INSERT INTO `fa_express` VALUES (1074, '商海德物流', 'shd56');
INSERT INTO `fa_express` VALUES (1075, '盛通快递', 'shengtongscm');
INSERT INTO `fa_express` VALUES (1076, '神骏物流', 'shenjun');
INSERT INTO `fa_express` VALUES (1077, '神马快递', 'shenma');
INSERT INTO `fa_express` VALUES (1078, '王牌快递', 'shipbyace');
INSERT INTO `fa_express` VALUES (1079, '苏豪快递', 'shipsoho');
INSERT INTO `fa_express` VALUES (1080, '世运快递', 'shiyunkuaidi');
INSERT INTO `fa_express` VALUES (1081, '顺邦国际物流', 'shunbang');
INSERT INTO `fa_express` VALUES (1082, '顺士达速运', 'shunshid');
INSERT INTO `fa_express` VALUES (1083, '四海快递', 'sihaiet');
INSERT INTO `fa_express` VALUES (1084, 'skynet', 'skynet');
INSERT INTO `fa_express` VALUES (1085, 'SkyNet Malaysia', 'skynetmalaysia');
INSERT INTO `fa_express` VALUES (1086, '荷兰Sky Post', 'skypost');
INSERT INTO `fa_express` VALUES (1087, '斯洛伐克(Slovenská Posta)', 'slovak');
INSERT INTO `fa_express` VALUES (1088, '南非（South African Post Office）', 'southafrican');
INSERT INTO `fa_express` VALUES (1089, '行必达', 'speeda');
INSERT INTO `fa_express` VALUES (1090, '申必达', 'speedoex');
INSERT INTO `fa_express` VALUES (1091, '星速递', 'starex');
INSERT INTO `fa_express` VALUES (1092, '星运快递', 'staryvr');
INSERT INTO `fa_express` VALUES (1093, '申通新西兰', 'stonewzealand');
INSERT INTO `fa_express` VALUES (1094, '智德物流', 'stzd56');
INSERT INTO `fa_express` VALUES (1095, '速呈宅配', 'sucheng');
INSERT INTO `fa_express` VALUES (1096, '特急便物流', 'sucmj');
INSERT INTO `fa_express` VALUES (1097, '苏丹（Sudapost）', 'sudapost');
INSERT INTO `fa_express` VALUES (1098, '郑州速捷', 'sujievip');
INSERT INTO `fa_express` VALUES (1099, '速配欧翼', 'superoz');
INSERT INTO `fa_express` VALUES (1100, '瑞士邮政', 'swisspostcn');
INSERT INTO `fa_express` VALUES (1101, '深圳DPEX', 'szdpex');
INSERT INTO `fa_express` VALUES (1102, '天美快递', 'taimek');
INSERT INTO `fa_express` VALUES (1103, '坦桑尼亚(Tanzania Posts)', 'tanzania');
INSERT INTO `fa_express` VALUES (1104, 'TCI XPS', 'tcixps');
INSERT INTO `fa_express` VALUES (1105, '加拿大雷霆快递', 'thunderexpress');
INSERT INTO `fa_express` VALUES (1106, '天翔快递', 'tianxiang');
INSERT INTO `fa_express` VALUES (1107, 'Shree Tirupati', 'tirupati');
INSERT INTO `fa_express` VALUES (1108, '天联快运', 'tlky');
INSERT INTO `fa_express` VALUES (1109, '株式会社T.M.G', 'tmg');
INSERT INTO `fa_express` VALUES (1110, 'TNT Italy', 'tntitaly');
INSERT INTO `fa_express` VALUES (1111, 'TNT UK', 'tntuk');
INSERT INTO `fa_express` VALUES (1112, 'TNY物流', 'tny');
INSERT INTO `fa_express` VALUES (1113, '通达兴物流', 'tongdaxing');
INSERT INTO `fa_express` VALUES (1114, '顶世国际物流', 'topshey');
INSERT INTO `fa_express` VALUES (1115, 'The Professional Couriers', 'tpcindia');
INSERT INTO `fa_express` VALUES (1116, '海龟国际快递', 'turtle');
INSERT INTO `fa_express` VALUES (1117, '天翼物流', 'tywl99');
INSERT INTO `fa_express` VALUES (1118, 'UEX国际物流', 'uex');
INSERT INTO `fa_express` VALUES (1119, '欧洲UEX', 'uexiex');
INSERT INTO `fa_express` VALUES (1120, '乌干达(Posta Uganda)', 'uganda');
INSERT INTO `fa_express` VALUES (1121, '邮鸽速运', 'ugoexpress');
INSERT INTO `fa_express` VALUES (1122, 'UPS Freight', 'upsfreight');
INSERT INTO `fa_express` VALUES (1123, 'UPS Mail Innovations', 'upsmailinno');
INSERT INTO `fa_express` VALUES (1124, 'USPSCN', 'uspscn');
INSERT INTO `fa_express` VALUES (1125, 'UTAO优到', 'utaoscm');
INSERT INTO `fa_express` VALUES (1126, '瓦努阿图(Vanuatu Post)', 'vanuatu');
INSERT INTO `fa_express` VALUES (1127, '越中国际物流', 'vctrans');
INSERT INTO `fa_express` VALUES (1128, '越南EMS(VNPost Express)', 'vnpost');
INSERT INTO `fa_express` VALUES (1129, '万博快递', 'wanboex');
INSERT INTO `fa_express` VALUES (1130, '宁夏万家通', 'wanjiatong');
INSERT INTO `fa_express` VALUES (1131, '万达美', 'wdm');
INSERT INTO `fa_express` VALUES (1132, '文捷航空', 'wenjiesudi');
INSERT INTO `fa_express` VALUES (1133, '凡仕特物流', 'wlfast');
INSERT INTO `fa_express` VALUES (1134, '星空国际', 'wlwex');
INSERT INTO `fa_express` VALUES (1135, '渥途国际速运', 'wotu');
INSERT INTO `fa_express` VALUES (1136, '沃埃家', 'wowvip');
INSERT INTO `fa_express` VALUES (1137, '万运国际快递', 'wygj168');
INSERT INTO `fa_express` VALUES (1138, '微转运', 'wzhaunyun');
INSERT INTO `fa_express` VALUES (1139, '国晶物流', 'xdshipping');
INSERT INTO `fa_express` VALUES (1140, '蓝天物流', 'xflt56');
INSERT INTO `fa_express` VALUES (1141, '鑫宏福物流', 'xhf56');
INSERT INTO `fa_express` VALUES (1142, '西安城联速递', 'xianchengliansudi');
INSERT INTO `fa_express` VALUES (1143, '翔腾物流', 'xiangteng');
INSERT INTO `fa_express` VALUES (1144, '小C海淘', 'xiaocex');
INSERT INTO `fa_express` VALUES (1145, '西安喜来快递', 'xilaikd');
INSERT INTO `fa_express` VALUES (1146, '新元快递', 'xingyuankuaidi');
INSERT INTO `fa_express` VALUES (1147, '西邮寄', 'xipost');
INSERT INTO `fa_express` VALUES (1148, '鑫世锐达', 'xsrd');
INSERT INTO `fa_express` VALUES (1149, '西游寄速递', 'xyjexpress');
INSERT INTO `fa_express` VALUES (1150, '一辉物流', 'yatfai');
INSERT INTO `fa_express` VALUES (1151, 'YCG物流', 'ycgglobal');
INSERT INTO `fa_express` VALUES (1152, '易达丰国际速递', 'ydfexpress');
INSERT INTO `fa_express` VALUES (1153, '驿递汇速递', 'yidihui');
INSERT INTO `fa_express` VALUES (1154, '易航物流', 'yihangmall');
INSERT INTO `fa_express` VALUES (1155, '一柒国际物流', 'yiqiguojiwuliu');
INSERT INTO `fa_express` VALUES (1156, '亿顺航', 'yishunhang');
INSERT INTO `fa_express` VALUES (1157, '宜送', 'yisong');
INSERT INTO `fa_express` VALUES (1158, 'YODEL', 'yodel');
INSERT INTO `fa_express` VALUES (1159, '运通快运', 'ytky168');
INSERT INTO `fa_express` VALUES (1160, '粤中国际货运代理（上海）有限公司', 'yuezhongsh');
INSERT INTO `fa_express` VALUES (1161, '西安运逸快递', 'yyexp');
INSERT INTO `fa_express` VALUES (1162, '众辉达物流', 'zhdwl');
INSERT INTO `fa_express` VALUES (1163, '中技物流', 'zhongjiwuliu');
INSERT INTO `fa_express` VALUES (1164, '众派速递', 'zhpex');

-- ----------------------------
-- Table structure for fa_global
-- ----------------------------
DROP TABLE IF EXISTS `fa_global`;
CREATE TABLE `fa_global`  (
  `id` bigint(20) NOT NULL,
  `web_name` varchar(255) CHARACTER SET utf8 COLLATE utf8_general_ci NULL DEFAULT NULL COMMENT '网站名称',
  `web_logo` varchar(255) CHARACTER SET utf8 COLLATE utf8_general_ci NULL DEFAULT NULL COMMENT '网站logo',
  `web_record` varchar(255) CHARACTER SET utf8 COLLATE utf8_general_ci NULL DEFAULT NULL COMMENT '网站备案信息',
  `delivery_cost` decimal(10, 2) NULL DEFAULT NULL COMMENT '快递费用(满100包邮)',
  `notice_pic1` varchar(255) CHARACTER SET utf8 COLLATE utf8_general_ci NULL DEFAULT NULL COMMENT '首页公告弹出图片',
  `notice_pic2` varchar(255) CHARACTER SET utf8 COLLATE utf8_general_ci NULL DEFAULT NULL,
  `notice_pic3` varchar(255) CHARACTER SET utf8 COLLATE utf8_general_ci NULL DEFAULT NULL,
  `notice_pic4` varchar(255) CHARACTER SET utf8 COLLATE utf8_general_ci NULL DEFAULT NULL,
  `notice_switch` int(2) NULL DEFAULT NULL COMMENT '公告开关：0关，1开',
  `user_agreement` varchar(255) CHARACTER SET utf8 COLLATE utf8_general_ci NULL DEFAULT NULL COMMENT '用户协议',
  `cash_out_down` decimal(10, 2) NULL DEFAULT NULL COMMENT '提现下限',
  `cash_out_num` int(11) NULL DEFAULT NULL COMMENT '提现次数',
  `cash_out_fee` decimal(10, 2) NULL DEFAULT NULL COMMENT '提现手续费',
  `cash_out_switch` int(2) NULL DEFAULT NULL COMMENT '提现开关',
  `dist_param` varchar(255) CHARACTER SET utf8 COLLATE utf8_general_ci NULL DEFAULT NULL COMMENT '分销参数',
  `upgrade_director1` bigint(50) NULL DEFAULT NULL COMMENT '升级主任条件1',
  `upgrade_director2` int(10) NULL DEFAULT NULL COMMENT '升级主任条件2',
  `upgrade_manager1` int(10) NULL DEFAULT NULL COMMENT '升级经理条件1',
  `upgrade_manager2` int(10) NULL DEFAULT NULL COMMENT '升级经理条件2',
  `upgrade_chiefinspector1` int(10) NULL DEFAULT NULL COMMENT '升级总监条件1',
  `upgrade_chiefinspector2` int(10) NULL DEFAULT NULL COMMENT '升级总监条件2',
  `upgrade_ceo1` int(10) NULL DEFAULT NULL COMMENT '升级总裁条件1',
  `upgrade_ceo2` int(10) NULL DEFAULT NULL COMMENT '升级总裁条件2',
  `share1` decimal(10, 2) NULL DEFAULT NULL COMMENT '专员分享奖1',
  `share2` decimal(10, 2) NULL DEFAULT NULL COMMENT '专员分享奖2',
  `director_difference_award` decimal(10, 2) NULL DEFAULT NULL COMMENT '主任差额奖',
  `manager_difference_award` decimal(10, 2) NULL DEFAULT NULL COMMENT '经理差额奖',
  `chiefinspector_difference_award` decimal(10, 2) NULL DEFAULT NULL COMMENT '总监差额奖',
  `ceo_difference_award` decimal(10, 2) NULL DEFAULT NULL COMMENT '总裁差额奖',
  `management_award` decimal(10, 2) NULL DEFAULT NULL COMMENT '管理奖',
  `integral` decimal(10, 2) NULL DEFAULT NULL COMMENT '普通商品返积分',
  `purchase_cap` decimal(10, 2) NULL DEFAULT NULL COMMENT '丰收产品购买上限金额（每周）',
  `wechat_appid` int(10) NULL DEFAULT NULL COMMENT '微信APP ID',
  `wechat_merchant_num` varchar(255) CHARACTER SET utf8 COLLATE utf8_general_ci NULL DEFAULT NULL COMMENT '商户号',
  `wechat_token` varchar(255) CHARACTER SET utf8 COLLATE utf8_general_ci NULL DEFAULT NULL COMMENT '密钥',
  `wechat_callback_url` varchar(255) CHARACTER SET utf8 COLLATE utf8_general_ci NULL DEFAULT NULL COMMENT '回调路径',
  `wechat_cert_pem` varchar(255) CHARACTER SET utf8 COLLATE utf8_general_ci NULL DEFAULT NULL COMMENT 'wechat_cert_pem',
  `wechat_key_pem` varchar(255) CHARACTER SET utf8 COLLATE utf8_general_ci NULL DEFAULT NULL COMMENT 'wechat_key_pem',
  `sms_signature` varchar(255) CHARACTER SET utf8 COLLATE utf8_general_ci NULL DEFAULT NULL COMMENT '短信签名',
  `authentication_code` varchar(255) CHARACTER SET utf8 COLLATE utf8_general_ci NULL DEFAULT NULL COMMENT '身份验证验证码',
  `login_code` varchar(255) CHARACTER SET utf8 COLLATE utf8_general_ci NULL DEFAULT NULL COMMENT '登录确认验证码',
  `login_exception_code` varchar(255) CHARACTER SET utf8 COLLATE utf8_general_ci NULL DEFAULT NULL COMMENT '登录异常验证码',
  `register_code` varchar(255) CHARACTER SET utf8 COLLATE utf8_general_ci NULL DEFAULT NULL COMMENT '用户注册验证码',
  `update_password_code` varchar(255) CHARACTER SET utf8 COLLATE utf8_general_ci NULL DEFAULT NULL COMMENT '修改密码验证码',
  `information_change_code` varchar(255) CHARACTER SET utf8 COLLATE utf8_general_ci NULL DEFAULT NULL COMMENT '信息变更验证码',
  `access_key_id` varchar(255) CHARACTER SET utf8 COLLATE utf8_general_ci NULL DEFAULT NULL COMMENT 'AccessKeyID',
  `access_key_secret` varchar(255) CHARACTER SET utf8 COLLATE utf8_general_ci NULL DEFAULT NULL COMMENT 'AccessKeySecret',
  `authentication_key` varchar(255) CHARACTER SET utf8 COLLATE utf8_general_ci NULL DEFAULT NULL COMMENT '快递授权key',
  `customer` varchar(255) CHARACTER SET utf8 COLLATE utf8_general_ci NULL DEFAULT NULL COMMENT 'customer',
  `from_name` varchar(255) CHARACTER SET utf8 COLLATE utf8_general_ci NULL DEFAULT NULL,
  `from_tel` varchar(255) CHARACTER SET utf8 COLLATE utf8_general_ci NULL DEFAULT NULL,
  `from_address` varchar(255) CHARACTER SET utf8 COLLATE utf8_general_ci NULL DEFAULT NULL,
  PRIMARY KEY (`id`) USING BTREE
) ENGINE = InnoDB CHARACTER SET = utf8 COLLATE = utf8_general_ci ROW_FORMAT = DYNAMIC;

-- ----------------------------
-- Records of fa_global
-- ----------------------------
INSERT INTO `fa_global` VALUES (1, 'aaaa', '/upload/global/2021/03/29/b57c957993d0355dedd0d36524d50c97.png', 'aaaa', 133.00, '/upload/global/2021/03/29/c0defd45381c9e30d471053867f94acd.png', '/upload/global/2021/03/29/732450f200b534291bd8f1cbcc68c97d.png', '/upload/global/2021/03/29/4daa1ddd633c9598ef886065fddc40c2.png', '/upload/global/2021/03/29/44e6a2c669f9e94eea4ee1bdfc5ea79c.png', 0, '133133133', 133.00, 133, 133.00, 1, '', 133, 133, 133, 133, 133, 133, 133, 133, 133.00, 133.00, 0.10, 133.00, 133.00, 133.00, 133.00, 133.00, 133.00, 133, '133', '133', '133', '133', '133', '133', '133', '133', '133', '133', '133', '133', '133', '333', '133', '133', 'aaa', 'bbb', 'ccc');
INSERT INTO `fa_global` VALUES (2, 'adsfasdf', '/upload/global/2021/03/19/841d10d1bad16a1b409acdc353099bbd.jpg', 'qqq', 1.00, '/upload/global/2021/03/19/47ef3d7faabdacf25c589c51aa01a7ab.jpg', '/upload/global/2021/03/19/04e43e5014b5e56fb90e31f0a10f9f49.jpg', '/upload/global/2021/03/19/a46c40340a8326030985184c41b1c9c3.jpg', '/upload/global/2021/03/19/80e25e8152f6e8632c06bd883ad58ab4.jpg', 0, '', 1.00, 100, 100.00, 0, '', 100, 100, 100, 100, 100, 100, 100, 100, 100.00, 100.00, 100.00, 100.00, 100.00, 100.00, 100.00, 100.00, 100.00, 100, '', '', '', '', '', NULL, NULL, NULL, NULL, NULL, NULL, NULL, NULL, NULL, NULL, NULL, NULL, NULL, NULL);
INSERT INTO `fa_global` VALUES (20, '123', '/upload/global/2021/03/18/435bbeded8e6a95911c5f2a55ebeb542.png', '', NULL, '/upload/global/2021/03/18/5368b219caa8610c7f41f86e31fa2fe4.png', '/upload/global/2021/03/18/a043cb50d6d14aae687a485f64be5a1b.png', '/upload/global/2021/03/18/0b2d10a8ac165c9fd8a5d1d1922ba956.png', NULL, 0, '', NULL, NULL, NULL, 0, '', NULL, NULL, NULL, NULL, NULL, NULL, NULL, NULL, NULL, NULL, NULL, NULL, NULL, NULL, NULL, NULL, NULL, NULL, NULL, '', NULL, NULL, NULL, NULL, NULL, NULL, NULL, NULL, NULL, NULL, NULL, NULL, NULL, NULL, NULL, NULL, NULL);
INSERT INTO `fa_global` VALUES (21, '123', '/upload/global/2021/03/18/b14273a708aadbd2bc8380212477bc54.png', '123', 111.00, '/upload/global/2021/03/18/0b8dff3b329e45aab09c7ec3b0d2108d.png', '/upload/global/2021/03/18/7d19c6b010b41e508d6f122fc3ab2e6a.png', '/upload/global/2021/03/18/2cf928bc8e7911e6fc4d611c6d64d0ae.png', NULL, 0, '12', 111.00, 111, 111.00, 0, '1', NULL, NULL, NULL, NULL, NULL, NULL, NULL, NULL, 1.00, 1.00, NULL, NULL, NULL, NULL, NULL, 1.00, 11.00, NULL, NULL, '', NULL, NULL, NULL, NULL, NULL, NULL, NULL, NULL, NULL, NULL, NULL, NULL, NULL, NULL, NULL, NULL, NULL);
INSERT INTO `fa_global` VALUES (24, '1212', '/upload/global/2021/03/18/6754690040f513245e4242a48a7641fc.png', '1212', 12.00, '/upload/global/2021/03/18/9bdf06cc37eadc9109620ef02ae2b8b1.png', '/upload/global/2021/03/18/bbb426662f69aefcdf0ee27fcd81478b.png', '/upload/global/2021/03/18/190286356cede1f7730b1302422866c0.png', NULL, 0, '1212', 1212.00, 1212, 12.00, 0, '1212', 1212, 1212, 1212, 1212, 1212, 1212, 1212, 1212, 1212.00, 1212.00, 1212.00, 1212.00, 1212.00, 1212.00, 1212.00, 1212.00, 1212.00, NULL, NULL, '', NULL, NULL, NULL, NULL, NULL, NULL, NULL, NULL, NULL, NULL, NULL, NULL, NULL, NULL, NULL, NULL, NULL);

-- ----------------------------
-- Table structure for fa_log
-- ----------------------------
DROP TABLE IF EXISTS `fa_log`;
CREATE TABLE `fa_log`  (
  `id` bigint(20) NOT NULL AUTO_INCREMENT,
  `user_id` bigint(20) NULL DEFAULT NULL COMMENT '用户id',
  `opname` varchar(50) CHARACTER SET utf8 COLLATE utf8_general_ci NULL DEFAULT NULL COMMENT '执行者姓名',
  `modelname` varchar(50) CHARACTER SET utf8 COLLATE utf8_general_ci NULL DEFAULT NULL COMMENT '功能名',
  `methodname` varchar(50) CHARACTER SET utf8 COLLATE utf8_general_ci NULL DEFAULT NULL COMMENT '方法名',
  `remark` varchar(255) CHARACTER SET utf8 COLLATE utf8_general_ci NULL DEFAULT NULL COMMENT '说明',
  `ip` varchar(100) CHARACTER SET utf8 COLLATE utf8_general_ci NULL DEFAULT NULL COMMENT 'ip地址',
  `duration` int(11) NULL DEFAULT NULL COMMENT '执行时间（毫秒）',
  `add_time` datetime(0) NULL DEFAULT NULL,
  PRIMARY KEY (`id`) USING BTREE
) ENGINE = InnoDB AUTO_INCREMENT = 328 CHARACTER SET = utf8 COLLATE = utf8_general_ci ROW_FORMAT = Dynamic;

-- ----------------------------
-- Records of fa_log
-- ----------------------------
INSERT INTO `fa_log` VALUES (74, 1, 'admin', '系统', '登录', '', '0:0:0:0:0:0:0:1', NULL, '2021-03-25 16:24:49');
INSERT INTO `fa_log` VALUES (75, 1, 'admin', '系统', '修改用户', 'fff', '0:0:0:0:0:0:0:1', NULL, '2021-03-25 16:24:58');
INSERT INTO `fa_log` VALUES (76, 1, 'admin', '系统', '新增用户', 'ggg', '0:0:0:0:0:0:0:1', NULL, '2021-03-25 16:25:38');
INSERT INTO `fa_log` VALUES (77, 1, 'admin', '系统', '登录', '', '0:0:0:0:0:0:0:1', NULL, '2021-03-25 16:30:23');
INSERT INTO `fa_log` VALUES (78, 1, 'admin', '系统', '删除用户', '24', '0:0:0:0:0:0:0:1', NULL, '2021-03-25 16:30:32');
INSERT INTO `fa_log` VALUES (79, 1, 'admin', '系统', '删除用户', '23', '0:0:0:0:0:0:0:1', NULL, '2021-03-25 16:31:54');
INSERT INTO `fa_log` VALUES (80, 1, 'admin', '系统', '登录', '', '0:0:0:0:0:0:0:1', NULL, '2021-03-25 16:35:46');
INSERT INTO `fa_log` VALUES (81, 1, 'admin', '系统', '删除用户', '19', '0:0:0:0:0:0:0:1', NULL, '2021-03-25 16:36:31');
INSERT INTO `fa_log` VALUES (82, 1, 'admin', '系统', '删除用户', '25,26,27', '0:0:0:0:0:0:0:1', NULL, '2021-03-25 16:36:40');
INSERT INTO `fa_log` VALUES (83, 1, 'admin', '系统', '登录', '', '0:0:0:0:0:0:0:1', NULL, '2021-03-25 16:38:00');
INSERT INTO `fa_log` VALUES (85, 1, 'admin', '系统', '删除用户', '28,29', '0:0:0:0:0:0:0:1', NULL, '2021-03-25 16:38:25');
INSERT INTO `fa_log` VALUES (86, 1, 'admin', '系统', '登录', '', '0:0:0:0:0:0:0:1', NULL, '2021-03-25 16:41:48');
INSERT INTO `fa_log` VALUES (87, 1, 'admin', '系统', '登录', '', '0:0:0:0:0:0:0:1', NULL, '2021-03-25 16:51:17');
INSERT INTO `fa_log` VALUES (88, 1, 'admin', '系统', '新增菜单', 'aaa', '0:0:0:0:0:0:0:1', NULL, '2021-03-25 16:51:40');
INSERT INTO `fa_log` VALUES (89, 1, 'admin', '系统', '修改菜单', 'aaaaaa', '0:0:0:0:0:0:0:1', NULL, '2021-03-25 16:51:47');
INSERT INTO `fa_log` VALUES (90, 1, 'admin', '系统', '删除菜单', '165', '0:0:0:0:0:0:0:1', NULL, '2021-03-25 16:52:06');
INSERT INTO `fa_log` VALUES (91, 1, 'admin', '系统', '登录', '', '0:0:0:0:0:0:0:1', NULL, '2021-03-25 16:54:35');
INSERT INTO `fa_log` VALUES (92, 1, 'admin', '系统', '修改全局设置', '', '0:0:0:0:0:0:0:1', NULL, '2021-03-25 16:54:38');
INSERT INTO `fa_log` VALUES (93, 1, 'admin', '系统', '登录', '', '0:0:0:0:0:0:0:1', NULL, '2021-03-26 08:44:28');
INSERT INTO `fa_log` VALUES (94, 1, 'admin', '系统', '登录', '', '0:0:0:0:0:0:0:1', NULL, '2021-03-26 08:59:57');
INSERT INTO `fa_log` VALUES (95, 1, 'admin', '系统', '登录', '', '127.0.0.1', NULL, '2021-03-26 09:16:54');
INSERT INTO `fa_log` VALUES (96, 1, 'admin', '系统', '登录', '', '0:0:0:0:0:0:0:1', NULL, '2021-03-26 09:42:11');
INSERT INTO `fa_log` VALUES (97, 1, 'admin', '系统', '登录', '', '0:0:0:0:0:0:0:1', NULL, '2021-03-26 10:17:38');
INSERT INTO `fa_log` VALUES (98, 1, 'admin', '系统', '登录', '', '0:0:0:0:0:0:0:1', NULL, '2021-03-26 11:22:44');
INSERT INTO `fa_log` VALUES (99, 1, 'admin', '系统', '登录', '', '0:0:0:0:0:0:0:1', NULL, '2021-03-26 13:20:35');
INSERT INTO `fa_log` VALUES (100, 1, 'admin', '系统', '登录', '', '0:0:0:0:0:0:0:1', NULL, '2021-03-26 13:23:15');
INSERT INTO `fa_log` VALUES (101, 1, 'admin', '系统', '登录', '', '0:0:0:0:0:0:0:1', NULL, '2021-03-26 13:55:30');
INSERT INTO `fa_log` VALUES (102, 1, 'admin', '系统', '登录', '', '0:0:0:0:0:0:0:1', NULL, '2021-03-26 14:05:37');
INSERT INTO `fa_log` VALUES (103, 1, 'admin', '系统', '登录', '', '0:0:0:0:0:0:0:1', NULL, '2021-03-26 14:29:19');
INSERT INTO `fa_log` VALUES (104, 1, 'admin', '系统', '登录', '', '0:0:0:0:0:0:0:1', NULL, '2021-03-26 14:33:32');
INSERT INTO `fa_log` VALUES (105, 1, 'admin', '系统', '登录', '', '0:0:0:0:0:0:0:1', NULL, '2021-03-26 14:54:49');
INSERT INTO `fa_log` VALUES (106, 1, 'admin', '系统', '登录', '', '0:0:0:0:0:0:0:1', NULL, '2021-03-26 14:55:54');
INSERT INTO `fa_log` VALUES (107, 1, 'admin', '系统', '登录', '', '0:0:0:0:0:0:0:1', NULL, '2021-03-26 14:56:31');
INSERT INTO `fa_log` VALUES (108, 1, 'admin', '系统', '登录', '', '0:0:0:0:0:0:0:1', NULL, '2021-03-26 14:58:12');
INSERT INTO `fa_log` VALUES (109, 1, 'admin', '系统', '登录', '', '0:0:0:0:0:0:0:1', NULL, '2021-03-26 15:00:10');
INSERT INTO `fa_log` VALUES (110, 1, 'admin', '系统', '登录', '', '0:0:0:0:0:0:0:1', NULL, '2021-03-26 15:03:57');
INSERT INTO `fa_log` VALUES (111, 1, 'admin', '系统', '登录', '', '0:0:0:0:0:0:0:1', NULL, '2021-03-26 15:43:28');
INSERT INTO `fa_log` VALUES (112, 1, 'admin', '系统', '登录', '', '0:0:0:0:0:0:0:1', NULL, '2021-03-26 15:46:02');
INSERT INTO `fa_log` VALUES (113, 1, 'admin', '系统', '登录', '', '0:0:0:0:0:0:0:1', NULL, '2021-03-26 16:40:20');
INSERT INTO `fa_log` VALUES (114, 1, 'admin', '系统', '登录', '', '0:0:0:0:0:0:0:1', NULL, '2021-03-26 16:57:54');
INSERT INTO `fa_log` VALUES (115, 1, 'admin', '系统', '登录', '', '0:0:0:0:0:0:0:1', NULL, '2021-03-26 17:00:10');
INSERT INTO `fa_log` VALUES (116, 1, 'admin', '系统', '登录', '', '0:0:0:0:0:0:0:1', NULL, '2021-03-27 08:55:48');
INSERT INTO `fa_log` VALUES (117, 1, 'admin', '系统', '登录', '', '0:0:0:0:0:0:0:1', NULL, '2021-03-27 08:57:25');
INSERT INTO `fa_log` VALUES (118, 1, 'admin', '系统', '登录', '', '0:0:0:0:0:0:0:1', NULL, '2021-03-27 08:58:10');
INSERT INTO `fa_log` VALUES (119, 1, 'admin', '系统', '登录', '', '0:0:0:0:0:0:0:1', NULL, '2021-03-27 09:20:14');
INSERT INTO `fa_log` VALUES (120, 1, 'admin', '系统', '登录', '', '0:0:0:0:0:0:0:1', NULL, '2021-03-27 09:26:13');
INSERT INTO `fa_log` VALUES (121, 1, 'admin', '系统', '登录', '', '0:0:0:0:0:0:0:1', NULL, '2021-03-27 09:33:53');
INSERT INTO `fa_log` VALUES (122, 1, 'admin', '系统', '登录', '', '0:0:0:0:0:0:0:1', NULL, '2021-03-27 09:36:53');
INSERT INTO `fa_log` VALUES (123, 1, 'admin', '系统', '登录', '', '0:0:0:0:0:0:0:1', NULL, '2021-03-27 09:44:50');
INSERT INTO `fa_log` VALUES (124, 1, 'admin', '系统', '登录', '', '0:0:0:0:0:0:0:1', NULL, '2021-03-27 09:51:17');
INSERT INTO `fa_log` VALUES (125, 1, 'admin', '系统', '登录', '', '0:0:0:0:0:0:0:1', NULL, '2021-03-27 10:00:16');
INSERT INTO `fa_log` VALUES (126, 1, 'admin', '系统', '登录', '', '0:0:0:0:0:0:0:1', NULL, '2021-03-27 10:02:36');
INSERT INTO `fa_log` VALUES (127, 1, 'admin', '系统', '登录', '', '0:0:0:0:0:0:0:1', NULL, '2021-03-27 10:07:36');
INSERT INTO `fa_log` VALUES (128, 1, 'admin', '系统', '登录', '', '0:0:0:0:0:0:0:1', NULL, '2021-03-27 10:08:57');
INSERT INTO `fa_log` VALUES (129, 1, 'admin', '系统', '登录', '', '127.0.0.1', NULL, '2021-03-27 10:10:35');
INSERT INTO `fa_log` VALUES (130, 1, 'admin', '系统', '登录', '', '0:0:0:0:0:0:0:1', NULL, '2021-03-27 10:47:10');
INSERT INTO `fa_log` VALUES (131, 1, 'admin', '系统', '登录', '', '0:0:0:0:0:0:0:1', NULL, '2021-03-27 11:04:31');
INSERT INTO `fa_log` VALUES (132, 1, 'admin', '系统', '登录', '', '0:0:0:0:0:0:0:1', NULL, '2021-03-27 11:31:34');
INSERT INTO `fa_log` VALUES (133, 1, 'admin', '系统', '登录', '', '0:0:0:0:0:0:0:1', NULL, '2021-03-27 11:39:14');
INSERT INTO `fa_log` VALUES (134, 1, 'admin', '系统', '修改菜单', '门店列表', '0:0:0:0:0:0:0:1', NULL, '2021-03-27 11:40:06');
INSERT INTO `fa_log` VALUES (135, 1, 'admin', '系统', '登录', '', '0:0:0:0:0:0:0:1', NULL, '2021-03-27 12:22:16');
INSERT INTO `fa_log` VALUES (136, 1, 'admin', '系统', '登录', '', '0:0:0:0:0:0:0:1', NULL, '2021-03-27 12:48:26');
INSERT INTO `fa_log` VALUES (137, 1, 'admin', '系统', '登录', '', '0:0:0:0:0:0:0:1', NULL, '2021-03-27 12:51:34');
INSERT INTO `fa_log` VALUES (138, 1, 'admin', '系统', '登录', '', '0:0:0:0:0:0:0:1', NULL, '2021-03-27 12:51:57');
INSERT INTO `fa_log` VALUES (139, 1, 'admin', '系统', '登录', '', '0:0:0:0:0:0:0:1', NULL, '2021-03-27 12:53:15');
INSERT INTO `fa_log` VALUES (140, 1, 'admin', '系统', '登录', '', '0:0:0:0:0:0:0:1', NULL, '2021-03-27 12:54:38');
INSERT INTO `fa_log` VALUES (141, 1, 'admin', '系统', '登录', '', '0:0:0:0:0:0:0:1', NULL, '2021-03-27 12:54:37');
INSERT INTO `fa_log` VALUES (142, 1, 'admin', '系统', '登录', '', '0:0:0:0:0:0:0:1', NULL, '2021-03-27 12:55:22');
INSERT INTO `fa_log` VALUES (143, 1, 'admin', '系统', '登录', '', '0:0:0:0:0:0:0:1', NULL, '2021-03-27 12:55:25');
INSERT INTO `fa_log` VALUES (144, 1, 'admin', '系统', '登录', '', '0:0:0:0:0:0:0:1', NULL, '2021-03-27 12:55:55');
INSERT INTO `fa_log` VALUES (145, 1, 'admin', '系统', '登录', '', '127.0.0.1', NULL, '2021-03-27 13:34:48');
INSERT INTO `fa_log` VALUES (146, 1, 'admin', '系统', '登录', '', '0:0:0:0:0:0:0:1', NULL, '2021-03-27 13:39:15');
INSERT INTO `fa_log` VALUES (147, 1, 'admin', '系统', '登录', '', '0:0:0:0:0:0:0:1', NULL, '2021-03-27 13:52:07');
INSERT INTO `fa_log` VALUES (148, 1, 'admin', '系统', '登录', '', '0:0:0:0:0:0:0:1', NULL, '2021-03-27 14:34:08');
INSERT INTO `fa_log` VALUES (149, 1, 'admin', '系统', '登录', '', '0:0:0:0:0:0:0:1', NULL, '2021-03-27 14:49:59');
INSERT INTO `fa_log` VALUES (150, 1, 'admin', '系统', '登录', '', '0:0:0:0:0:0:0:1', NULL, '2021-03-27 14:53:23');
INSERT INTO `fa_log` VALUES (151, 1, 'admin', '系统', '登录', '', '0:0:0:0:0:0:0:1', NULL, '2021-03-27 14:56:38');
INSERT INTO `fa_log` VALUES (152, 1, 'admin', '系统', '登录', '', '0:0:0:0:0:0:0:1', NULL, '2021-03-27 14:57:46');
INSERT INTO `fa_log` VALUES (153, 1, 'admin', '系统', '登录', '', '0:0:0:0:0:0:0:1', NULL, '2021-03-27 15:00:45');
INSERT INTO `fa_log` VALUES (154, 1, 'admin', '系统', '登录', '', '0:0:0:0:0:0:0:1', NULL, '2021-03-27 15:29:35');
INSERT INTO `fa_log` VALUES (155, 1, 'admin', '系统', '登录', '', '0:0:0:0:0:0:0:1', NULL, '2021-03-27 15:36:38');
INSERT INTO `fa_log` VALUES (156, 1, 'admin', '系统', '登录', '', '0:0:0:0:0:0:0:1', NULL, '2021-03-27 16:51:35');
INSERT INTO `fa_log` VALUES (157, 1, 'admin', '系统', '登录', '', '0:0:0:0:0:0:0:1', NULL, '2021-03-27 16:54:48');
INSERT INTO `fa_log` VALUES (158, 1, 'admin', '商品标签', '修改状态', '1', '0:0:0:0:0:0:0:1', NULL, '2021-03-27 16:55:03');
INSERT INTO `fa_log` VALUES (159, 1, 'admin', '商品标签', '修改状态', '1', '0:0:0:0:0:0:0:1', NULL, '2021-03-27 16:55:06');
INSERT INTO `fa_log` VALUES (160, 1, 'admin', '商品标签', '修改状态', '2', '0:0:0:0:0:0:0:1', NULL, '2021-03-27 16:55:08');
INSERT INTO `fa_log` VALUES (161, 1, 'admin', '商品标签', '修改状态', '2', '0:0:0:0:0:0:0:1', NULL, '2021-03-27 16:55:10');
INSERT INTO `fa_log` VALUES (162, 1, 'admin', '系统', '登录', '', '0:0:0:0:0:0:0:1', NULL, '2021-03-29 09:02:53');
INSERT INTO `fa_log` VALUES (163, 1, 'admin', '系统', '修改全局设置', '', '0:0:0:0:0:0:0:1', NULL, '2021-03-29 09:04:08');
INSERT INTO `fa_log` VALUES (164, 1, 'admin', '系统', '修改全局设置', '', '0:0:0:0:0:0:0:1', NULL, '2021-03-29 09:04:09');
INSERT INTO `fa_log` VALUES (165, 1, 'admin', '系统', '修改全局设置', '', '0:0:0:0:0:0:0:1', NULL, '2021-03-29 09:04:10');
INSERT INTO `fa_log` VALUES (166, 1, 'admin', '系统', '修改全局设置', '', '0:0:0:0:0:0:0:1', NULL, '2021-03-29 09:04:11');
INSERT INTO `fa_log` VALUES (167, 1, 'admin', '系统', '修改全局设置', '', '0:0:0:0:0:0:0:1', NULL, '2021-03-29 09:04:16');
INSERT INTO `fa_log` VALUES (168, 1, 'admin', '系统', '修改全局设置', '', '0:0:0:0:0:0:0:1', NULL, '2021-03-29 09:04:21');
INSERT INTO `fa_log` VALUES (169, 1, 'admin', '系统', '修改全局设置', '', '0:0:0:0:0:0:0:1', NULL, '2021-03-29 09:04:22');
INSERT INTO `fa_log` VALUES (170, 1, 'admin', '系统', '修改全局设置', '', '0:0:0:0:0:0:0:1', NULL, '2021-03-29 09:04:24');
INSERT INTO `fa_log` VALUES (171, 1, 'admin', '系统', '修改全局设置', '', '0:0:0:0:0:0:0:1', NULL, '2021-03-29 09:04:28');
INSERT INTO `fa_log` VALUES (172, 1, 'admin', '商品品类', '新增商品品类', 'aaa', '0:0:0:0:0:0:0:1', NULL, '2021-03-29 09:05:12');
INSERT INTO `fa_log` VALUES (173, 1, 'admin', '商品品类', '修改商品品类', 'aaa', '0:0:0:0:0:0:0:1', NULL, '2021-03-29 09:05:37');
INSERT INTO `fa_log` VALUES (174, 1, 'admin', '用户管理', '添加用户', 'eee', '0:0:0:0:0:0:0:1', NULL, '2021-03-29 09:06:50');
INSERT INTO `fa_log` VALUES (175, 1, 'admin', '系统', '登录', '', '0:0:0:0:0:0:0:1', NULL, '2021-03-29 09:08:25');
INSERT INTO `fa_log` VALUES (176, 1, 'admin', '系统', '修改全局设置', '', '0:0:0:0:0:0:0:1', NULL, '2021-03-29 09:08:52');
INSERT INTO `fa_log` VALUES (177, 1, 'admin', '系统', '登录', '', '0:0:0:0:0:0:0:1', NULL, '2021-03-29 09:10:49');
INSERT INTO `fa_log` VALUES (178, 1, 'admin', '系统', '修改全局设置', '', '0:0:0:0:0:0:0:1', NULL, '2021-03-29 09:10:59');
INSERT INTO `fa_log` VALUES (179, 1, 'admin', '系统', '修改全局设置', '', '0:0:0:0:0:0:0:1', NULL, '2021-03-29 09:11:08');
INSERT INTO `fa_log` VALUES (180, 1, 'admin', '用户管理', '添加用户', 'ddd', '0:0:0:0:0:0:0:1', NULL, '2021-03-29 09:13:19');
INSERT INTO `fa_log` VALUES (181, 1, 'admin', '系统', '登录', '', '0:0:0:0:0:0:0:1', NULL, '2021-03-29 09:17:33');
INSERT INTO `fa_log` VALUES (182, 1, 'admin', '系统', '修改全局设置', '', '0:0:0:0:0:0:0:1', NULL, '2021-03-29 09:17:54');
INSERT INTO `fa_log` VALUES (183, 1, 'admin', '系统', '修改全局设置', '', '0:0:0:0:0:0:0:1', NULL, '2021-03-29 09:17:57');
INSERT INTO `fa_log` VALUES (184, 1, 'admin', '系统', '修改全局设置', '', '0:0:0:0:0:0:0:1', NULL, '2021-03-29 09:18:02');
INSERT INTO `fa_log` VALUES (185, 1, 'admin', '系统', '修改全局设置', '', '0:0:0:0:0:0:0:1', NULL, '2021-03-29 09:20:32');
INSERT INTO `fa_log` VALUES (186, 1, 'admin', '系统', '修改全局设置', '', '0:0:0:0:0:0:0:1', NULL, '2021-03-29 09:20:38');
INSERT INTO `fa_log` VALUES (187, 1, 'admin', '系统', '修改全局设置', '', '0:0:0:0:0:0:0:1', NULL, '2021-03-29 09:22:22');
INSERT INTO `fa_log` VALUES (188, 1, 'admin', '系统', '修改全局设置', '', '0:0:0:0:0:0:0:1', NULL, '2021-03-29 09:22:23');
INSERT INTO `fa_log` VALUES (189, 1, 'admin', '系统', '修改全局设置', '', '0:0:0:0:0:0:0:1', NULL, '2021-03-29 09:22:31');
INSERT INTO `fa_log` VALUES (190, 1, 'admin', '系统', '修改全局设置', '', '0:0:0:0:0:0:0:1', NULL, '2021-03-29 09:22:32');
INSERT INTO `fa_log` VALUES (191, 1, 'admin', '系统', '修改全局设置', '', '0:0:0:0:0:0:0:1', NULL, '2021-03-29 09:22:33');
INSERT INTO `fa_log` VALUES (192, 1, 'admin', '系统', '修改全局设置', '', '0:0:0:0:0:0:0:1', NULL, '2021-03-29 09:22:33');
INSERT INTO `fa_log` VALUES (193, 1, 'admin', '系统', '修改全局设置', '', '0:0:0:0:0:0:0:1', NULL, '2021-03-29 09:23:30');
INSERT INTO `fa_log` VALUES (194, 1, 'admin', '系统', '修改全局设置', '', '0:0:0:0:0:0:0:1', NULL, '2021-03-29 09:23:41');
INSERT INTO `fa_log` VALUES (195, 1, 'admin', '系统', '修改全局设置', '', '0:0:0:0:0:0:0:1', NULL, '2021-03-29 09:23:43');
INSERT INTO `fa_log` VALUES (196, 1, 'admin', '系统', '修改全局设置', '', '0:0:0:0:0:0:0:1', NULL, '2021-03-29 09:23:53');
INSERT INTO `fa_log` VALUES (197, 1, 'admin', '系统', '修改全局设置', '', '0:0:0:0:0:0:0:1', NULL, '2021-03-29 09:26:21');
INSERT INTO `fa_log` VALUES (198, 1, 'admin', '发货导入管理', '导出', '', '0:0:0:0:0:0:0:1', NULL, '2021-03-29 09:26:45');
INSERT INTO `fa_log` VALUES (199, 1, 'admin', '发货导入管理', '导入', '', '0:0:0:0:0:0:0:1', NULL, '2021-03-29 09:28:06');
INSERT INTO `fa_log` VALUES (200, 1, 'admin', '系统', '登录', '', '0:0:0:0:0:0:0:1', NULL, '2021-03-29 09:29:00');
INSERT INTO `fa_log` VALUES (201, 1, 'admin', '系统', '登录', '', '0:0:0:0:0:0:0:1', NULL, '2021-03-29 09:30:06');
INSERT INTO `fa_log` VALUES (202, 1, 'admin', '发货导入管理', '导入', '', '0:0:0:0:0:0:0:1', NULL, '2021-03-29 09:30:14');
INSERT INTO `fa_log` VALUES (203, 1, 'admin', '系统', '登录', '', '0:0:0:0:0:0:0:1', NULL, '2021-03-29 09:30:52');
INSERT INTO `fa_log` VALUES (204, 1, 'admin', '用户管理', '添加用户', 'ddd', '0:0:0:0:0:0:0:1', NULL, '2021-03-29 09:32:54');
INSERT INTO `fa_log` VALUES (205, 1, 'admin', '发货导入管理', '导入', '', '0:0:0:0:0:0:0:1', NULL, '2021-03-29 09:36:37');
INSERT INTO `fa_log` VALUES (206, 1, 'admin', '系统', '登录', '', '0:0:0:0:0:0:0:1', NULL, '2021-03-29 09:36:50');
INSERT INTO `fa_log` VALUES (207, 1, 'admin', '发货导入管理', '导入', '', '0:0:0:0:0:0:0:1', NULL, '2021-03-29 09:37:00');
INSERT INTO `fa_log` VALUES (208, 1, 'admin', '系统', '登录', '', '0:0:0:0:0:0:0:1', NULL, '2021-03-29 09:37:50');
INSERT INTO `fa_log` VALUES (209, 1, 'admin', '发货导入管理', '导入', '', '0:0:0:0:0:0:0:1', NULL, '2021-03-29 09:38:51');
INSERT INTO `fa_log` VALUES (210, 1, 'admin', '系统', '登录', '', '0:0:0:0:0:0:0:1', NULL, '2021-03-29 09:39:01');
INSERT INTO `fa_log` VALUES (211, 1, 'admin', '用户管理', '添加用户', 'ddd', '0:0:0:0:0:0:0:1', NULL, '2021-03-29 09:39:08');
INSERT INTO `fa_log` VALUES (212, 1, 'admin', '发货导入管理', '导入', '', '0:0:0:0:0:0:0:1', NULL, '2021-03-29 09:39:12');
INSERT INTO `fa_log` VALUES (213, 1, 'admin', '系统', '登录', '', '0:0:0:0:0:0:0:1', NULL, '2021-03-29 09:40:26');
INSERT INTO `fa_log` VALUES (214, 1, 'admin', '发货导入管理', '导入', '', '0:0:0:0:0:0:0:1', NULL, '2021-03-29 09:40:36');
INSERT INTO `fa_log` VALUES (215, 1, 'admin', '系统', '登录', '', '0:0:0:0:0:0:0:1', NULL, '2021-03-29 10:33:43');
INSERT INTO `fa_log` VALUES (216, 1, 'admin', '用户管理', '添加用户', 'ddd', '0:0:0:0:0:0:0:1', NULL, '2021-03-29 10:35:35');
INSERT INTO `fa_log` VALUES (217, 1, 'admin', '用户管理', '添加用户', 'ddd', '0:0:0:0:0:0:0:1', NULL, '2021-03-29 10:35:39');
INSERT INTO `fa_log` VALUES (218, 1, 'admin', '系统', '登录', '', '0:0:0:0:0:0:0:1', NULL, '2021-03-29 11:02:31');
INSERT INTO `fa_log` VALUES (219, 1, 'admin', '系统', '登录', '', '0:0:0:0:0:0:0:1', NULL, '2021-03-29 11:03:34');
INSERT INTO `fa_log` VALUES (220, 1, 'admin', '系统', '登录', '', '0:0:0:0:0:0:0:1', NULL, '2021-03-29 11:03:43');
INSERT INTO `fa_log` VALUES (221, 1, 'admin', '系统', '登录', '', '0:0:0:0:0:0:0:1', NULL, '2021-03-29 11:32:07');
INSERT INTO `fa_log` VALUES (222, 1, 'admin', '系统', '登录', '', '0:0:0:0:0:0:0:1', NULL, '2021-03-29 13:06:01');
INSERT INTO `fa_log` VALUES (223, 1, 'admin', '系统', '登录', '', '0:0:0:0:0:0:0:1', NULL, '2021-03-29 14:09:53');
INSERT INTO `fa_log` VALUES (224, 1, 'admin', '系统', '登录', '', '0:0:0:0:0:0:0:1', NULL, '2021-03-29 14:47:43');
INSERT INTO `fa_log` VALUES (225, 1, 'admin', '系统', '登录', '', '0:0:0:0:0:0:0:1', NULL, '2021-03-30 12:39:51');
INSERT INTO `fa_log` VALUES (226, 1, 'admin', '系统', '登录', '', '0:0:0:0:0:0:0:1', NULL, '2021-03-30 12:51:58');
INSERT INTO `fa_log` VALUES (227, 1, 'admin', '系统', '登录', '', '0:0:0:0:0:0:0:1', NULL, '2021-03-30 12:53:39');
INSERT INTO `fa_log` VALUES (228, 1, 'admin', '系统', '登录', '', '0:0:0:0:0:0:0:1', NULL, '2021-03-30 13:09:34');
INSERT INTO `fa_log` VALUES (229, 1, 'admin', '商品管理', '添加商品', 'aaa', '0:0:0:0:0:0:0:1', NULL, '2021-03-30 13:09:58');
INSERT INTO `fa_log` VALUES (230, 1, 'admin', '系统', '登录', '', '0:0:0:0:0:0:0:1', NULL, '2021-03-30 13:11:32');
INSERT INTO `fa_log` VALUES (231, 1, 'admin', '系统', '登录', '', '0:0:0:0:0:0:0:1', NULL, '2021-03-30 13:21:45');
INSERT INTO `fa_log` VALUES (232, 1, 'admin', '商品管理', '修改商品', 'aaa', '0:0:0:0:0:0:0:1', NULL, '2021-03-30 13:21:58');
INSERT INTO `fa_log` VALUES (233, 1, 'admin', '系统', '登录', '', '0:0:0:0:0:0:0:1', NULL, '2021-03-30 14:28:57');
INSERT INTO `fa_log` VALUES (234, 1, 'admin', '系统', '登录', '', '0:0:0:0:0:0:0:1', NULL, '2021-03-30 14:29:01');
INSERT INTO `fa_log` VALUES (235, 1, 'admin', '系统', '登录', '', '0:0:0:0:0:0:0:1', NULL, '2021-03-30 15:19:09');
INSERT INTO `fa_log` VALUES (236, 1, 'admin', '系统', '登录', '', '0:0:0:0:0:0:0:1', NULL, '2021-03-30 15:19:18');
INSERT INTO `fa_log` VALUES (237, 1, 'admin', '系统', '登录', '', '127.0.0.1', NULL, '2021-03-30 15:54:38');
INSERT INTO `fa_log` VALUES (238, 1, 'admin', '系统', '登录', '', '0:0:0:0:0:0:0:1', NULL, '2021-03-30 15:55:13');
INSERT INTO `fa_log` VALUES (239, 1, 'admin', '系统', '登录', '', '127.0.0.1', NULL, '2021-03-30 15:55:19');
INSERT INTO `fa_log` VALUES (240, 1, 'admin', '系统', '登录', '', '127.0.0.1', NULL, '2021-03-30 15:55:34');
INSERT INTO `fa_log` VALUES (241, 1, 'admin', '系统', '登录', '', '0:0:0:0:0:0:0:1', NULL, '2021-03-30 16:07:30');
INSERT INTO `fa_log` VALUES (242, 1, 'admin', '系统', '登录', '', '0:0:0:0:0:0:0:1', NULL, '2021-03-30 16:14:10');
INSERT INTO `fa_log` VALUES (243, 1, 'admin', '系统', '登录', '', '0:0:0:0:0:0:0:1', NULL, '2021-04-01 13:49:41');
INSERT INTO `fa_log` VALUES (244, 1, 'admin', '系统', '登录', '', '58.244.15.82', NULL, '2021-04-01 14:20:31');
INSERT INTO `fa_log` VALUES (245, 1, 'admin', '系统', '登录', '', '58.244.15.82', NULL, '2021-04-01 15:52:53');
INSERT INTO `fa_log` VALUES (246, 1, 'admin', '系统', '登录', '', '58.244.15.82', NULL, '2021-04-01 15:52:57');
INSERT INTO `fa_log` VALUES (247, 1, 'admin', '系统', '登录', '', '58.244.15.82', NULL, '2021-04-01 16:17:48');
INSERT INTO `fa_log` VALUES (248, 1, 'admin', '系统', '登录', '', '58.244.15.82', NULL, '2021-04-01 16:17:51');
INSERT INTO `fa_log` VALUES (249, 1, 'admin', '商品管理', '修改商品', '叉烧肉白底图', '58.244.15.82', NULL, '2021-04-01 16:22:04');
INSERT INTO `fa_log` VALUES (250, 1, 'admin', '商品管理', '修改商品', '哈尔滨红肠', '58.244.15.82', NULL, '2021-04-01 16:25:29');
INSERT INTO `fa_log` VALUES (251, 1, 'admin', '系统', '登录', '', '58.244.15.82', NULL, '2021-04-01 16:29:14');
INSERT INTO `fa_log` VALUES (252, 1, 'admin', '系统', '登录', '', '58.244.15.82', NULL, '2021-04-01 16:29:19');
INSERT INTO `fa_log` VALUES (253, 1, 'admin', '商品管理', '修改商品', '培根5', '58.244.15.82', NULL, '2021-04-01 16:39:26');
INSERT INTO `fa_log` VALUES (254, 1, 'admin', '系统', '登录', '', '58.244.15.82', NULL, '2021-04-01 16:44:08');
INSERT INTO `fa_log` VALUES (255, 1, 'admin', '商品管理', '修改商品', '叉烧肉白底图', '58.244.15.82', NULL, '2021-04-01 16:44:33');
INSERT INTO `fa_log` VALUES (256, 1, 'admin', '商品管理', '修改商品', '哈尔滨红肠', '58.244.15.82', NULL, '2021-04-01 16:45:59');
INSERT INTO `fa_log` VALUES (257, 1, 'admin', '系统', '登录', '', '58.244.15.82', NULL, '2021-04-01 16:50:42');
INSERT INTO `fa_log` VALUES (258, 1, 'admin', '商品管理', '每日特价', '10', '58.244.15.82', NULL, '2021-04-01 16:55:24');
INSERT INTO `fa_log` VALUES (259, 1, 'admin', '系统', '登录', '', '58.244.15.82', NULL, '2021-04-02 08:39:48');
INSERT INTO `fa_log` VALUES (260, 1, 'admin', '商品品类', '修改商品品类', '肉禽蛋类', '58.244.15.82', NULL, '2021-04-02 08:43:44');
INSERT INTO `fa_log` VALUES (261, 1, 'admin', '商品品类', '修改商品品类', '粮油零食', '58.244.15.82', NULL, '2021-04-02 08:53:15');
INSERT INTO `fa_log` VALUES (262, 1, 'admin', '商品品类', '修改商品品类', '速食冻品', '58.244.15.82', NULL, '2021-04-02 08:53:38');
INSERT INTO `fa_log` VALUES (263, 1, 'admin', '商品品类', '修改商品品类', '水果蔬菜', '58.244.15.82', NULL, '2021-04-02 08:55:52');
INSERT INTO `fa_log` VALUES (264, 1, 'admin', '商品品类', '修改商品品类', '肉禽蛋类', '58.244.15.82', NULL, '2021-04-02 08:59:54');
INSERT INTO `fa_log` VALUES (265, 1, 'admin', '商品品类', '修改商品品类', '餐饮熟食', '58.244.15.82', NULL, '2021-04-02 09:00:20');
INSERT INTO `fa_log` VALUES (266, 1, 'admin', '系统', '登录', '', '58.244.15.82', NULL, '2021-04-02 09:21:38');
INSERT INTO `fa_log` VALUES (267, 1, 'admin', '商品管理', '修改商品', '五花肉', '58.244.15.82', NULL, '2021-04-02 09:22:49');
INSERT INTO `fa_log` VALUES (268, 1, 'admin', '商品管理', '每日特价', '11', '58.244.15.82', NULL, '2021-04-02 09:23:12');
INSERT INTO `fa_log` VALUES (269, 1, 'admin', '商品管理', '修改商品', '五花肉', '58.244.15.82', NULL, '2021-04-02 09:26:57');
INSERT INTO `fa_log` VALUES (270, 1, 'admin', '商品管理', '修改商品', '五花肉', '58.244.15.82', NULL, '2021-04-02 09:28:32');
INSERT INTO `fa_log` VALUES (271, 1, 'admin', '商品管理', '修改商品', '里脊', '58.244.15.82', NULL, '2021-04-02 09:31:40');
INSERT INTO `fa_log` VALUES (272, 1, 'admin', '商品管理', '修改商品', '哈尔滨红肠', '58.244.15.82', NULL, '2021-04-02 09:34:55');
INSERT INTO `fa_log` VALUES (273, 1, 'admin', '商品管理', '修改商品', '梅花肉', '58.244.15.82', NULL, '2021-04-02 09:35:16');
INSERT INTO `fa_log` VALUES (274, 1, 'admin', '商品管理', '修改商品', '猪腿肉', '58.244.15.82', NULL, '2021-04-02 09:38:06');
INSERT INTO `fa_log` VALUES (275, 1, 'admin', '商品管理', '修改商品', '哈尔滨红肠', '58.244.15.82', NULL, '2021-04-02 09:42:45');
INSERT INTO `fa_log` VALUES (276, 1, 'admin', '商品管理', '修改商品', '培根', '58.244.15.82', NULL, '2021-04-02 09:45:27');
INSERT INTO `fa_log` VALUES (277, 1, 'admin', '商品管理', '修改商品', '排骨', '58.244.15.82', NULL, '2021-04-02 09:53:07');
INSERT INTO `fa_log` VALUES (278, 1, 'admin', '商品管理', '修改商品', '里脊肉', '58.244.15.82', NULL, '2021-04-02 09:54:14');
INSERT INTO `fa_log` VALUES (279, 1, 'admin', '商品管理', '修改商品', '香肠', '58.244.15.82', NULL, '2021-04-02 10:02:11');
INSERT INTO `fa_log` VALUES (280, 1, 'admin', '商品管理', '修改商品', '培根5', '58.244.15.82', NULL, '2021-04-02 10:02:37');
INSERT INTO `fa_log` VALUES (281, 1, 'admin', '商品管理', '修改商品', '排骨', '58.244.15.82', NULL, '2021-04-02 10:04:56');
INSERT INTO `fa_log` VALUES (282, 1, 'admin', '商品管理', '修改商品', '里脊肉', '58.244.15.82', NULL, '2021-04-02 10:05:08');
INSERT INTO `fa_log` VALUES (283, 1, 'admin', '商品管理', '修改商品', '香肠', '58.244.15.82', NULL, '2021-04-02 10:05:50');
INSERT INTO `fa_log` VALUES (284, 1, 'admin', '商品管理', '每日特价', '1', '58.244.15.82', NULL, '2021-04-02 10:10:32');
INSERT INTO `fa_log` VALUES (285, 1, 'admin', '系统', '登录', '', '58.244.15.82', NULL, '2021-04-02 11:10:53');
INSERT INTO `fa_log` VALUES (286, 1, 'admin', '系统', '登录', '', '58.244.15.82', NULL, '2021-04-02 11:10:56');
INSERT INTO `fa_log` VALUES (287, 1, 'admin', '系统', '登录', '', '58.244.15.82', NULL, '2021-04-02 11:42:55');
INSERT INTO `fa_log` VALUES (288, 1, 'admin', '系统', '登录', '', '58.244.15.82', NULL, '2021-04-02 11:43:32');
INSERT INTO `fa_log` VALUES (289, 1, 'admin', '系统', '登录', '', '58.244.15.82', NULL, '2021-04-02 14:19:06');
INSERT INTO `fa_log` VALUES (290, 1, 'admin', '商品品类', '新增商品品类', 'bbb', '58.244.15.82', NULL, '2021-04-02 14:19:43');
INSERT INTO `fa_log` VALUES (291, 1, 'admin', '系统', '登录', '', '0:0:0:0:0:0:0:1', NULL, '2021-04-02 15:17:15');
INSERT INTO `fa_log` VALUES (292, 1, 'admin', '系统', '登录', '', '0:0:0:0:0:0:0:1', NULL, '2021-04-02 15:17:19');
INSERT INTO `fa_log` VALUES (293, 1, 'admin', '系统', '登录', '', '58.244.15.82', NULL, '2021-04-02 15:24:21');
INSERT INTO `fa_log` VALUES (294, 1, 'admin', '系统', '登录', '', '58.244.15.82', NULL, '2021-04-02 15:24:25');
INSERT INTO `fa_log` VALUES (295, 1, 'admin', '系统', '登录', '', '58.244.15.82', NULL, '2021-04-02 15:28:08');
INSERT INTO `fa_log` VALUES (296, 1, 'admin', '系统', '登录', '', '58.244.15.82', NULL, '2021-04-02 16:01:53');
INSERT INTO `fa_log` VALUES (297, 1, 'admin', '系统', '登录', '', '58.244.15.82', NULL, '2021-04-02 16:01:58');
INSERT INTO `fa_log` VALUES (298, 1, 'admin', '系统', '登录', '', '58.244.15.82', NULL, '2021-04-02 16:33:15');
INSERT INTO `fa_log` VALUES (299, 1, 'admin', '系统', '登录', '', '58.244.15.82', NULL, '2021-04-02 16:35:43');
INSERT INTO `fa_log` VALUES (300, 1, 'admin', '系统', '登录', '', '58.244.15.82', NULL, '2021-04-02 16:35:54');
INSERT INTO `fa_log` VALUES (301, 1, 'admin', '系统', '登录', '', '58.244.15.82', NULL, '2021-04-02 16:36:15');
INSERT INTO `fa_log` VALUES (302, 1, 'admin', '系统', '登录', '', '58.244.15.82', NULL, '2021-04-06 11:30:14');
INSERT INTO `fa_log` VALUES (303, 1, 'admin', '商品品类', '修改商品品类', '富硒鸡蛋', '58.244.15.82', NULL, '2021-04-06 11:34:08');
INSERT INTO `fa_log` VALUES (304, 1, 'admin', '商品品类', '修改商品品类', '富硒大米', '58.244.15.82', NULL, '2021-04-06 11:34:20');
INSERT INTO `fa_log` VALUES (305, 1, 'admin', '商品品类', '新增商品品类', '五花肉', '58.244.15.82', NULL, '2021-04-06 11:34:52');
INSERT INTO `fa_log` VALUES (306, 1, 'admin', '商品品类', '新增商品品类', '后丘', '58.244.15.82', NULL, '2021-04-06 11:35:10');
INSERT INTO `fa_log` VALUES (307, 1, 'admin', '商品品类', '新增商品品类', '排骨', '58.244.15.82', NULL, '2021-04-06 11:35:29');
INSERT INTO `fa_log` VALUES (308, 1, 'admin', '商品品类', '修改商品品类', '富硒大米', '58.244.15.82', NULL, '2021-04-06 11:36:03');
INSERT INTO `fa_log` VALUES (309, 1, 'admin', '系统', '登录', '', '58.244.15.82', NULL, '2021-04-06 13:48:41');
INSERT INTO `fa_log` VALUES (310, 1, 'admin', '系统', '登录', '', '58.244.15.82', NULL, '2021-04-06 13:48:44');
INSERT INTO `fa_log` VALUES (311, 1, 'admin', '系统', '登录', '', '58.244.15.82', NULL, '2021-04-06 13:48:45');
INSERT INTO `fa_log` VALUES (312, 1, 'admin', '系统', '登录', '', '58.244.15.82', NULL, '2021-04-06 13:48:49');
INSERT INTO `fa_log` VALUES (313, 1, 'admin', '商品管理', '修改商品', '里脊', '58.244.15.82', NULL, '2021-04-06 13:50:44');
INSERT INTO `fa_log` VALUES (314, 1, 'admin', '商品管理', '修改商品', '五花肉', '58.244.15.82', NULL, '2021-04-06 13:51:18');
INSERT INTO `fa_log` VALUES (315, 1, 'admin', '商品管理', '修改商品', '梅花肉', '58.244.15.82', NULL, '2021-04-06 13:52:28');
INSERT INTO `fa_log` VALUES (316, 1, 'admin', '系统', '登录', '', '0:0:0:0:0:0:0:1', NULL, '2021-04-06 13:52:55');
INSERT INTO `fa_log` VALUES (317, 1, 'admin', '商品管理', '修改商品', '猪腿肉', '58.244.15.82', NULL, '2021-04-06 13:53:40');
INSERT INTO `fa_log` VALUES (318, 1, 'admin', '商品管理', '修改商品', '哈尔滨红肠', '58.244.15.82', NULL, '2021-04-06 13:54:03');
INSERT INTO `fa_log` VALUES (319, 1, 'admin', '商品管理', '修改商品', 'aaa', '0:0:0:0:0:0:0:1', NULL, '2021-04-06 13:55:10');
INSERT INTO `fa_log` VALUES (320, 1, 'admin', '商品管理', '修改商品', 'aaa', '0:0:0:0:0:0:0:1', NULL, '2021-04-06 13:55:23');
INSERT INTO `fa_log` VALUES (321, 1, 'admin', '商品管理', '修改商品', '培根', '58.244.15.82', NULL, '2021-04-06 13:55:24');
INSERT INTO `fa_log` VALUES (322, 1, 'admin', '商品品类', '新增商品品类', 'aaa', '0:0:0:0:0:0:0:1', NULL, '2021-04-06 13:56:03');
INSERT INTO `fa_log` VALUES (323, 1, 'admin', '系统', '登录', '', '0:0:0:0:0:0:0:1', NULL, '2021-04-06 14:03:39');
INSERT INTO `fa_log` VALUES (324, 1, 'admin', '系统', '登录', '', '0:0:0:0:0:0:0:1', NULL, '2021-04-06 14:06:15');
INSERT INTO `fa_log` VALUES (325, 1, 'admin', '商品品类', '修改商品品类', '秒杀', '0:0:0:0:0:0:0:1', NULL, '2021-04-06 14:06:32');
INSERT INTO `fa_log` VALUES (326, 1, 'admin', '商品品类', '修改商品品类', '限时秒杀', '0:0:0:0:0:0:0:1', NULL, '2021-04-06 14:06:45');
INSERT INTO `fa_log` VALUES (327, 1, 'admin', '商品品类', '修改商品品类', '限时秒杀', '0:0:0:0:0:0:0:1', NULL, '2021-04-06 14:06:56');

-- ----------------------------
-- Table structure for fa_logistics
-- ----------------------------
DROP TABLE IF EXISTS `fa_logistics`;
CREATE TABLE `fa_logistics`  (
  `id` int(10) UNSIGNED NOT NULL AUTO_INCREMENT,
  `logi_name` varchar(30) CHARACTER SET utf8mb4 COLLATE utf8mb4_general_ci NULL DEFAULT NULL COMMENT '物流公司名称',
  `logi_code` varchar(50) CHARACTER SET utf8mb4 COLLATE utf8mb4_general_ci NULL DEFAULT NULL COMMENT '物流公司编码',
  `sort` tinyint(3) UNSIGNED NULL DEFAULT 100 COMMENT '排序 越小越靠前',
  PRIMARY KEY (`id`) USING BTREE,
  UNIQUE INDEX `logi_code`(`logi_code`) USING BTREE,
  INDEX `sort`(`sort`) USING BTREE
) ENGINE = InnoDB AUTO_INCREMENT = 1 CHARACTER SET = utf8mb4 COLLATE = utf8mb4_general_ci COMMENT = '物流公司表' ROW_FORMAT = COMPACT;

-- ----------------------------
-- Records of fa_logistics
-- ----------------------------

-- ----------------------------
-- Table structure for fa_order
-- ----------------------------
DROP TABLE IF EXISTS `fa_order`;
CREATE TABLE `fa_order`  (
  `id` bigint(20) NOT NULL AUTO_INCREMENT,
  `order_id` varchar(100) CHARACTER SET utf8 COLLATE utf8_general_ci NULL DEFAULT '' COMMENT '订单号：FD90909989384343',
  `user_id` bigint(20) NULL DEFAULT NULL COMMENT 'userid',
  `user_account` varchar(100) CHARACTER SET utf8 COLLATE utf8_general_ci NULL DEFAULT NULL COMMENT '用户账号',
  `user_nick` varchar(100) CHARACTER SET utf8 COLLATE utf8_general_ci NULL DEFAULT NULL COMMENT '用户昵称',
  `true_name` varchar(100) CHARACTER SET utf8 COLLATE utf8_general_ci NULL DEFAULT NULL COMMENT '真实姓名',
  `mobile_number` varchar(20) CHARACTER SET utf8 COLLATE utf8_general_ci NULL DEFAULT NULL COMMENT '用户手机号',
  `channel_id` int(11) NULL DEFAULT NULL COMMENT '渠道ID-如菜篮子店、地利鲜店等',
  `product_count` int(11) NULL DEFAULT NULL COMMENT '商品数量',
  `receive_name` varchar(100) CHARACTER SET utf8 COLLATE utf8_general_ci NULL DEFAULT NULL COMMENT '收件人姓名',
  `receive_telphone` varchar(100) CHARACTER SET utf8 COLLATE utf8_general_ci NULL DEFAULT NULL COMMENT '收货人电话',
  `address` varchar(100) CHARACTER SET utf8 COLLATE utf8_general_ci NULL DEFAULT NULL COMMENT '收获地址',
  `comments` varchar(100) CHARACTER SET utf8 COLLATE utf8_general_ci NULL DEFAULT NULL COMMENT '用户备注',
  `system_comments` varchar(100) CHARACTER SET utf8 COLLATE utf8_general_ci NULL DEFAULT NULL COMMENT '系统备注',
  `pay_amount` decimal(12, 4) NULL DEFAULT NULL COMMENT '支付金额',
  `is_comments` int(1) NULL DEFAULT NULL COMMENT '是否评价 0未评价，1已评价',
  `is_sales` int(1) NULL DEFAULT NULL COMMENT '是否售后 0未售后，1已售后',
  `product_amount` decimal(12, 4) NULL DEFAULT NULL COMMENT '商品金额',
  `discount_amount` decimal(12, 4) NULL DEFAULT NULL COMMENT '优惠金额，通过优惠券，满减，积分等',
  `trade_status` int(1) NULL DEFAULT NULL COMMENT '订单状态  1: 已取消 2待发货  3待收货 4已签收',
  `send_time` datetime(0) NULL DEFAULT NULL COMMENT '发货时间',
  `pay_time` datetime(0) NULL DEFAULT NULL COMMENT '支付时间',
  `pay_way` int(1) NULL DEFAULT NULL COMMENT '支付类型：1 微信支付 2 支付宝支付 3储值卡 4购物积分',
  `pay_status` int(1) NULL DEFAULT NULL COMMENT '支付状态：0 未付款 1 已付款',
  `pay_no` varchar(255) CHARACTER SET utf8 COLLATE utf8_general_ci NULL DEFAULT NULL COMMENT '第三方支付单号',
  `order_status` int(1) NULL DEFAULT NULL COMMENT '订单状态：1 生效中 2 已删除 999 超时订单',
  `total_weight` decimal(12, 4) NULL DEFAULT NULL COMMENT '总重量',
  `total_score` decimal(12, 4) NULL DEFAULT NULL COMMENT '总积分',
  `code` varchar(255) CHARACTER SET utf8 COLLATE utf8_general_ci NULL DEFAULT NULL COMMENT '网页防刷code',
  `express_no` varchar(255) CHARACTER SET utf8 COLLATE utf8_general_ci NULL DEFAULT NULL COMMENT '快递单号',
  `express_id` bigint(11) NULL DEFAULT NULL COMMENT '快递公司id',
  `express_name` varchar(255) CHARACTER SET utf8 COLLATE utf8_general_ci NULL DEFAULT NULL COMMENT '快递公司',
  `province` bigint(255) NULL DEFAULT NULL COMMENT '省份',
  `express_fee` decimal(12, 4) NULL DEFAULT NULL COMMENT '快递费：每公斤单价',
  `is_backpay` int(1) NULL DEFAULT NULL COMMENT '是否退款',
  `backpay_amount` decimal(12, 4) NULL DEFAULT NULL COMMENT '退款金额',
  `shop_id` bigint(20) NULL DEFAULT NULL COMMENT '门店id',
  `shop_name` varchar(100) CHARACTER SET utf8 COLLATE utf8_general_ci NULL DEFAULT NULL COMMENT '门店名称',
  `create_time` datetime(0) NULL DEFAULT CURRENT_TIMESTAMP(0) COMMENT '下单时间',
  PRIMARY KEY (`id`) USING BTREE,
  INDEX `order_id`(`order_id`) USING BTREE
) ENGINE = InnoDB AUTO_INCREMENT = 104 CHARACTER SET = utf8 COLLATE = utf8_general_ci ROW_FORMAT = DYNAMIC;

-- ----------------------------
-- Records of fa_order
-- ----------------------------
INSERT INTO `fa_order` VALUES (1, 'FZ2012112092390840', 99, 'abc', NULL, '先生', NULL, 1, 2, '先生', '15600384846', '雍和嘉园9号楼302室', '请填写备注', 'aaaa', 32.6000, 1, 1, 105.2000, 72.6000, 1, '2021-03-08 11:23:43', '2021-03-08 11:23:52', 1, 0, NULL, 999, NULL, NULL, NULL, NULL, NULL, NULL, NULL, 10.0000, NULL, NULL, 1, '第一个门店', '2021-03-23 19:46:32');
INSERT INTO `fa_order` VALUES (2, 'FZ2012120262556544', 99, NULL, NULL, '未来', NULL, 1, 2, '未来', '15600000000', '啊look噜啦啦噜啦啦可口可乐了', '请填写备注', NULL, 32.6000, 1, 1, 105.2000, 72.6000, 1, '2021-03-09 11:23:56', '2021-03-09 11:24:00', 1, 0, NULL, 999, NULL, NULL, NULL, NULL, NULL, NULL, NULL, 10.0000, NULL, NULL, 1, '第一个门店', '2021-03-10 09:54:57');
INSERT INTO `fa_order` VALUES (3, 'FZ2012120211591600', 139, NULL, NULL, '未来', NULL, 1, 2, '未来', '15600000000', '啊look噜啦啦噜啦啦可口可乐了', '请填写备注', NULL, 32.6000, 1, 1, 105.2000, 72.6000, 1, NULL, NULL, 1, 0, NULL, 999, NULL, NULL, NULL, NULL, NULL, NULL, NULL, 10.0000, NULL, NULL, 2, '第二个门店', '2020-12-12 10:00:10');
INSERT INTO `fa_order` VALUES (4, 'FZ2012120518392329', 139, NULL, NULL, '未来', NULL, 1, 2, '未来', '15600000000', '啊look噜啦啦噜啦啦可口可乐了', '请填写备注', NULL, 32.6000, 1, 1, 105.2000, 72.6000, 1, NULL, NULL, 1, 0, NULL, 999, NULL, NULL, NULL, NULL, NULL, NULL, NULL, 10.0000, NULL, NULL, 3, '建设街店', '2020-12-12 10:02:12');
INSERT INTO `fa_order` VALUES (5, 'FZ2012120459223637', 139, NULL, NULL, '未来', NULL, 1, 2, '未来', '15600000000', '啊look噜啦啦噜啦啦可口可乐了', '请填写备注', NULL, 32.6000, 1, 1, 105.2000, 72.6000, 1, NULL, NULL, 1, 0, NULL, 999, NULL, NULL, NULL, NULL, NULL, NULL, NULL, 10.0000, NULL, NULL, NULL, NULL, '2020-12-12 10:02:31');
INSERT INTO `fa_order` VALUES (6, 'FZ2012120212701430', 115, NULL, NULL, '未来', NULL, 1, 2, '未来', '15600000000', '啊look噜啦啦噜啦啦可口可乐了', '请填写备注', NULL, 32.6000, 1, 1, 105.2000, 72.6000, 1, NULL, NULL, 1, 0, NULL, 999, NULL, NULL, NULL, NULL, NULL, NULL, NULL, 10.0000, NULL, NULL, NULL, NULL, '2020-12-12 10:02:37');
INSERT INTO `fa_order` VALUES (7, 'FZ2012120210199939', 115, NULL, NULL, '先生', NULL, 1, 2, '先生', '15600384846', '雍和嘉园9号楼302室', '无', NULL, 63.2000, 1, 1, 71.6000, 8.4000, 1, NULL, NULL, 1, 0, NULL, 999, NULL, NULL, NULL, NULL, NULL, NULL, NULL, 10.0000, NULL, NULL, NULL, NULL, '2020-12-12 02:02:38');
INSERT INTO `fa_order` VALUES (8, 'FZ2012121232453095', 115, NULL, NULL, '先生', NULL, 1, 2, '先生', '15600384846', '雍和嘉园9号楼302室', '无', NULL, 63.2000, 1, 1, 71.6000, 8.4000, 1, NULL, NULL, 1, 0, NULL, 999, NULL, NULL, NULL, NULL, NULL, NULL, NULL, 10.0000, NULL, NULL, NULL, NULL, '2020-12-12 02:06:43');
INSERT INTO `fa_order` VALUES (9, 'FZ2012121902717506', 115, NULL, NULL, '先生', NULL, 1, 2, '先生', '15600384846', '雍和嘉园9号楼302室', '无', NULL, 63.2000, 1, 1, 71.6000, 8.4000, 1, NULL, NULL, 1, 0, NULL, 999, NULL, NULL, NULL, NULL, NULL, NULL, NULL, 10.0000, NULL, NULL, NULL, NULL, '2020-12-12 02:06:55');
INSERT INTO `fa_order` VALUES (10, 'FZ2012120364967581', 115, NULL, NULL, '先生', NULL, 1, 2, '先生', '15600384846', '雍和嘉园9号楼302室', '无', NULL, 63.2000, 1, 1, 71.6000, 8.4000, 2, NULL, NULL, 1, 0, NULL, 999, NULL, NULL, NULL, NULL, NULL, NULL, NULL, 10.0000, NULL, NULL, NULL, NULL, '2020-12-12 07:08:53');
INSERT INTO `fa_order` VALUES (11, 'FZ2012120676816308', 115, NULL, NULL, '先生', NULL, 1, 2, '先生', '15600384846', '雍和嘉园9号楼302室', '无', NULL, 63.2000, 1, 1, 71.6000, 8.4000, 2, NULL, NULL, 1, 0, NULL, 999, NULL, NULL, NULL, NULL, NULL, NULL, NULL, 10.0000, NULL, NULL, NULL, NULL, '2020-12-12 07:08:56');
INSERT INTO `fa_order` VALUES (12, 'FZ2012120921563583', 115, NULL, NULL, '先生', NULL, 1, 2, '先生', '15600384846', '雍和嘉园9号楼302室', '无', NULL, 63.2000, 1, 1, 71.6000, 8.4000, 2, NULL, NULL, 1, 0, NULL, 999, NULL, NULL, NULL, NULL, NULL, NULL, NULL, 10.0000, NULL, NULL, NULL, NULL, '2020-12-12 07:10:24');
INSERT INTO `fa_order` VALUES (13, 'FZ2012121594684365', 115, NULL, NULL, '先生', NULL, 1, 2, '先生', '15600384846', '雍和嘉园9号楼302室', '无', NULL, 63.2000, 1, 1, 71.6000, 8.4000, 2, NULL, NULL, 1, 0, NULL, 999, NULL, NULL, NULL, NULL, NULL, NULL, NULL, 10.0000, NULL, NULL, NULL, NULL, '2020-12-12 07:10:27');
INSERT INTO `fa_order` VALUES (14, 'FZ2012131980369158', 115, NULL, NULL, '先生', NULL, 1, 2, '先生', '15600384846', '雍和嘉园9号楼302室', '无', NULL, 63.2000, 1, 1, 71.6000, 8.4000, 2, NULL, NULL, 1, 0, NULL, 1, NULL, NULL, NULL, NULL, NULL, NULL, NULL, 10.0000, NULL, NULL, NULL, NULL, '2020-12-13 00:48:16');
INSERT INTO `fa_order` VALUES (15, 'FZ2012131700775679', 115, NULL, NULL, '15600000000', NULL, 1, 2, '15600000000', '15600000000', '北京市6组', '无', NULL, 63.2000, 1, 1, 71.6000, 8.4000, 2, NULL, NULL, 1, 0, NULL, 1, NULL, NULL, NULL, NULL, NULL, NULL, NULL, 10.0000, NULL, NULL, NULL, NULL, '2020-12-13 01:15:08');
INSERT INTO `fa_order` VALUES (16, 'FZ2012131422225123', 115, NULL, NULL, '15600000000', NULL, 1, 2, '15600000000', '15600000000', '北京市6组', '无', NULL, 63.2000, 1, 1, 71.6000, 8.4000, 2, NULL, NULL, 1, 0, NULL, 1, NULL, NULL, NULL, NULL, NULL, NULL, NULL, 10.0000, NULL, NULL, NULL, NULL, '2020-12-13 01:15:12');
INSERT INTO `fa_order` VALUES (17, 'FZ2012132026466642', 115, NULL, NULL, '15600000000', NULL, 1, 2, '15600000000', '15600000000', '北京市6组', '无', NULL, 63.2000, 1, 1, 71.6000, 8.4000, 2, NULL, NULL, 1, 0, NULL, 1, NULL, NULL, NULL, NULL, NULL, NULL, NULL, 10.0000, NULL, NULL, NULL, NULL, '2020-12-13 01:17:02');
INSERT INTO `fa_order` VALUES (18, 'FZ2012132070569207', 115, NULL, NULL, '先生', NULL, 1, 2, '先生', '15600384846', '雍和嘉园9号楼302室', '无', NULL, 63.2000, 1, 1, 71.6000, 8.4000, 2, NULL, NULL, 1, 0, NULL, 1, NULL, NULL, NULL, NULL, NULL, NULL, NULL, 10.0000, NULL, NULL, NULL, NULL, '2020-12-13 01:19:05');
INSERT INTO `fa_order` VALUES (19, 'FZ2012130348048941', 115, NULL, NULL, '15600000000', NULL, 1, 2, '15600000000', '15600000000', '北京市6组', '无', NULL, 63.2000, 1, 1, 71.6000, 8.4000, 2, NULL, NULL, 1, 0, NULL, 1, NULL, NULL, NULL, NULL, NULL, NULL, NULL, 10.0000, NULL, NULL, NULL, NULL, '2020-12-13 01:19:15');
INSERT INTO `fa_order` VALUES (20, 'FZ2012131640928690', 115, NULL, NULL, '15600000000', NULL, 1, 2, '15600000000', '15600000000', '北京市6组', '无', NULL, 63.2000, 1, 1, 71.6000, 8.4000, 2, NULL, NULL, 1, 0, NULL, 1, NULL, NULL, NULL, NULL, NULL, NULL, NULL, 10.0000, NULL, NULL, NULL, NULL, '2020-12-13 01:27:46');
INSERT INTO `fa_order` VALUES (21, 'FZ2012140501665829', 115, NULL, NULL, 'receiveName', NULL, 1, 2, 'receiveName', '15600384846', 'address', '无', NULL, 63.2000, 1, 1, 71.6000, 8.4000, 2, NULL, NULL, 1, 0, NULL, 1, NULL, NULL, NULL, NULL, NULL, NULL, NULL, 10.0000, NULL, NULL, NULL, NULL, '2020-12-14 22:27:16');
INSERT INTO `fa_order` VALUES (22, 'FZ2012141730298379', 115, NULL, NULL, 'receiveName', NULL, 1, 2, 'receiveName', '15600384846', 'address', '无', NULL, 63.2000, 1, 1, 71.6000, 8.4000, 2, NULL, NULL, 1, 0, NULL, 1, NULL, NULL, NULL, NULL, NULL, NULL, NULL, 10.0000, NULL, NULL, NULL, NULL, '2020-12-14 22:27:32');
INSERT INTO `fa_order` VALUES (23, 'FZ2012141126304317', 115, NULL, NULL, 'receiveName', NULL, 1, 2, 'receiveName', '15600384846', 'address', '无', NULL, 63.2000, 1, 1, 71.6000, 8.4000, 2, NULL, NULL, 1, 0, NULL, 1, NULL, NULL, NULL, NULL, NULL, NULL, NULL, 10.0000, NULL, NULL, NULL, NULL, '2020-12-14 22:27:34');
INSERT INTO `fa_order` VALUES (24, 'FZ2012140104134686', 115, NULL, NULL, '15600000000', NULL, 1, 2, '15600000000', '15600000000', '北京市6组', '无', NULL, 63.2000, 1, 1, 71.6000, 8.4000, 2, NULL, NULL, 1, 0, NULL, 1, NULL, NULL, NULL, NULL, NULL, NULL, NULL, 10.0000, NULL, NULL, NULL, NULL, '2020-12-14 22:28:40');
INSERT INTO `fa_order` VALUES (25, 'FZ2012141483280237', 115, NULL, NULL, '15600000000', NULL, 1, 2, '15600000000', '15600000000', '北京市6组', '无', NULL, 63.2000, 1, 1, 71.6000, 8.4000, 2, NULL, NULL, 1, 0, NULL, 1, NULL, NULL, NULL, NULL, NULL, NULL, NULL, 10.0000, NULL, NULL, NULL, NULL, '2020-12-14 22:28:48');
INSERT INTO `fa_order` VALUES (26, 'FZ2012140802254726', 115, NULL, NULL, '黎勇', NULL, 1, 2, '黎勇', '13501058621', '北京市昌邑区22号', NULL, NULL, 0.0000, 1, 1, 143.2000, 143.2000, 2, NULL, NULL, 1, 0, NULL, 1, NULL, NULL, NULL, NULL, NULL, NULL, NULL, 10.0000, NULL, NULL, NULL, NULL, '2020-12-14 23:24:04');
INSERT INTO `fa_order` VALUES (27, 'FZ2012151960829178', 115, NULL, NULL, '15600000000', NULL, 1, 2, '15600000000', '15600000000', '北京市6组', '无', NULL, 63.2000, 1, 1, 71.6000, 8.4000, 3, NULL, NULL, 1, 1, NULL, 1, NULL, NULL, NULL, '222249', 4, '圆通速递', NULL, 10.0000, NULL, NULL, NULL, NULL, '2020-12-15 09:48:25');
INSERT INTO `fa_order` VALUES (28, 'FZ2012151636506717', 115, NULL, NULL, '先生', NULL, 1, 2, '先生', '15600384846', '雍和嘉园9号楼302室', '无', NULL, 63.2000, 1, 1, 71.6000, 8.4000, 3, NULL, NULL, 1, 1, NULL, 1, NULL, NULL, NULL, '222250', 4, '圆通速递', NULL, 10.0000, NULL, NULL, NULL, NULL, '2020-12-15 11:11:18');
INSERT INTO `fa_order` VALUES (29, 'FZ2012150270748154', 115, NULL, NULL, '15600000000', NULL, 1, 2, '15600000000', '15600000000', '北京市6组', '无', NULL, 63.2000, 1, 1, 71.6000, 8.4000, 3, NULL, NULL, 1, 1, NULL, 1, NULL, NULL, NULL, '222251', 4, '圆通速递', NULL, 10.0000, NULL, NULL, NULL, NULL, '2020-12-15 04:02:17');
INSERT INTO `fa_order` VALUES (30, 'FZ2012150011469246', 115, NULL, NULL, '15600000000', NULL, 1, 2, '15600000000', '15600000000', '北京市6组', '无', NULL, 63.2000, 1, 1, 71.6000, 8.4000, 3, NULL, NULL, 1, 1, NULL, 1, NULL, NULL, NULL, '222252', 4, '圆通速递', NULL, 10.0000, NULL, NULL, NULL, NULL, '2020-12-15 04:18:34');
INSERT INTO `fa_order` VALUES (31, 'FZ2012150828473121', 115, NULL, NULL, '15600000000', NULL, 1, 2, '15600000000', '15600000000', '北京市6组', '无', NULL, 63.2000, 1, 1, 71.6000, 8.4000, 3, NULL, NULL, 1, 1, NULL, 1, NULL, NULL, NULL, '222253', 4, '圆通速递', NULL, 10.0000, NULL, NULL, NULL, NULL, '2020-12-15 05:26:40');
INSERT INTO `fa_order` VALUES (32, 'FZ2012160250324029', 115, NULL, NULL, '15600000000', NULL, 1, 2, '15600000000', '15600000000', '北京市6组', '无', NULL, 63.2000, 1, 1, 71.6000, 8.4000, 1, NULL, NULL, 1, 0, NULL, 1, NULL, NULL, NULL, NULL, NULL, NULL, NULL, 10.0000, NULL, NULL, NULL, NULL, '2020-12-15 10:34:16');
INSERT INTO `fa_order` VALUES (33, 'FZ2012162088862522', 115, NULL, NULL, '15600000000', NULL, 1, 2, '15600000000', '15600000000', '北京市6组', '无', NULL, 63.2000, 1, 1, 71.6000, 8.4000, 1, NULL, NULL, 1, 0, NULL, 1, NULL, NULL, NULL, NULL, NULL, NULL, NULL, 10.0000, NULL, NULL, NULL, NULL, '2020-12-15 10:34:19');
INSERT INTO `fa_order` VALUES (34, 'FZ2012161270197317', 115, NULL, NULL, '15600000000', NULL, 1, 2, '15600000000', '15600000000', '北京市6组', '无', NULL, 63.2000, 1, 1, 71.6000, 8.4000, 1, NULL, NULL, 1, 0, NULL, 1, NULL, NULL, NULL, NULL, NULL, NULL, NULL, 10.0000, NULL, NULL, NULL, NULL, '2020-12-15 10:34:22');
INSERT INTO `fa_order` VALUES (35, 'FZ2012161872991015', 115, NULL, NULL, '15600000000', NULL, 1, 2, '15600000000', '15600000000', '北京市6组', '无', NULL, 63.2000, 1, 1, 71.6000, 8.4000, 2, NULL, NULL, 1, 0, NULL, 1, NULL, NULL, NULL, NULL, NULL, NULL, NULL, 10.0000, NULL, NULL, NULL, NULL, '2020-12-15 10:34:26');
INSERT INTO `fa_order` VALUES (36, 'FZ2012161820570134', 115, NULL, NULL, '15600000000', NULL, 1, 2, '15600000000', '15600000000', '北京市6组', '无', NULL, 63.2000, 1, 1, 71.6000, 8.4000, 2, NULL, NULL, 1, 0, NULL, 1, NULL, NULL, NULL, NULL, NULL, NULL, NULL, 10.0000, NULL, NULL, NULL, NULL, '2020-12-15 10:34:33');
INSERT INTO `fa_order` VALUES (37, 'FZ2012161652665229', 115, NULL, NULL, '15600000000', NULL, 1, 2, '15600000000', '15600000000', '北京市6组', '无', NULL, 63.2000, 1, 1, 71.6000, 8.4000, 2, NULL, NULL, 1, 0, NULL, 1, NULL, NULL, NULL, NULL, NULL, NULL, NULL, 10.0000, NULL, NULL, NULL, NULL, '2020-12-15 20:02:23');
INSERT INTO `fa_order` VALUES (38, 'FZ2012161297275553', 115, NULL, NULL, '15600000000', NULL, 1, 2, '15600000000', '15600000000', '北京市6组', '无', NULL, 63.2000, 1, 1, 71.6000, 8.4000, 2, NULL, NULL, 1, 0, NULL, 1, NULL, NULL, NULL, NULL, NULL, NULL, NULL, 10.0000, NULL, NULL, NULL, NULL, '2020-12-15 20:03:42');
INSERT INTO `fa_order` VALUES (39, 'FZ2012161948870885', 115, NULL, NULL, '未来', NULL, 1, 2, '未来', '15600000000', '北京市6组', '无', NULL, 63.2000, 1, 1, 71.6000, 8.4000, 2, NULL, NULL, 1, 0, NULL, 1, NULL, NULL, NULL, NULL, NULL, NULL, NULL, 10.0000, NULL, NULL, NULL, NULL, '2020-12-15 20:05:09');
INSERT INTO `fa_order` VALUES (40, 'FZ2012161796346812', 115, NULL, NULL, '未来', NULL, 1, 2, '未来', '15600000000', '北京市6组', '无', NULL, 63.2000, 1, 1, 71.6000, 8.4000, 2, NULL, NULL, 1, 0, NULL, 1, NULL, NULL, NULL, NULL, NULL, NULL, NULL, 10.0000, NULL, NULL, NULL, NULL, '2020-12-16 00:03:18');
INSERT INTO `fa_order` VALUES (41, 'FZ2012160008752690', 115, NULL, NULL, '未来', NULL, 1, 2, '未来', '15600000000', '北京市6组', '无', NULL, 63.2000, 1, 1, 71.6000, 8.4000, 2, NULL, NULL, 1, 0, NULL, 1, NULL, NULL, NULL, NULL, NULL, NULL, NULL, 10.0000, NULL, NULL, NULL, NULL, '2020-12-16 00:06:52');
INSERT INTO `fa_order` VALUES (42, 'FZ2012160434882672', 115, NULL, NULL, '未来', NULL, 1, 2, '未来', '15600000000', '北京市6组', '无', NULL, 63.2000, 1, 1, 71.6000, 8.4000, 2, NULL, NULL, 1, 0, NULL, 1, NULL, NULL, NULL, NULL, NULL, NULL, NULL, 10.0000, NULL, NULL, NULL, NULL, '2020-12-16 00:06:52');
INSERT INTO `fa_order` VALUES (43, 'FZ2012160755798077', 115, NULL, NULL, '未来', NULL, 1, 2, '未来', '15600000000', '北京市6组', '无', NULL, 63.2000, 1, 1, 71.6000, 8.4000, 2, NULL, NULL, 1, 0, NULL, 1, NULL, NULL, NULL, NULL, NULL, NULL, NULL, 10.0000, NULL, NULL, NULL, NULL, '2020-12-16 01:07:34');
INSERT INTO `fa_order` VALUES (44, 'FZ2012160751534572', 115, NULL, NULL, '未来', NULL, 1, 2, '未来', '15600000000', '北京市6组', '无', NULL, 63.2000, 1, 1, 71.6000, 8.4000, 2, NULL, NULL, 1, 0, NULL, 1, NULL, NULL, NULL, NULL, NULL, NULL, NULL, 10.0000, NULL, NULL, NULL, NULL, '2020-12-16 01:11:05');
INSERT INTO `fa_order` VALUES (45, 'FZ2012160538297208', 115, NULL, NULL, '未来', NULL, 1, 2, '未来', '15600000000', '北京市6组', '无', NULL, 63.2000, 1, 1, 71.6000, 8.4000, 2, NULL, NULL, 1, 0, NULL, 1, NULL, NULL, NULL, NULL, NULL, NULL, NULL, 10.0000, NULL, NULL, NULL, NULL, '2020-12-16 01:22:16');
INSERT INTO `fa_order` VALUES (46, 'FZ2012161064098445', 115, NULL, NULL, '未来', NULL, 1, 2, '未来', '15600000000', '北京市6组', '无', NULL, 63.2000, 1, 1, 71.6000, 8.4000, 2, NULL, NULL, 1, 0, NULL, 1, NULL, NULL, NULL, NULL, NULL, NULL, NULL, 10.0000, NULL, NULL, NULL, NULL, '2020-12-16 01:22:18');
INSERT INTO `fa_order` VALUES (47, 'FZ2012160807858401', 115, NULL, NULL, '未来', NULL, 1, 2, '未来', '15600000000', '北京市6组', '无', NULL, 63.2000, 1, 1, 71.6000, 8.4000, 2, NULL, NULL, 1, 0, NULL, 1, NULL, NULL, NULL, NULL, NULL, NULL, NULL, 10.0000, NULL, NULL, NULL, NULL, '2020-12-16 01:22:19');
INSERT INTO `fa_order` VALUES (48, 'FZ2012161256055509', 115, NULL, NULL, '未来', NULL, 1, 2, '未来', '15600000000', '北京市6组', '无', NULL, 63.2000, 1, 1, 71.6000, 8.4000, 2, NULL, NULL, 1, 0, NULL, 1, NULL, NULL, NULL, NULL, NULL, NULL, NULL, 10.0000, NULL, NULL, NULL, NULL, '2020-12-16 01:27:29');
INSERT INTO `fa_order` VALUES (49, 'FZ2012160953143495', 115, NULL, NULL, '未来', NULL, 1, 2, '未来', '15600000000', '北京市6组', '无', NULL, 63.2000, 1, 1, 71.6000, 8.4000, 2, NULL, NULL, 1, 0, NULL, 1, NULL, NULL, NULL, NULL, NULL, NULL, NULL, 10.0000, NULL, NULL, NULL, NULL, '2020-12-16 01:27:35');
INSERT INTO `fa_order` VALUES (50, 'FZ2012160642958444', 115, NULL, NULL, '未来', NULL, 1, 2, '未来', '15600000000', '北京市6组', '无', NULL, 63.2000, 1, 1, 71.6000, 8.4000, 2, NULL, NULL, 1, 0, NULL, 1, NULL, NULL, NULL, NULL, NULL, NULL, NULL, 10.0000, NULL, NULL, NULL, NULL, '2020-12-16 01:27:36');
INSERT INTO `fa_order` VALUES (51, 'FZ2012161785198534', 115, NULL, NULL, '未来', NULL, 1, 2, '未来', '15600000000', '北京市6组', '无', NULL, 63.2000, 1, 1, 71.6000, 8.4000, 3, NULL, NULL, 1, 1, NULL, 1, NULL, NULL, NULL, '123456', 8, '申通快递', NULL, 10.0000, NULL, NULL, NULL, NULL, '2020-12-16 01:27:40');
INSERT INTO `fa_order` VALUES (52, 'FZ2012160213286435', 115, NULL, NULL, '未来', NULL, 1, 2, '未来', '15600000000', '北京市6组', '无', NULL, 63.2000, 1, 1, 71.6000, 8.4000, 2, NULL, NULL, 1, 0, NULL, 1, NULL, NULL, NULL, NULL, NULL, NULL, NULL, 10.0000, NULL, NULL, NULL, NULL, '2020-12-16 01:27:43');
INSERT INTO `fa_order` VALUES (53, 'FZ2012162128604426', 115, NULL, NULL, '未来', NULL, 1, 2, '未来', '15600000000', '北京市6组', '无', NULL, 63.2000, 1, 1, 71.6000, 8.4000, 2, NULL, NULL, 1, 0, NULL, 1, NULL, NULL, NULL, NULL, NULL, NULL, NULL, 10.0000, NULL, NULL, NULL, NULL, '2020-12-16 01:29:32');
INSERT INTO `fa_order` VALUES (54, 'FZ2012160421410185', 115, NULL, NULL, '未来', NULL, 1, 2, '未来', '15600000000', '北京市6组', '无', NULL, 63.2000, 1, 1, 71.6000, 8.4000, 2, NULL, NULL, 1, 0, NULL, 1, NULL, NULL, NULL, NULL, NULL, NULL, NULL, 10.0000, NULL, NULL, NULL, NULL, '2020-12-16 02:41:00');
INSERT INTO `fa_order` VALUES (55, 'FZ2012161319731776', 115, NULL, NULL, '未来', NULL, 1, 2, '未来', '15600000000', '北京市6组', '无', NULL, 63.2000, 1, 1, 71.6000, 8.4000, 2, NULL, NULL, 1, 0, NULL, 1, NULL, NULL, NULL, NULL, NULL, NULL, NULL, 10.0000, NULL, NULL, NULL, NULL, '2020-12-16 02:41:21');
INSERT INTO `fa_order` VALUES (56, 'FZ2012161455308983', 115, NULL, NULL, '未来', NULL, 1, 2, '未来', '15600000000', '北京市6组', '无', NULL, 63.2000, 1, 1, 71.6000, 8.4000, 2, NULL, NULL, 1, 0, NULL, 1, NULL, NULL, NULL, NULL, NULL, NULL, NULL, 10.0000, NULL, NULL, NULL, NULL, '2020-12-16 02:43:54');
INSERT INTO `fa_order` VALUES (57, 'FZ2012161279872463', 115, NULL, NULL, '未来', NULL, 1, 2, '未来', '15600000000', '北京市6组', '无', NULL, 63.2000, 1, 1, 71.6000, 8.4000, 2, NULL, NULL, 1, 0, NULL, 1, NULL, NULL, NULL, NULL, NULL, NULL, NULL, 10.0000, NULL, NULL, NULL, NULL, '2020-12-16 02:46:50');
INSERT INTO `fa_order` VALUES (58, 'FZ2012161728445259', 115, NULL, NULL, '未来', NULL, 1, 2, '未来', '15600000000', '北京市6组', '无', NULL, 63.2000, 1, 1, 71.6000, 8.4000, 2, NULL, NULL, 1, 0, NULL, 1, NULL, NULL, NULL, NULL, NULL, NULL, NULL, 10.0000, NULL, NULL, NULL, NULL, '2020-12-16 03:14:22');
INSERT INTO `fa_order` VALUES (59, 'FZ2012160588905245', 115, NULL, NULL, '黎勇', NULL, 1, 2, '黎勇', '13501058621', '北京市昌邑区22号', NULL, NULL, 0.0000, 1, 1, 143.2000, 143.2000, 2, NULL, NULL, 1, 0, NULL, 4, NULL, NULL, NULL, NULL, NULL, NULL, NULL, 10.0000, NULL, NULL, NULL, NULL, '2020-12-16 08:10:17');
INSERT INTO `fa_order` VALUES (60, 'FZ2012161194979394', 115, NULL, NULL, '未来', NULL, 1, 2, '未来', '15600000000', '北京市6组', '无', NULL, 63.2000, 1, 1, 71.6000, 8.4000, 2, NULL, NULL, 1, 0, NULL, 3, NULL, NULL, NULL, NULL, NULL, NULL, NULL, 10.0000, NULL, NULL, NULL, NULL, '2020-12-16 08:37:16');
INSERT INTO `fa_order` VALUES (61, 'FZ2012160001000148', 116, NULL, NULL, '先生', NULL, 1, 2, '先生', '15600384846', '雍和嘉园9号楼302室', '无', NULL, 63.2000, 1, 1, 71.6000, 8.4000, 2, NULL, NULL, 1, 0, NULL, 2, NULL, NULL, NULL, NULL, NULL, NULL, NULL, 10.0000, NULL, NULL, NULL, NULL, '2020-12-16 08:51:44');
INSERT INTO `fa_order` VALUES (62, 'FZ2012160743943356', 115, NULL, NULL, '黎勇', NULL, 1, 2, '黎勇', '13501058621', '北京市昌邑区22号', NULL, NULL, 0.0000, 1, 1, 143.2000, 143.2000, 2, NULL, NULL, 1, 0, NULL, 1, NULL, NULL, NULL, NULL, NULL, NULL, NULL, 10.0000, NULL, NULL, NULL, NULL, '2020-12-16 08:54:27');
INSERT INTO `fa_order` VALUES (63, 'FZ2012160610416553', 116, NULL, NULL, '先生', NULL, 1, 2, '先生', '15600384846', '雍和嘉园9号楼302室', '无', NULL, 63.2000, 1, 1, 71.6000, 8.4000, 2, NULL, NULL, 1, 0, NULL, 1, NULL, NULL, NULL, NULL, NULL, NULL, NULL, 10.0000, NULL, NULL, NULL, NULL, '2020-12-16 08:59:13');
INSERT INTO `fa_order` VALUES (64, 'FZ2012162069666416', 116, NULL, NULL, '先生', NULL, 1, 2, '先生', '15600384846', '雍和嘉园9号楼302室', '无', NULL, 30.6000, 1, 1, 109.6000, 79.0000, 2, NULL, NULL, 1, 0, NULL, 1, NULL, NULL, NULL, NULL, NULL, NULL, NULL, 10.0000, NULL, NULL, NULL, NULL, '2020-12-16 09:00:01');
INSERT INTO `fa_order` VALUES (65, 'FZ2012161536236501', 115, NULL, NULL, '黎勇', NULL, 1, 2, '黎勇', '13501058621', '北京市昌邑区22号', NULL, NULL, 0.0000, 1, 1, 143.2000, 143.2000, 2, NULL, NULL, 1, 0, NULL, 1, NULL, NULL, NULL, NULL, NULL, NULL, NULL, 10.0000, NULL, NULL, NULL, NULL, '2020-12-16 09:46:54');
INSERT INTO `fa_order` VALUES (66, 'FZ2012160477185097', 116, NULL, NULL, '先生', NULL, 1, 2, '先生', '15600384846', '雍和嘉园9号楼302室', '无', NULL, 30.6000, 1, 1, 109.6000, 79.0000, 2, NULL, NULL, 1, 0, NULL, 1, NULL, NULL, NULL, NULL, NULL, NULL, NULL, 10.0000, NULL, NULL, NULL, NULL, '2020-12-16 09:51:40');
INSERT INTO `fa_order` VALUES (67, 'FZ2012170817745665', 115, NULL, NULL, '未来', NULL, 1, 2, '未来', '15600000000', '北京市6组', '无', NULL, 63.2000, 1, 1, 71.6000, 8.4000, 2, NULL, NULL, 1, 0, NULL, 1, NULL, NULL, NULL, NULL, NULL, NULL, NULL, 10.0000, NULL, NULL, NULL, NULL, '2020-12-16 10:03:58');
INSERT INTO `fa_order` VALUES (68, 'FZ2012171277153808', 115, NULL, NULL, '未来', NULL, 1, 2, '未来', '15600000000', '北京市6组', '无', NULL, 63.2000, 1, 1, 71.6000, 8.4000, 2, NULL, NULL, 1, 0, NULL, 1, NULL, NULL, NULL, NULL, NULL, NULL, NULL, 10.0000, NULL, NULL, NULL, NULL, '2020-12-16 19:56:20');
INSERT INTO `fa_order` VALUES (69, 'FZ2012170791951374', 115, NULL, NULL, '未来', NULL, 1, 2, '未来', '15600000000', '北京市6组', '无', NULL, 63.2000, 1, 1, 71.6000, 8.4000, 2, NULL, NULL, 1, 0, NULL, 1, NULL, NULL, NULL, NULL, NULL, NULL, NULL, 10.0000, NULL, NULL, NULL, NULL, '2020-12-16 21:08:28');
INSERT INTO `fa_order` VALUES (70, 'FZ2012171417050060', 115, NULL, NULL, '未来', NULL, 1, 2, '未来', '15600000000', '北京市6组', '无', NULL, 63.2000, 1, 1, 71.6000, 8.4000, 2, NULL, NULL, 1, 0, NULL, 1, NULL, NULL, NULL, NULL, NULL, NULL, NULL, 10.0000, NULL, NULL, NULL, NULL, '2020-12-16 21:10:31');
INSERT INTO `fa_order` VALUES (71, 'FZ2012171691159247', 115, NULL, NULL, '未来', NULL, 1, 2, '未来', '15600000000', '北京市6组', '无', NULL, 63.2000, 1, 1, 71.6000, 8.4000, 2, NULL, NULL, 1, 0, NULL, 1, NULL, NULL, NULL, NULL, NULL, NULL, NULL, 10.0000, NULL, NULL, NULL, NULL, '2020-12-16 21:20:11');
INSERT INTO `fa_order` VALUES (72, 'FZ2012171852629987', 115, NULL, NULL, '未来', NULL, 1, 2, '未来', '15600000000', '北京市6组', '无', NULL, 63.2000, 1, 1, 71.6000, 8.4000, 2, NULL, NULL, 1, 0, NULL, 1, NULL, NULL, NULL, NULL, NULL, NULL, NULL, 10.0000, NULL, NULL, NULL, NULL, '2020-12-16 21:23:31');
INSERT INTO `fa_order` VALUES (73, 'FZ2012170038908581', 115, NULL, NULL, '未来', NULL, 1, 2, '未来', '15600000000', '北京市6组', '无', NULL, 63.2000, 1, 1, 71.6000, 8.4000, 2, NULL, NULL, 1, 0, NULL, 1, NULL, NULL, NULL, NULL, NULL, NULL, NULL, 10.0000, NULL, NULL, NULL, NULL, '2020-12-16 21:29:42');
INSERT INTO `fa_order` VALUES (74, 'FZ2012172112565904', 115, NULL, NULL, '未来', NULL, 1, 2, '未来', '15600000000', '北京市6组', '无', NULL, 63.2000, 1, 1, 71.6000, 8.4000, 2, NULL, NULL, 1, 0, NULL, 1, NULL, NULL, NULL, NULL, NULL, NULL, NULL, 10.0000, NULL, NULL, NULL, NULL, '2020-12-16 21:32:18');
INSERT INTO `fa_order` VALUES (75, 'FZ2012281971653444', 115, NULL, NULL, '未来', NULL, 1, 2, '未来', '15600000000', '北京市6组', '无', 'aaa方法', 63.2000, 1, 1, 71.6000, 8.4000, 2, NULL, NULL, 1, 0, NULL, 1, NULL, NULL, NULL, NULL, NULL, NULL, NULL, 10.0000, NULL, NULL, NULL, NULL, '2020-12-28 07:12:39');
INSERT INTO `fa_order` VALUES (76, 'FZ2012281702002006', 115, NULL, NULL, '未来', NULL, 1, 2, '未来', '15600000000', '北京市6组', '无', NULL, 63.2000, 1, 1, 71.6000, 8.4000, 2, NULL, NULL, 1, 0, NULL, 1, NULL, NULL, NULL, NULL, NULL, NULL, NULL, 10.0000, NULL, NULL, NULL, NULL, '2020-12-28 07:12:43');
INSERT INTO `fa_order` VALUES (77, 'FZ2012280970417249', 115, NULL, NULL, '未来', NULL, 1, 2, '未来', '15600000000', '北京市6组', '无', NULL, 63.2000, 1, 1, 71.6000, 8.4000, 2, NULL, NULL, 1, 0, NULL, 1, NULL, NULL, NULL, NULL, NULL, NULL, NULL, 10.0000, NULL, NULL, NULL, NULL, '2020-12-28 07:12:43');
INSERT INTO `fa_order` VALUES (78, 'FZ2012280491214022', 115, NULL, NULL, '未来', NULL, 1, 2, '未来', '15600000000', '北京市6组', '无', NULL, 63.2000, 1, 1, 71.6000, 8.4000, 2, NULL, NULL, 1, 0, NULL, 1, NULL, NULL, NULL, NULL, NULL, NULL, NULL, 10.0000, NULL, NULL, NULL, NULL, '2020-12-28 07:12:43');
INSERT INTO `fa_order` VALUES (79, 'FZ2012280175790182', 115, NULL, NULL, '未来', NULL, 1, 2, '未来', '15600000000', '北京市6组', '无', NULL, 63.2000, 1, 1, 71.6000, 8.4000, 2, NULL, NULL, 1, 0, NULL, 1, NULL, NULL, NULL, NULL, NULL, NULL, NULL, 10.0000, NULL, NULL, NULL, NULL, '2020-12-28 07:12:45');
INSERT INTO `fa_order` VALUES (80, 'FZ2012281688534219', 115, NULL, NULL, '未来', NULL, 1, 2, '未来', '15600000000', '北京市6组', '无', 'fff', 63.2000, 1, 1, 71.6000, 8.4000, 2, NULL, NULL, 1, 0, NULL, 1, NULL, NULL, NULL, NULL, NULL, NULL, NULL, 10.0000, NULL, NULL, NULL, NULL, '2020-12-28 07:12:47');
INSERT INTO `fa_order` VALUES (81, 'FZ2012281391098967', 115, NULL, NULL, '未来', NULL, 1, 2, '未来', '15600000000', '北京市6组', '无', NULL, 63.2000, 1, 1, 71.6000, 8.4000, 2, NULL, NULL, 1, 0, NULL, 1, NULL, NULL, NULL, NULL, NULL, NULL, NULL, 10.0000, NULL, NULL, NULL, NULL, '2020-12-28 07:12:47');
INSERT INTO `fa_order` VALUES (82, 'FZ2012281754295485', 115, NULL, NULL, '未来', NULL, 1, 2, '未来', '15600000000', '北京市6组', '无', NULL, 63.2000, 1, 1, 71.6000, 8.4000, 2, NULL, NULL, 1, 0, NULL, 1, NULL, NULL, NULL, NULL, NULL, NULL, NULL, 10.0000, NULL, NULL, NULL, NULL, '2020-12-28 07:12:47');
INSERT INTO `fa_order` VALUES (83, 'FZ2101070434184305', 115, NULL, NULL, '未来', NULL, 1, 1, '未来', '15600000000', '北京市6组', '无', 'aaa', 0.0000, 1, 1, 1209.6000, 1209.6000, 2, NULL, NULL, 1, 0, NULL, 1, NULL, NULL, NULL, NULL, NULL, NULL, NULL, 10.0000, NULL, NULL, NULL, NULL, '2021-01-07 01:10:41');
INSERT INTO `fa_order` VALUES (84, 'FZ2101071440522567', 115, NULL, NULL, '未来', NULL, 1, 1, '未来', '15600000000', '北京市6组', '无', 'sss啊啊啊', 0.0000, 1, 1, 1209.6000, 1209.6000, 2, NULL, NULL, 1, 0, NULL, 1, NULL, NULL, NULL, NULL, NULL, NULL, NULL, 10.0000, NULL, NULL, NULL, NULL, '2021-01-07 01:10:45');
INSERT INTO `fa_order` VALUES (85, 'FZ2101070778507476', 119, NULL, NULL, '1', NULL, 1, 1, '松鼠', '13261887767', '吉林省长春市', '无', '送一个托盘', 30.6000, 1, 1, 33.6000, 3.0000, 4, NULL, NULL, 1, 1, NULL, 1, NULL, NULL, NULL, 'zt001111', NULL, NULL, NULL, 10.0000, NULL, NULL, NULL, NULL, '2021-01-07 07:52:30');
INSERT INTO `fa_order` VALUES (86, 'FZ2101091856594712', 115, NULL, NULL, '黎勇', NULL, 1, 2, '黎勇', '13501058621', '北京市昌邑区22号', NULL, '阿斯蒂芬啊', 0.0000, 1, 1, 143.2000, 143.2000, 2, NULL, NULL, 1, 0, NULL, 1, NULL, NULL, NULL, NULL, NULL, NULL, NULL, 10.0000, NULL, NULL, NULL, NULL, '2021-01-08 20:57:16');
INSERT INTO `fa_order` VALUES (87, 'FZ2101151482246031', 115, NULL, NULL, '未来', NULL, 1, 1, '未来', '15600000000', '北京市6组', '无', NULL, 0.0000, 1, 1, 67.2000, 67.2000, 2, NULL, NULL, 1, 0, NULL, 1, NULL, NULL, NULL, NULL, NULL, NULL, NULL, 10.0000, NULL, NULL, NULL, NULL, '2021-01-15 01:53:29');
INSERT INTO `fa_order` VALUES (88, 'FZ2101160748705655', 115, NULL, NULL, '未来', NULL, 1, 1, '未来', '15600000000', '北京市6组', '无', NULL, 0.0000, 1, 1, 504.0000, 504.0000, 2, NULL, NULL, 1, 0, NULL, 1, NULL, NULL, NULL, NULL, NULL, NULL, NULL, 10.0000, NULL, NULL, NULL, NULL, '2021-01-16 05:16:37');
INSERT INTO `fa_order` VALUES (89, 'FZ2101170206597815', 117, NULL, NULL, '先生', NULL, 1, 2, '先生', '15600384846', '雍和嘉园9号楼302室111', '无', 'aaa', 0.0000, 1, 1, 1142.4000, 1142.4000, 3, NULL, NULL, 1, 1, NULL, 1, NULL, NULL, NULL, '222311', 4, '圆通速递', NULL, 10.0000, NULL, NULL, NULL, NULL, '2021-01-17 04:17:27');
INSERT INTO `fa_order` VALUES (90, 'FZ2101170732253814', 117, NULL, NULL, '先生', NULL, 1, 2, '先生', '15600384846', '雍和嘉园9号楼302室', '无', NULL, 0.0000, 1, 1, 1444.8000, 1444.8000, 3, NULL, NULL, 4, 1, NULL, 1, NULL, NULL, NULL, '12345678', NULL, NULL, NULL, 10.0000, NULL, NULL, NULL, NULL, '2021-01-17 04:18:22');
INSERT INTO `fa_order` VALUES (91, 'FZ2101171167727033', 117, NULL, NULL, '先生', NULL, 1, 2, '先生', '15600384846', '雍和嘉园9号楼302室', '无', NULL, 0.0000, 1, 1, 2184.0000, 2184.0000, 3, NULL, NULL, 3, 1, NULL, 1, NULL, NULL, NULL, '45678', NULL, NULL, NULL, 10.0000, NULL, NULL, NULL, NULL, '2021-01-17 08:28:03');
INSERT INTO `fa_order` VALUES (92, 'FZ2101270756099390', 117, NULL, NULL, '梁山', NULL, 1, 1, '梁山', '13501058622', '北京市6号', '无', NULL, 0.0100, 1, 1, 0.0100, 0.0000, 3, NULL, NULL, 2, 1, NULL, 1, NULL, NULL, NULL, '333333', NULL, NULL, NULL, 10.0000, NULL, NULL, NULL, NULL, '2021-01-27 07:12:40');
INSERT INTO `fa_order` VALUES (93, 'FZ2101270770111890', 117, NULL, NULL, '梁山', NULL, 1, 1, '梁山', '13501058622', '北京市6号', '无', NULL, 0.0100, 1, 1, 0.0100, 0.0000, 3, NULL, NULL, 1, 1, NULL, 1, NULL, NULL, NULL, '222315', 4, '圆通速递', NULL, 10.0000, NULL, NULL, NULL, NULL, '2021-01-27 07:12:43');
INSERT INTO `fa_order` VALUES (103, '', 99, 'liyong', 'aaa12', '黎勇', '13501058622', NULL, 4, NULL, NULL, NULL, NULL, NULL, NULL, NULL, NULL, 0.0000, NULL, NULL, NULL, NULL, NULL, NULL, NULL, NULL, NULL, NULL, NULL, NULL, NULL, NULL, NULL, NULL, NULL, NULL, NULL, NULL, '2021-04-06 14:19:12');

-- ----------------------------
-- Table structure for fa_order_detail
-- ----------------------------
DROP TABLE IF EXISTS `fa_order_detail`;
CREATE TABLE `fa_order_detail`  (
  `id` bigint(20) NOT NULL AUTO_INCREMENT,
  `order_id` varchar(32) CHARACTER SET utf8 COLLATE utf8_general_ci NULL DEFAULT NULL,
  `product_id` bigint(20) NULL DEFAULT NULL,
  `product_name` varchar(100) CHARACTER SET utf8 COLLATE utf8_general_ci NULL DEFAULT NULL COMMENT '商品名称',
  `measurement` varchar(100) CHARACTER SET utf8 COLLATE utf8_general_ci NULL DEFAULT NULL COMMENT '重量',
  `product_price` decimal(12, 4) NULL DEFAULT NULL COMMENT '当前价格',
  `specialofferprice` decimal(12, 4) NULL DEFAULT NULL COMMENT '优惠价',
  `product_quantity` int(11) NULL DEFAULT NULL COMMENT '数量',
  `product_icon` varchar(500) CHARACTER SET utf8 COLLATE utf8_general_ci NULL DEFAULT NULL COMMENT '小图',
  `score` decimal(12, 4) NULL DEFAULT NULL COMMENT '积分',
  `backpay_amount` decimal(12, 4) NULL DEFAULT NULL COMMENT '退款金额',
  `create_time` timestamp(0) NULL DEFAULT CURRENT_TIMESTAMP(0) COMMENT '创建时间',
  `add_time` datetime(0) NULL DEFAULT NULL ON UPDATE CURRENT_TIMESTAMP(0),
  PRIMARY KEY (`id`) USING BTREE,
  INDEX `order_detail_idfk_1`(`order_id`) USING BTREE
) ENGINE = InnoDB AUTO_INCREMENT = 321 CHARACTER SET = utf8 COLLATE = utf8_general_ci ROW_FORMAT = DYNAMIC;

-- ----------------------------
-- Records of fa_order_detail
-- ----------------------------
INSERT INTO `fa_order_detail` VALUES (78, 'FZ2012112092390840', 1, '叉烧肉白底图', '50克', 33.6000, 0.0000, 2, 'http://cz-android-pic01.oss-cn-beijing.aliyuncs.com/a01/mmexport1553496666526.jpg', NULL, NULL, '2020-12-11 19:46:32', NULL);
INSERT INTO `fa_order_detail` VALUES (79, 'FZ2012112092390840', 2, '哈尔滨红肠', '200克', 38.0000, 32.6000, 1, 'http://cz-android-pic01.oss-cn-beijing.aliyuncs.com/a01/mmexport1553496673876.jpg', NULL, NULL, '2020-12-11 19:46:32', NULL);
INSERT INTO `fa_order_detail` VALUES (86, 'FZ2012120262556544', 1, '叉烧肉白底图', '50克', 33.6000, 0.0000, 2, 'http://cz-android-pic01.oss-cn-beijing.aliyuncs.com/a01/mmexport1553496666526.jpg', NULL, NULL, '2020-12-12 09:54:57', NULL);
INSERT INTO `fa_order_detail` VALUES (87, 'FZ2012120262556544', 2, '哈尔滨红肠', '200克', 38.0000, 32.6000, 1, 'http://cz-android-pic01.oss-cn-beijing.aliyuncs.com/a01/mmexport1553496673876.jpg', NULL, NULL, '2020-12-12 09:54:57', NULL);
INSERT INTO `fa_order_detail` VALUES (88, 'FZ2012120211591600', 1, '叉烧肉白底图', '50克', 33.6000, 0.0000, 2, 'http://cz-android-pic01.oss-cn-beijing.aliyuncs.com/a01/mmexport1553496666526.jpg', NULL, NULL, '2020-12-12 10:00:10', NULL);
INSERT INTO `fa_order_detail` VALUES (89, 'FZ2012120211591600', 2, '哈尔滨红肠', '200克', 38.0000, 32.6000, 1, 'http://cz-android-pic01.oss-cn-beijing.aliyuncs.com/a01/mmexport1553496673876.jpg', NULL, NULL, '2020-12-12 10:00:10', NULL);
INSERT INTO `fa_order_detail` VALUES (90, 'FZ2012120518392329', 1, '叉烧肉白底图', '50克', 33.6000, 0.0000, 2, 'http://cz-android-pic01.oss-cn-beijing.aliyuncs.com/a01/mmexport1553496666526.jpg', NULL, NULL, '2020-12-12 10:02:12', NULL);
INSERT INTO `fa_order_detail` VALUES (91, 'FZ2012120518392329', 2, '哈尔滨红肠', '200克', 38.0000, 32.6000, 1, 'http://cz-android-pic01.oss-cn-beijing.aliyuncs.com/a01/mmexport1553496673876.jpg', NULL, NULL, '2020-12-12 10:02:12', NULL);
INSERT INTO `fa_order_detail` VALUES (92, 'FZ2012120459223637', 1, '叉烧肉白底图', '50克', 33.6000, 0.0000, 2, 'http://cz-android-pic01.oss-cn-beijing.aliyuncs.com/a01/mmexport1553496666526.jpg', NULL, NULL, '2020-12-12 10:02:31', NULL);
INSERT INTO `fa_order_detail` VALUES (93, 'FZ2012120459223637', 2, '哈尔滨红肠', '200克', 38.0000, 32.6000, 1, 'http://cz-android-pic01.oss-cn-beijing.aliyuncs.com/a01/mmexport1553496673876.jpg', NULL, NULL, '2020-12-12 10:02:31', NULL);
INSERT INTO `fa_order_detail` VALUES (94, 'FZ2012120212701430', 1, '叉烧肉白底图', '50克', 33.6000, 0.0000, 2, 'http://cz-android-pic01.oss-cn-beijing.aliyuncs.com/a01/mmexport1553496666526.jpg', NULL, NULL, '2020-12-12 10:02:37', NULL);
INSERT INTO `fa_order_detail` VALUES (95, 'FZ2012120212701430', 2, '哈尔滨红肠', '200克', 38.0000, 32.6000, 1, 'http://cz-android-pic01.oss-cn-beijing.aliyuncs.com/a01/mmexport1553496673876.jpg', NULL, NULL, '2020-12-12 10:02:37', NULL);
INSERT INTO `fa_order_detail` VALUES (124, 'FZ2012120210199939', 1, '叉烧肉白底图', '50克', 33.6000, 30.6000, 1, 'http://cz-android-pic01.oss-cn-beijing.aliyuncs.com/a01/mmexport1553496666526.jpg', NULL, NULL, '2020-12-12 16:02:37', NULL);
INSERT INTO `fa_order_detail` VALUES (125, 'FZ2012120210199939', 2, '哈尔滨红肠', '200克', 38.0000, 32.6000, 1, 'http://cz-android-pic01.oss-cn-beijing.aliyuncs.com/a01/mmexport1553496673876.jpg', NULL, NULL, '2020-12-12 16:02:37', NULL);
INSERT INTO `fa_order_detail` VALUES (126, 'FZ2012121232453095', 1, '叉烧肉白底图', '50克', 33.6000, 30.6000, 1, 'http://cz-android-pic01.oss-cn-beijing.aliyuncs.com/a01/mmexport1553496666526.jpg', NULL, NULL, '2020-12-12 16:06:42', NULL);
INSERT INTO `fa_order_detail` VALUES (127, 'FZ2012121232453095', 2, '哈尔滨红肠', '200克', 38.0000, 32.6000, 1, 'http://cz-android-pic01.oss-cn-beijing.aliyuncs.com/a01/mmexport1553496673876.jpg', NULL, NULL, '2020-12-12 16:06:42', NULL);
INSERT INTO `fa_order_detail` VALUES (128, 'FZ2012121902717506', 1, '叉烧肉白底图', '50克', 33.6000, 30.6000, 1, 'http://cz-android-pic01.oss-cn-beijing.aliyuncs.com/a01/mmexport1553496666526.jpg', NULL, NULL, '2020-12-12 16:06:55', NULL);
INSERT INTO `fa_order_detail` VALUES (129, 'FZ2012121902717506', 2, '哈尔滨红肠', '200克', 38.0000, 32.6000, 1, 'http://cz-android-pic01.oss-cn-beijing.aliyuncs.com/a01/mmexport1553496673876.jpg', NULL, NULL, '2020-12-12 16:06:55', NULL);
INSERT INTO `fa_order_detail` VALUES (134, 'FZ2012120364967581', 1, '叉烧肉白底图', '50克', 33.6000, 30.6000, 1, 'http://cz-android-pic01.oss-cn-beijing.aliyuncs.com/a01/mmexport1553496666526.jpg', NULL, NULL, '2020-12-12 21:08:52', NULL);
INSERT INTO `fa_order_detail` VALUES (135, 'FZ2012120364967581', 2, '哈尔滨红肠', '200克', 38.0000, 32.6000, 1, 'http://cz-android-pic01.oss-cn-beijing.aliyuncs.com/a01/mmexport1553496673876.jpg', NULL, NULL, '2020-12-12 21:08:52', NULL);
INSERT INTO `fa_order_detail` VALUES (136, 'FZ2012120676816308', 1, '叉烧肉白底图', '50克', 33.6000, 30.6000, 1, 'http://cz-android-pic01.oss-cn-beijing.aliyuncs.com/a01/mmexport1553496666526.jpg', NULL, NULL, '2020-12-12 21:08:55', NULL);
INSERT INTO `fa_order_detail` VALUES (137, 'FZ2012120676816308', 2, '哈尔滨红肠', '200克', 38.0000, 32.6000, 1, 'http://cz-android-pic01.oss-cn-beijing.aliyuncs.com/a01/mmexport1553496673876.jpg', NULL, NULL, '2020-12-12 21:08:55', NULL);
INSERT INTO `fa_order_detail` VALUES (138, 'FZ2012120921563583', 1, '叉烧肉白底图', '50克', 33.6000, 30.6000, 1, 'http://cz-android-pic01.oss-cn-beijing.aliyuncs.com/a01/mmexport1553496666526.jpg', NULL, NULL, '2020-12-12 21:10:24', NULL);
INSERT INTO `fa_order_detail` VALUES (139, 'FZ2012120921563583', 2, '哈尔滨红肠', '200克', 38.0000, 32.6000, 1, 'http://cz-android-pic01.oss-cn-beijing.aliyuncs.com/a01/mmexport1553496673876.jpg', NULL, NULL, '2020-12-12 21:10:24', NULL);
INSERT INTO `fa_order_detail` VALUES (140, 'FZ2012121594684365', 1, '叉烧肉白底图', '50克', 33.6000, 30.6000, 1, 'http://cz-android-pic01.oss-cn-beijing.aliyuncs.com/a01/mmexport1553496666526.jpg', NULL, NULL, '2020-12-12 21:10:26', NULL);
INSERT INTO `fa_order_detail` VALUES (141, 'FZ2012121594684365', 2, '哈尔滨红肠', '200克', 38.0000, 32.6000, 1, 'http://cz-android-pic01.oss-cn-beijing.aliyuncs.com/a01/mmexport1553496673876.jpg', NULL, NULL, '2020-12-12 21:10:26', NULL);
INSERT INTO `fa_order_detail` VALUES (142, 'FZ2012131980369158', 1, '叉烧肉白底图', '50克', 33.6000, 30.6000, 1, 'http://cz-android-pic01.oss-cn-beijing.aliyuncs.com/a01/mmexport1553496666526.jpg', NULL, NULL, '2020-12-13 14:48:16', NULL);
INSERT INTO `fa_order_detail` VALUES (143, 'FZ2012131980369158', 2, '哈尔滨红肠', '200克', 38.0000, 32.6000, 1, 'http://cz-android-pic01.oss-cn-beijing.aliyuncs.com/a01/mmexport1553496673876.jpg', NULL, NULL, '2020-12-13 14:48:16', NULL);
INSERT INTO `fa_order_detail` VALUES (144, 'FZ2012131700775679', 1, '叉烧肉白底图', '50克', 33.6000, 30.6000, 1, 'http://cz-android-pic01.oss-cn-beijing.aliyuncs.com/a01/mmexport1553496666526.jpg', NULL, NULL, '2020-12-13 15:15:08', NULL);
INSERT INTO `fa_order_detail` VALUES (145, 'FZ2012131700775679', 2, '哈尔滨红肠', '200克', 38.0000, 32.6000, 1, 'http://cz-android-pic01.oss-cn-beijing.aliyuncs.com/a01/mmexport1553496673876.jpg', NULL, NULL, '2020-12-13 15:15:08', NULL);
INSERT INTO `fa_order_detail` VALUES (146, 'FZ2012131422225123', 1, '叉烧肉白底图', '50克', 33.6000, 30.6000, 1, 'http://cz-android-pic01.oss-cn-beijing.aliyuncs.com/a01/mmexport1553496666526.jpg', NULL, NULL, '2020-12-13 15:15:11', NULL);
INSERT INTO `fa_order_detail` VALUES (147, 'FZ2012131422225123', 2, '哈尔滨红肠', '200克', 38.0000, 32.6000, 1, 'http://cz-android-pic01.oss-cn-beijing.aliyuncs.com/a01/mmexport1553496673876.jpg', NULL, NULL, '2020-12-13 15:15:11', NULL);
INSERT INTO `fa_order_detail` VALUES (148, 'FZ2012132026466642', 1, '叉烧肉白底图', '50克', 33.6000, 30.6000, 1, 'http://cz-android-pic01.oss-cn-beijing.aliyuncs.com/a01/mmexport1553496666526.jpg', NULL, NULL, '2020-12-13 15:17:01', NULL);
INSERT INTO `fa_order_detail` VALUES (149, 'FZ2012132026466642', 2, '哈尔滨红肠', '200克', 38.0000, 32.6000, 1, 'http://cz-android-pic01.oss-cn-beijing.aliyuncs.com/a01/mmexport1553496673876.jpg', NULL, NULL, '2020-12-13 15:17:01', NULL);
INSERT INTO `fa_order_detail` VALUES (150, 'FZ2012132070569207', 1, '叉烧肉白底图', '50克', 33.6000, 30.6000, 1, 'http://cz-android-pic01.oss-cn-beijing.aliyuncs.com/a01/mmexport1553496666526.jpg', NULL, NULL, '2020-12-13 15:19:05', NULL);
INSERT INTO `fa_order_detail` VALUES (151, 'FZ2012132070569207', 2, '哈尔滨红肠', '200克', 38.0000, 32.6000, 1, 'http://cz-android-pic01.oss-cn-beijing.aliyuncs.com/a01/mmexport1553496673876.jpg', NULL, NULL, '2020-12-13 15:19:05', NULL);
INSERT INTO `fa_order_detail` VALUES (152, 'FZ2012130348048941', 1, '叉烧肉白底图', '50克', 33.6000, 30.6000, 1, 'http://cz-android-pic01.oss-cn-beijing.aliyuncs.com/a01/mmexport1553496666526.jpg', NULL, NULL, '2020-12-13 15:19:15', NULL);
INSERT INTO `fa_order_detail` VALUES (153, 'FZ2012130348048941', 2, '哈尔滨红肠', '200克', 38.0000, 32.6000, 1, 'http://cz-android-pic01.oss-cn-beijing.aliyuncs.com/a01/mmexport1553496673876.jpg', NULL, NULL, '2020-12-13 15:19:15', NULL);
INSERT INTO `fa_order_detail` VALUES (154, 'FZ2012131640928690', 1, '叉烧肉白底图', '50克', 33.6000, 30.6000, 1, 'http://cz-android-pic01.oss-cn-beijing.aliyuncs.com/a01/mmexport1553496666526.jpg', NULL, NULL, '2020-12-13 15:27:46', NULL);
INSERT INTO `fa_order_detail` VALUES (155, 'FZ2012131640928690', 2, '哈尔滨红肠', '200克', 38.0000, 32.6000, 1, 'http://cz-android-pic01.oss-cn-beijing.aliyuncs.com/a01/mmexport1553496673876.jpg', NULL, NULL, '2020-12-13 15:27:46', NULL);
INSERT INTO `fa_order_detail` VALUES (176, 'FZ2012140501665829', 1, '叉烧肉白底图', '50克', 33.6000, 30.6000, 1, 'http://cz-android-pic01.oss-cn-beijing.aliyuncs.com/a01/mmexport1553496666526.jpg', NULL, NULL, '2020-12-14 22:27:15', NULL);
INSERT INTO `fa_order_detail` VALUES (177, 'FZ2012140501665829', 2, '哈尔滨红肠', '200克', 38.0000, 32.6000, 1, 'http://cz-android-pic01.oss-cn-beijing.aliyuncs.com/a01/mmexport1553496673876.jpg', NULL, NULL, '2020-12-14 22:27:15', NULL);
INSERT INTO `fa_order_detail` VALUES (178, 'FZ2012141730298379', 1, '叉烧肉白底图', '50克', 33.6000, 30.6000, 1, 'http://cz-android-pic01.oss-cn-beijing.aliyuncs.com/a01/mmexport1553496666526.jpg', NULL, NULL, '2020-12-14 22:27:32', NULL);
INSERT INTO `fa_order_detail` VALUES (179, 'FZ2012141730298379', 2, '哈尔滨红肠', '200克', 38.0000, 32.6000, 1, 'http://cz-android-pic01.oss-cn-beijing.aliyuncs.com/a01/mmexport1553496673876.jpg', NULL, NULL, '2020-12-14 22:27:32', NULL);
INSERT INTO `fa_order_detail` VALUES (180, 'FZ2012141126304317', 1, '叉烧肉白底图', '50克', 33.6000, 30.6000, 1, 'http://cz-android-pic01.oss-cn-beijing.aliyuncs.com/a01/mmexport1553496666526.jpg', NULL, NULL, '2020-12-14 22:27:34', NULL);
INSERT INTO `fa_order_detail` VALUES (181, 'FZ2012141126304317', 2, '哈尔滨红肠', '200克', 38.0000, 32.6000, 1, 'http://cz-android-pic01.oss-cn-beijing.aliyuncs.com/a01/mmexport1553496673876.jpg', NULL, NULL, '2020-12-14 22:27:34', NULL);
INSERT INTO `fa_order_detail` VALUES (182, 'FZ2012140104134686', 1, '叉烧肉白底图', '50克', 33.6000, 30.6000, 1, 'http://cz-android-pic01.oss-cn-beijing.aliyuncs.com/a01/mmexport1553496666526.jpg', NULL, NULL, '2020-12-14 22:28:40', NULL);
INSERT INTO `fa_order_detail` VALUES (183, 'FZ2012140104134686', 2, '哈尔滨红肠', '200克', 38.0000, 32.6000, 1, 'http://cz-android-pic01.oss-cn-beijing.aliyuncs.com/a01/mmexport1553496673876.jpg', NULL, NULL, '2020-12-14 22:28:40', NULL);
INSERT INTO `fa_order_detail` VALUES (184, 'FZ2012141483280237', 1, '叉烧肉白底图', '50克', 33.6000, 30.6000, 1, 'http://cz-android-pic01.oss-cn-beijing.aliyuncs.com/a01/mmexport1553496666526.jpg', NULL, NULL, '2020-12-14 22:28:47', NULL);
INSERT INTO `fa_order_detail` VALUES (185, 'FZ2012141483280237', 2, '哈尔滨红肠', '200克', 38.0000, 32.6000, 1, 'http://cz-android-pic01.oss-cn-beijing.aliyuncs.com/a01/mmexport1553496673876.jpg', NULL, NULL, '2020-12-14 22:28:47', NULL);
INSERT INTO `fa_order_detail` VALUES (186, 'FZ2012140802254726', 4, '儿童肠', '200克', 38.0000, 0.0000, 2, 'http://cz-android-pic01.oss-cn-beijing.aliyuncs.com/a01/mmexport1553496673876.jpg', NULL, NULL, '2020-12-14 23:24:03', NULL);
INSERT INTO `fa_order_detail` VALUES (187, 'FZ2012140802254726', 3, '烤肉', '50克', 33.6000, 0.0000, 2, 'http://cz-android-pic01.oss-cn-beijing.aliyuncs.com/a01/mmexport1553496666526.jpg', NULL, NULL, '2020-12-14 23:24:03', NULL);
INSERT INTO `fa_order_detail` VALUES (188, 'FZ2012151960829178', 1, '叉烧肉白底图', '50克', 33.6000, 30.6000, 1, 'http://cz-android-pic01.oss-cn-beijing.aliyuncs.com/a01/mmexport1553496666526.jpg', NULL, NULL, '2020-12-15 09:48:25', NULL);
INSERT INTO `fa_order_detail` VALUES (189, 'FZ2012151960829178', 2, '哈尔滨红肠', '200克', 38.0000, 32.6000, 1, 'http://cz-android-pic01.oss-cn-beijing.aliyuncs.com/a01/mmexport1553496673876.jpg', NULL, NULL, '2020-12-15 09:48:25', NULL);
INSERT INTO `fa_order_detail` VALUES (190, 'FZ2012151636506717', 1, '叉烧肉白底图', '50克', 33.6000, 30.6000, 1, 'http://cz-android-pic01.oss-cn-beijing.aliyuncs.com/a01/mmexport1553496666526.jpg', NULL, NULL, '2020-12-15 11:11:18', NULL);
INSERT INTO `fa_order_detail` VALUES (191, 'FZ2012151636506717', 2, '哈尔滨红肠', '200克', 38.0000, 32.6000, 1, 'http://cz-android-pic01.oss-cn-beijing.aliyuncs.com/a01/mmexport1553496673876.jpg', NULL, NULL, '2020-12-15 11:11:18', NULL);
INSERT INTO `fa_order_detail` VALUES (192, 'FZ2012150270748154', 1, '叉烧肉白底图', '50克', 33.6000, 30.6000, 1, 'http://cz-android-pic01.oss-cn-beijing.aliyuncs.com/a01/mmexport1553496666526.jpg', NULL, NULL, '2020-12-15 18:02:16', NULL);
INSERT INTO `fa_order_detail` VALUES (193, 'FZ2012150270748154', 2, '哈尔滨红肠', '200克', 38.0000, 32.6000, 1, 'http://cz-android-pic01.oss-cn-beijing.aliyuncs.com/a01/mmexport1553496673876.jpg', NULL, NULL, '2020-12-15 18:02:16', NULL);
INSERT INTO `fa_order_detail` VALUES (194, 'FZ2012150011469246', 1, '叉烧肉白底图', '50克', 33.6000, 30.6000, 1, 'http://cz-android-pic01.oss-cn-beijing.aliyuncs.com/a01/mmexport1553496666526.jpg', NULL, NULL, '2020-12-15 18:18:34', NULL);
INSERT INTO `fa_order_detail` VALUES (195, 'FZ2012150011469246', 2, '哈尔滨红肠', '200克', 38.0000, 32.6000, 1, 'http://cz-android-pic01.oss-cn-beijing.aliyuncs.com/a01/mmexport1553496673876.jpg', NULL, NULL, '2020-12-15 18:18:34', NULL);
INSERT INTO `fa_order_detail` VALUES (196, 'FZ2012150828473121', 1, '叉烧肉白底图', '50克', 33.6000, 30.6000, 1, 'http://cz-android-pic01.oss-cn-beijing.aliyuncs.com/a01/mmexport1553496666526.jpg', NULL, NULL, '2020-12-15 19:26:39', NULL);
INSERT INTO `fa_order_detail` VALUES (197, 'FZ2012150828473121', 2, '哈尔滨红肠', '200克', 38.0000, 32.6000, 1, 'http://cz-android-pic01.oss-cn-beijing.aliyuncs.com/a01/mmexport1553496673876.jpg', NULL, NULL, '2020-12-15 19:26:39', NULL);
INSERT INTO `fa_order_detail` VALUES (198, 'FZ2012160250324029', 1, '叉烧肉白底图', '50克', 33.6000, 30.6000, 1, 'http://cz-android-pic01.oss-cn-beijing.aliyuncs.com/a01/mmexport1553496666526.jpg', NULL, NULL, '2020-12-16 00:34:15', NULL);
INSERT INTO `fa_order_detail` VALUES (199, 'FZ2012160250324029', 2, '哈尔滨红肠', '200克', 38.0000, 32.6000, 1, 'http://cz-android-pic01.oss-cn-beijing.aliyuncs.com/a01/mmexport1553496673876.jpg', NULL, NULL, '2020-12-16 00:34:15', NULL);
INSERT INTO `fa_order_detail` VALUES (200, 'FZ2012162088862522', 1, '叉烧肉白底图', '50克', 33.6000, 30.6000, 1, 'http://cz-android-pic01.oss-cn-beijing.aliyuncs.com/a01/mmexport1553496666526.jpg', NULL, NULL, '2020-12-16 00:34:18', NULL);
INSERT INTO `fa_order_detail` VALUES (201, 'FZ2012162088862522', 2, '哈尔滨红肠', '200克', 38.0000, 32.6000, 1, 'http://cz-android-pic01.oss-cn-beijing.aliyuncs.com/a01/mmexport1553496673876.jpg', NULL, NULL, '2020-12-16 00:34:18', NULL);
INSERT INTO `fa_order_detail` VALUES (202, 'FZ2012161270197317', 1, '叉烧肉白底图', '50克', 33.6000, 30.6000, 1, 'http://cz-android-pic01.oss-cn-beijing.aliyuncs.com/a01/mmexport1553496666526.jpg', NULL, NULL, '2020-12-16 00:34:22', NULL);
INSERT INTO `fa_order_detail` VALUES (203, 'FZ2012161270197317', 2, '哈尔滨红肠', '200克', 38.0000, 32.6000, 1, 'http://cz-android-pic01.oss-cn-beijing.aliyuncs.com/a01/mmexport1553496673876.jpg', NULL, NULL, '2020-12-16 00:34:22', NULL);
INSERT INTO `fa_order_detail` VALUES (204, 'FZ2012161872991015', 1, '叉烧肉白底图', '50克', 33.6000, 30.6000, 1, 'http://cz-android-pic01.oss-cn-beijing.aliyuncs.com/a01/mmexport1553496666526.jpg', NULL, NULL, '2020-12-16 00:34:26', NULL);
INSERT INTO `fa_order_detail` VALUES (205, 'FZ2012161872991015', 2, '哈尔滨红肠', '200克', 38.0000, 32.6000, 1, 'http://cz-android-pic01.oss-cn-beijing.aliyuncs.com/a01/mmexport1553496673876.jpg', NULL, NULL, '2020-12-16 00:34:26', NULL);
INSERT INTO `fa_order_detail` VALUES (206, 'FZ2012161820570134', 1, '叉烧肉白底图', '50克', 33.6000, 30.6000, 1, 'http://cz-android-pic01.oss-cn-beijing.aliyuncs.com/a01/mmexport1553496666526.jpg', NULL, NULL, '2020-12-16 00:34:33', NULL);
INSERT INTO `fa_order_detail` VALUES (207, 'FZ2012161820570134', 2, '哈尔滨红肠', '200克', 38.0000, 32.6000, 1, 'http://cz-android-pic01.oss-cn-beijing.aliyuncs.com/a01/mmexport1553496673876.jpg', NULL, NULL, '2020-12-16 00:34:33', NULL);
INSERT INTO `fa_order_detail` VALUES (208, 'FZ2012161652665229', 1, '叉烧肉白底图', '50克', 33.6000, 30.6000, 1, 'http://cz-android-pic01.oss-cn-beijing.aliyuncs.com/a01/mmexport1553496666526.jpg', NULL, NULL, '2020-12-16 10:02:23', NULL);
INSERT INTO `fa_order_detail` VALUES (209, 'FZ2012161652665229', 2, '哈尔滨红肠', '200克', 38.0000, 32.6000, 1, 'http://cz-android-pic01.oss-cn-beijing.aliyuncs.com/a01/mmexport1553496673876.jpg', NULL, NULL, '2020-12-16 10:02:23', NULL);
INSERT INTO `fa_order_detail` VALUES (210, 'FZ2012161297275553', 1, '叉烧肉白底图', '50克', 33.6000, 30.6000, 1, 'http://cz-android-pic01.oss-cn-beijing.aliyuncs.com/a01/mmexport1553496666526.jpg', NULL, NULL, '2020-12-16 10:03:41', NULL);
INSERT INTO `fa_order_detail` VALUES (211, 'FZ2012161297275553', 2, '哈尔滨红肠', '200克', 38.0000, 32.6000, 1, 'http://cz-android-pic01.oss-cn-beijing.aliyuncs.com/a01/mmexport1553496673876.jpg', NULL, NULL, '2020-12-16 10:03:41', NULL);
INSERT INTO `fa_order_detail` VALUES (212, 'FZ2012161948870885', 1, '叉烧肉白底图', '50克', 33.6000, 30.6000, 1, 'http://cz-android-pic01.oss-cn-beijing.aliyuncs.com/a01/mmexport1553496666526.jpg', NULL, NULL, '2020-12-16 10:05:08', NULL);
INSERT INTO `fa_order_detail` VALUES (213, 'FZ2012161948870885', 2, '哈尔滨红肠', '200克', 38.0000, 32.6000, 1, 'http://cz-android-pic01.oss-cn-beijing.aliyuncs.com/a01/mmexport1553496673876.jpg', NULL, NULL, '2020-12-16 10:05:08', NULL);
INSERT INTO `fa_order_detail` VALUES (214, 'FZ2012161796346812', 1, '叉烧肉白底图', '50克', 33.6000, 30.6000, 1, 'http://cz-android-pic01.oss-cn-beijing.aliyuncs.com/a01/mmexport1553496666526.jpg', NULL, NULL, '2020-12-16 14:03:18', NULL);
INSERT INTO `fa_order_detail` VALUES (215, 'FZ2012161796346812', 2, '哈尔滨红肠', '200克', 38.0000, 32.6000, 1, 'http://cz-android-pic01.oss-cn-beijing.aliyuncs.com/a01/mmexport1553496673876.jpg', NULL, NULL, '2020-12-16 14:03:18', NULL);
INSERT INTO `fa_order_detail` VALUES (216, 'FZ2012160008752690', 1, '叉烧肉白底图', '50克', 33.6000, 30.6000, 1, 'http://cz-android-pic01.oss-cn-beijing.aliyuncs.com/a01/mmexport1553496666526.jpg', NULL, NULL, '2020-12-16 14:06:51', NULL);
INSERT INTO `fa_order_detail` VALUES (217, 'FZ2012160008752690', 2, '哈尔滨红肠', '200克', 38.0000, 32.6000, 1, 'http://cz-android-pic01.oss-cn-beijing.aliyuncs.com/a01/mmexport1553496673876.jpg', NULL, NULL, '2020-12-16 14:06:51', NULL);
INSERT INTO `fa_order_detail` VALUES (218, 'FZ2012160434882672', 1, '叉烧肉白底图', '50克', 33.6000, 30.6000, 1, 'http://cz-android-pic01.oss-cn-beijing.aliyuncs.com/a01/mmexport1553496666526.jpg', NULL, NULL, '2020-12-16 14:06:52', NULL);
INSERT INTO `fa_order_detail` VALUES (219, 'FZ2012160434882672', 2, '哈尔滨红肠', '200克', 38.0000, 32.6000, 1, 'http://cz-android-pic01.oss-cn-beijing.aliyuncs.com/a01/mmexport1553496673876.jpg', NULL, NULL, '2020-12-16 14:06:52', NULL);
INSERT INTO `fa_order_detail` VALUES (220, 'FZ2012160755798077', 1, '叉烧肉白底图', '50克', 33.6000, 30.6000, 1, 'http://cz-android-pic01.oss-cn-beijing.aliyuncs.com/a01/mmexport1553496666526.jpg', NULL, NULL, '2020-12-16 15:07:33', NULL);
INSERT INTO `fa_order_detail` VALUES (221, 'FZ2012160755798077', 2, '哈尔滨红肠', '200克', 38.0000, 32.6000, 1, 'http://cz-android-pic01.oss-cn-beijing.aliyuncs.com/a01/mmexport1553496673876.jpg', NULL, NULL, '2020-12-16 15:07:33', NULL);
INSERT INTO `fa_order_detail` VALUES (222, 'FZ2012160751534572', 1, '叉烧肉白底图', '50克', 33.6000, 30.6000, 1, 'http://cz-android-pic01.oss-cn-beijing.aliyuncs.com/a01/mmexport1553496666526.jpg', NULL, NULL, '2020-12-16 15:11:04', NULL);
INSERT INTO `fa_order_detail` VALUES (223, 'FZ2012160751534572', 2, '哈尔滨红肠', '200克', 38.0000, 32.6000, 1, 'http://cz-android-pic01.oss-cn-beijing.aliyuncs.com/a01/mmexport1553496673876.jpg', NULL, NULL, '2020-12-16 15:11:04', NULL);
INSERT INTO `fa_order_detail` VALUES (224, 'FZ2012160538297208', 1, '叉烧肉白底图', '50克', 33.6000, 30.6000, 1, 'http://cz-android-pic01.oss-cn-beijing.aliyuncs.com/a01/mmexport1553496666526.jpg', NULL, NULL, '2020-12-16 15:22:16', NULL);
INSERT INTO `fa_order_detail` VALUES (225, 'FZ2012160538297208', 2, '哈尔滨红肠', '200克', 38.0000, 32.6000, 1, 'http://cz-android-pic01.oss-cn-beijing.aliyuncs.com/a01/mmexport1553496673876.jpg', NULL, NULL, '2020-12-16 15:22:16', NULL);
INSERT INTO `fa_order_detail` VALUES (226, 'FZ2012161064098445', 1, '叉烧肉白底图', '50克', 33.6000, 30.6000, 1, 'http://cz-android-pic01.oss-cn-beijing.aliyuncs.com/a01/mmexport1553496666526.jpg', NULL, NULL, '2020-12-16 15:22:18', NULL);
INSERT INTO `fa_order_detail` VALUES (227, 'FZ2012161064098445', 2, '哈尔滨红肠', '200克', 38.0000, 32.6000, 1, 'http://cz-android-pic01.oss-cn-beijing.aliyuncs.com/a01/mmexport1553496673876.jpg', NULL, NULL, '2020-12-16 15:22:18', NULL);
INSERT INTO `fa_order_detail` VALUES (228, 'FZ2012160807858401', 1, '叉烧肉白底图', '50克', 33.6000, 30.6000, 1, 'http://cz-android-pic01.oss-cn-beijing.aliyuncs.com/a01/mmexport1553496666526.jpg', NULL, NULL, '2020-12-16 15:22:19', NULL);
INSERT INTO `fa_order_detail` VALUES (229, 'FZ2012160807858401', 2, '哈尔滨红肠', '200克', 38.0000, 32.6000, 1, 'http://cz-android-pic01.oss-cn-beijing.aliyuncs.com/a01/mmexport1553496673876.jpg', NULL, NULL, '2020-12-16 15:22:19', NULL);
INSERT INTO `fa_order_detail` VALUES (230, 'FZ2012161256055509', 1, '叉烧肉白底图', '50克', 33.6000, 30.6000, 1, 'http://cz-android-pic01.oss-cn-beijing.aliyuncs.com/a01/mmexport1553496666526.jpg', NULL, NULL, '2020-12-16 15:27:28', NULL);
INSERT INTO `fa_order_detail` VALUES (231, 'FZ2012161256055509', 2, '哈尔滨红肠', '200克', 38.0000, 32.6000, 1, 'http://cz-android-pic01.oss-cn-beijing.aliyuncs.com/a01/mmexport1553496673876.jpg', NULL, NULL, '2020-12-16 15:27:28', NULL);
INSERT INTO `fa_order_detail` VALUES (232, 'FZ2012160953143495', 1, '叉烧肉白底图', '50克', 33.6000, 30.6000, 1, 'http://cz-android-pic01.oss-cn-beijing.aliyuncs.com/a01/mmexport1553496666526.jpg', NULL, NULL, '2020-12-16 15:27:34', NULL);
INSERT INTO `fa_order_detail` VALUES (233, 'FZ2012160953143495', 2, '哈尔滨红肠', '200克', 38.0000, 32.6000, 1, 'http://cz-android-pic01.oss-cn-beijing.aliyuncs.com/a01/mmexport1553496673876.jpg', NULL, NULL, '2020-12-16 15:27:34', NULL);
INSERT INTO `fa_order_detail` VALUES (234, 'FZ2012160642958444', 1, '叉烧肉白底图', '50克', 33.6000, 30.6000, 1, 'http://cz-android-pic01.oss-cn-beijing.aliyuncs.com/a01/mmexport1553496666526.jpg', NULL, NULL, '2020-12-16 15:27:36', NULL);
INSERT INTO `fa_order_detail` VALUES (235, 'FZ2012160642958444', 2, '哈尔滨红肠', '200克', 38.0000, 32.6000, 1, 'http://cz-android-pic01.oss-cn-beijing.aliyuncs.com/a01/mmexport1553496673876.jpg', NULL, NULL, '2020-12-16 15:27:36', NULL);
INSERT INTO `fa_order_detail` VALUES (236, 'FZ2012161785198534', 1, '叉烧肉白底图', '50克', 33.6000, 30.6000, 1, 'http://cz-android-pic01.oss-cn-beijing.aliyuncs.com/a01/mmexport1553496666526.jpg', NULL, NULL, '2020-12-16 15:27:40', NULL);
INSERT INTO `fa_order_detail` VALUES (237, 'FZ2012161785198534', 2, '哈尔滨红肠', '200克', 38.0000, 32.6000, 1, 'http://cz-android-pic01.oss-cn-beijing.aliyuncs.com/a01/mmexport1553496673876.jpg', NULL, NULL, '2020-12-16 15:27:40', NULL);
INSERT INTO `fa_order_detail` VALUES (238, 'FZ2012160213286435', 1, '叉烧肉白底图', '50克', 33.6000, 30.6000, 1, 'http://cz-android-pic01.oss-cn-beijing.aliyuncs.com/a01/mmexport1553496666526.jpg', NULL, NULL, '2020-12-16 15:27:42', NULL);
INSERT INTO `fa_order_detail` VALUES (239, 'FZ2012160213286435', 2, '哈尔滨红肠', '200克', 38.0000, 32.6000, 1, 'http://cz-android-pic01.oss-cn-beijing.aliyuncs.com/a01/mmexport1553496673876.jpg', NULL, NULL, '2020-12-16 15:27:43', NULL);
INSERT INTO `fa_order_detail` VALUES (240, 'FZ2012162128604426', 1, '叉烧肉白底图', '50克', 33.6000, 30.6000, 1, 'http://cz-android-pic01.oss-cn-beijing.aliyuncs.com/a01/mmexport1553496666526.jpg', NULL, NULL, '2020-12-16 15:29:32', NULL);
INSERT INTO `fa_order_detail` VALUES (241, 'FZ2012162128604426', 2, '哈尔滨红肠', '200克', 38.0000, 32.6000, 1, 'http://cz-android-pic01.oss-cn-beijing.aliyuncs.com/a01/mmexport1553496673876.jpg', NULL, NULL, '2020-12-16 15:29:32', NULL);
INSERT INTO `fa_order_detail` VALUES (242, 'FZ2012160421410185', 1, '叉烧肉白底图', '50克', 33.6000, 30.6000, 1, 'http://cz-android-pic01.oss-cn-beijing.aliyuncs.com/a01/mmexport1553496666526.jpg', NULL, NULL, '2020-12-16 16:40:59', NULL);
INSERT INTO `fa_order_detail` VALUES (243, 'FZ2012160421410185', 2, '哈尔滨红肠', '200克', 38.0000, 32.6000, 1, 'http://cz-android-pic01.oss-cn-beijing.aliyuncs.com/a01/mmexport1553496673876.jpg', NULL, NULL, '2020-12-16 16:40:59', NULL);
INSERT INTO `fa_order_detail` VALUES (244, 'FZ2012161319731776', 1, '叉烧肉白底图', '50克', 33.6000, 30.6000, 1, 'http://cz-android-pic01.oss-cn-beijing.aliyuncs.com/a01/mmexport1553496666526.jpg', NULL, NULL, '2020-12-16 16:41:21', NULL);
INSERT INTO `fa_order_detail` VALUES (245, 'FZ2012161319731776', 2, '哈尔滨红肠', '200克', 38.0000, 32.6000, 1, 'http://cz-android-pic01.oss-cn-beijing.aliyuncs.com/a01/mmexport1553496673876.jpg', NULL, NULL, '2020-12-16 16:41:21', NULL);
INSERT INTO `fa_order_detail` VALUES (246, 'FZ2012161455308983', 1, '叉烧肉白底图', '50克', 33.6000, 30.6000, 1, 'http://cz-android-pic01.oss-cn-beijing.aliyuncs.com/a01/mmexport1553496666526.jpg', NULL, NULL, '2020-12-16 16:43:53', NULL);
INSERT INTO `fa_order_detail` VALUES (247, 'FZ2012161455308983', 2, '哈尔滨红肠', '200克', 38.0000, 32.6000, 1, 'http://cz-android-pic01.oss-cn-beijing.aliyuncs.com/a01/mmexport1553496673876.jpg', NULL, NULL, '2020-12-16 16:43:53', NULL);
INSERT INTO `fa_order_detail` VALUES (248, 'FZ2012161279872463', 1, '叉烧肉白底图', '50克', 33.6000, 30.6000, 1, 'http://cz-android-pic01.oss-cn-beijing.aliyuncs.com/a01/mmexport1553496666526.jpg', NULL, NULL, '2020-12-16 16:46:50', NULL);
INSERT INTO `fa_order_detail` VALUES (249, 'FZ2012161279872463', 2, '哈尔滨红肠', '200克', 38.0000, 32.6000, 1, 'http://cz-android-pic01.oss-cn-beijing.aliyuncs.com/a01/mmexport1553496673876.jpg', NULL, NULL, '2020-12-16 16:46:50', NULL);
INSERT INTO `fa_order_detail` VALUES (250, 'FZ2012161728445259', 1, '叉烧肉白底图', '50克', 33.6000, 30.6000, 1, 'http://cz-android-pic01.oss-cn-beijing.aliyuncs.com/a01/mmexport1553496666526.jpg', NULL, NULL, '2020-12-16 17:14:21', NULL);
INSERT INTO `fa_order_detail` VALUES (251, 'FZ2012161728445259', 2, '哈尔滨红肠', '200克', 38.0000, 32.6000, 1, 'http://cz-android-pic01.oss-cn-beijing.aliyuncs.com/a01/mmexport1553496673876.jpg', NULL, NULL, '2020-12-16 17:14:21', NULL);
INSERT INTO `fa_order_detail` VALUES (252, 'FZ2012160588905245', 4, '儿童肠', '200克', 38.0000, 0.0000, 2, 'http://cz-android-pic01.oss-cn-beijing.aliyuncs.com/a01/mmexport1553496673876.jpg', NULL, NULL, '2020-12-16 22:10:16', NULL);
INSERT INTO `fa_order_detail` VALUES (253, 'FZ2012160588905245', 3, '烤肉', '50克', 33.6000, 0.0000, 2, 'http://cz-android-pic01.oss-cn-beijing.aliyuncs.com/a01/mmexport1553496666526.jpg', NULL, NULL, '2020-12-16 22:10:16', NULL);
INSERT INTO `fa_order_detail` VALUES (254, 'FZ2012161194979394', 1, '叉烧肉白底图', '50克', 33.6000, 30.6000, 1, 'http://cz-android-pic01.oss-cn-beijing.aliyuncs.com/a01/mmexport1553496666526.jpg', NULL, NULL, '2020-12-16 22:37:16', NULL);
INSERT INTO `fa_order_detail` VALUES (255, 'FZ2012161194979394', 2, '哈尔滨红肠', '200克', 38.0000, 32.6000, 1, 'http://cz-android-pic01.oss-cn-beijing.aliyuncs.com/a01/mmexport1553496673876.jpg', NULL, NULL, '2020-12-16 22:37:16', NULL);
INSERT INTO `fa_order_detail` VALUES (256, 'FZ2012160001000148', 1, '叉烧肉白底图', '50克', 33.6000, 30.6000, 1, 'http://cz-android-pic01.oss-cn-beijing.aliyuncs.com/a01/mmexport1553496666526.jpg', NULL, NULL, '2020-12-16 22:51:43', NULL);
INSERT INTO `fa_order_detail` VALUES (257, 'FZ2012160001000148', 2, '哈尔滨红肠', '200克', 38.0000, 32.6000, 1, 'http://cz-android-pic01.oss-cn-beijing.aliyuncs.com/a01/mmexport1553496673876.jpg', NULL, NULL, '2020-12-16 22:51:43', NULL);
INSERT INTO `fa_order_detail` VALUES (258, 'FZ2012160743943356', 4, '儿童肠', '200克', 38.0000, 0.0000, 2, 'http://cz-android-pic01.oss-cn-beijing.aliyuncs.com/a01/mmexport1553496673876.jpg', NULL, NULL, '2020-12-16 22:54:26', NULL);
INSERT INTO `fa_order_detail` VALUES (259, 'FZ2012160743943356', 3, '烤肉', '50克', 33.6000, 0.0000, 2, 'http://cz-android-pic01.oss-cn-beijing.aliyuncs.com/a01/mmexport1553496666526.jpg', NULL, NULL, '2020-12-16 22:54:26', NULL);
INSERT INTO `fa_order_detail` VALUES (260, 'FZ2012160610416553', 1, '叉烧肉白底图', '50克', 33.6000, 30.6000, 1, 'http://cz-android-pic01.oss-cn-beijing.aliyuncs.com/a01/mmexport1553496666526.jpg', NULL, NULL, '2020-12-16 22:59:12', NULL);
INSERT INTO `fa_order_detail` VALUES (261, 'FZ2012160610416553', 2, '哈尔滨红肠', '200克', 38.0000, 32.6000, 1, 'http://cz-android-pic01.oss-cn-beijing.aliyuncs.com/a01/mmexport1553496673876.jpg', NULL, NULL, '2020-12-16 22:59:12', NULL);
INSERT INTO `fa_order_detail` VALUES (262, 'FZ2012162069666416', 1, '叉烧肉白底图', '50克', 33.6000, 30.6000, 1, 'http://cz-android-pic01.oss-cn-beijing.aliyuncs.com/a01/mmexport1553496666526.jpg', NULL, NULL, '2020-12-16 23:00:00', NULL);
INSERT INTO `fa_order_detail` VALUES (263, 'FZ2012162069666416', 2, '哈尔滨红肠', '200克', 38.0000, 0.0000, 2, 'http://cz-android-pic01.oss-cn-beijing.aliyuncs.com/a01/mmexport1553496673876.jpg', NULL, NULL, '2020-12-16 23:00:00', NULL);
INSERT INTO `fa_order_detail` VALUES (264, 'FZ2012161536236501', 4, '儿童肠', '200克', 38.0000, 0.0000, 2, 'http://cz-android-pic01.oss-cn-beijing.aliyuncs.com/a01/mmexport1553496673876.jpg', NULL, NULL, '2020-12-16 23:46:53', NULL);
INSERT INTO `fa_order_detail` VALUES (265, 'FZ2012161536236501', 3, '烤肉', '50克', 33.6000, 0.0000, 2, 'http://cz-android-pic01.oss-cn-beijing.aliyuncs.com/a01/mmexport1553496666526.jpg', NULL, NULL, '2020-12-16 23:46:53', NULL);
INSERT INTO `fa_order_detail` VALUES (266, 'FZ2012160477185097', 1, '叉烧肉白底图', '50克', 33.6000, 30.6000, 1, 'http://cz-android-pic01.oss-cn-beijing.aliyuncs.com/a01/mmexport1553496666526.jpg', NULL, NULL, '2020-12-16 23:51:39', NULL);
INSERT INTO `fa_order_detail` VALUES (267, 'FZ2012160477185097', 2, '哈尔滨红肠', '200克', 38.0000, 0.0000, 2, 'http://cz-android-pic01.oss-cn-beijing.aliyuncs.com/a01/mmexport1553496673876.jpg', NULL, NULL, '2020-12-16 23:51:39', NULL);
INSERT INTO `fa_order_detail` VALUES (268, 'FZ2012170817745665', 1, '叉烧肉白底图', '50克', 33.6000, 30.6000, 1, 'http://cz-android-pic01.oss-cn-beijing.aliyuncs.com/a01/mmexport1553496666526.jpg', NULL, NULL, '2020-12-17 00:03:57', NULL);
INSERT INTO `fa_order_detail` VALUES (269, 'FZ2012170817745665', 2, '哈尔滨红肠', '200克', 38.0000, 32.6000, 1, 'http://cz-android-pic01.oss-cn-beijing.aliyuncs.com/a01/mmexport1553496673876.jpg', NULL, NULL, '2020-12-17 00:03:57', NULL);
INSERT INTO `fa_order_detail` VALUES (270, 'FZ2012171277153808', 1, '叉烧肉白底图', '50克', 33.6000, 30.6000, 1, 'http://cz-android-pic01.oss-cn-beijing.aliyuncs.com/a01/mmexport1553496666526.jpg', NULL, NULL, '2020-12-17 09:56:20', NULL);
INSERT INTO `fa_order_detail` VALUES (271, 'FZ2012171277153808', 2, '哈尔滨红肠', '200克', 38.0000, 32.6000, 1, 'http://cz-android-pic01.oss-cn-beijing.aliyuncs.com/a01/mmexport1553496673876.jpg', NULL, NULL, '2020-12-17 09:56:20', NULL);
INSERT INTO `fa_order_detail` VALUES (272, 'FZ2012170791951374', 1, '叉烧肉白底图', '50克', 33.6000, 30.6000, 1, 'http://cz-android-pic01.oss-cn-beijing.aliyuncs.com/a01/mmexport1553496666526.jpg', NULL, NULL, '2020-12-17 11:08:27', NULL);
INSERT INTO `fa_order_detail` VALUES (273, 'FZ2012170791951374', 2, '哈尔滨红肠', '200克', 38.0000, 32.6000, 1, 'http://cz-android-pic01.oss-cn-beijing.aliyuncs.com/a01/mmexport1553496673876.jpg', NULL, NULL, '2020-12-17 11:08:27', NULL);
INSERT INTO `fa_order_detail` VALUES (274, 'FZ2012171417050060', 1, '叉烧肉白底图', '50克', 33.6000, 30.6000, 1, 'http://cz-android-pic01.oss-cn-beijing.aliyuncs.com/a01/mmexport1553496666526.jpg', NULL, NULL, '2020-12-17 11:10:30', NULL);
INSERT INTO `fa_order_detail` VALUES (275, 'FZ2012171417050060', 2, '哈尔滨红肠', '200克', 38.0000, 32.6000, 1, 'http://cz-android-pic01.oss-cn-beijing.aliyuncs.com/a01/mmexport1553496673876.jpg', NULL, NULL, '2020-12-17 11:10:30', NULL);
INSERT INTO `fa_order_detail` VALUES (276, 'FZ2012171691159247', 1, '叉烧肉白底图', '50克', 33.6000, 30.6000, 1, 'http://cz-android-pic01.oss-cn-beijing.aliyuncs.com/a01/mmexport1553496666526.jpg', NULL, NULL, '2020-12-17 11:20:11', NULL);
INSERT INTO `fa_order_detail` VALUES (277, 'FZ2012171691159247', 2, '哈尔滨红肠', '200克', 38.0000, 32.6000, 1, 'http://cz-android-pic01.oss-cn-beijing.aliyuncs.com/a01/mmexport1553496673876.jpg', NULL, NULL, '2020-12-17 11:20:11', NULL);
INSERT INTO `fa_order_detail` VALUES (278, 'FZ2012171852629987', 1, '叉烧肉白底图', '50克', 33.6000, 30.6000, 1, 'http://cz-android-pic01.oss-cn-beijing.aliyuncs.com/a01/mmexport1553496666526.jpg', NULL, NULL, '2020-12-17 11:23:31', NULL);
INSERT INTO `fa_order_detail` VALUES (279, 'FZ2012171852629987', 2, '哈尔滨红肠', '200克', 38.0000, 32.6000, 1, 'http://cz-android-pic01.oss-cn-beijing.aliyuncs.com/a01/mmexport1553496673876.jpg', NULL, NULL, '2020-12-17 11:23:31', NULL);
INSERT INTO `fa_order_detail` VALUES (280, 'FZ2012170038908581', 1, '叉烧肉白底图', '50克', 33.6000, 30.6000, 1, 'http://cz-android-pic01.oss-cn-beijing.aliyuncs.com/a01/mmexport1553496666526.jpg', NULL, NULL, '2020-12-17 11:29:42', NULL);
INSERT INTO `fa_order_detail` VALUES (281, 'FZ2012170038908581', 2, '哈尔滨红肠', '200克', 38.0000, 32.6000, 1, 'http://cz-android-pic01.oss-cn-beijing.aliyuncs.com/a01/mmexport1553496673876.jpg', NULL, NULL, '2020-12-17 11:29:42', NULL);
INSERT INTO `fa_order_detail` VALUES (282, 'FZ2012172112565904', 1, '叉烧肉白底图', '50克', 33.6000, 30.6000, 1, 'http://cz-android-pic01.oss-cn-beijing.aliyuncs.com/a01/mmexport1553496666526.jpg', NULL, NULL, '2020-12-17 11:32:18', NULL);
INSERT INTO `fa_order_detail` VALUES (283, 'FZ2012172112565904', 2, '哈尔滨红肠', '200克', 38.0000, 32.6000, 1, 'http://cz-android-pic01.oss-cn-beijing.aliyuncs.com/a01/mmexport1553496673876.jpg', NULL, NULL, '2020-12-17 11:32:18', NULL);
INSERT INTO `fa_order_detail` VALUES (284, 'FZ2012281971653444', 1, '叉烧肉白底图', '50克', 33.6000, 30.6000, 1, 'http://cz-android-pic01.oss-cn-beijing.aliyuncs.com/a01/mmexport1553496666526.jpg', NULL, NULL, '2020-12-28 21:12:38', NULL);
INSERT INTO `fa_order_detail` VALUES (285, 'FZ2012281971653444', 2, '哈尔滨红肠', '200克', 38.0000, 32.6000, 1, 'http://cz-android-pic01.oss-cn-beijing.aliyuncs.com/a01/mmexport1553496673876.jpg', NULL, NULL, '2020-12-28 21:12:38', NULL);
INSERT INTO `fa_order_detail` VALUES (286, 'FZ2012281702002006', 1, '叉烧肉白底图', '50克', 33.6000, 30.6000, 1, 'http://cz-android-pic01.oss-cn-beijing.aliyuncs.com/a01/mmexport1553496666526.jpg', NULL, NULL, '2020-12-28 21:12:43', NULL);
INSERT INTO `fa_order_detail` VALUES (287, 'FZ2012281702002006', 2, '哈尔滨红肠', '200克', 38.0000, 32.6000, 1, 'http://cz-android-pic01.oss-cn-beijing.aliyuncs.com/a01/mmexport1553496673876.jpg', NULL, NULL, '2020-12-28 21:12:43', NULL);
INSERT INTO `fa_order_detail` VALUES (288, 'FZ2012280970417249', 1, '叉烧肉白底图', '50克', 33.6000, 30.6000, 1, 'http://cz-android-pic01.oss-cn-beijing.aliyuncs.com/a01/mmexport1553496666526.jpg', NULL, NULL, '2020-12-28 21:12:43', NULL);
INSERT INTO `fa_order_detail` VALUES (289, 'FZ2012280970417249', 2, '哈尔滨红肠', '200克', 38.0000, 32.6000, 1, 'http://cz-android-pic01.oss-cn-beijing.aliyuncs.com/a01/mmexport1553496673876.jpg', NULL, NULL, '2020-12-28 21:12:43', NULL);
INSERT INTO `fa_order_detail` VALUES (290, 'FZ2012280491214022', 1, '叉烧肉白底图', '50克', 33.6000, 30.6000, 1, 'http://cz-android-pic01.oss-cn-beijing.aliyuncs.com/a01/mmexport1553496666526.jpg', NULL, NULL, '2020-12-28 21:12:43', NULL);
INSERT INTO `fa_order_detail` VALUES (291, 'FZ2012280491214022', 2, '哈尔滨红肠', '200克', 38.0000, 32.6000, 1, 'http://cz-android-pic01.oss-cn-beijing.aliyuncs.com/a01/mmexport1553496673876.jpg', NULL, NULL, '2020-12-28 21:12:43', NULL);
INSERT INTO `fa_order_detail` VALUES (292, 'FZ2012280175790182', 1, '叉烧肉白底图', '50克', 33.6000, 30.6000, 1, 'http://cz-android-pic01.oss-cn-beijing.aliyuncs.com/a01/mmexport1553496666526.jpg', NULL, NULL, '2020-12-28 21:12:45', NULL);
INSERT INTO `fa_order_detail` VALUES (293, 'FZ2012280175790182', 2, '哈尔滨红肠', '200克', 38.0000, 32.6000, 1, 'http://cz-android-pic01.oss-cn-beijing.aliyuncs.com/a01/mmexport1553496673876.jpg', NULL, NULL, '2020-12-28 21:12:45', NULL);
INSERT INTO `fa_order_detail` VALUES (294, 'FZ2012281688534219', 1, '叉烧肉白底图', '50克', 33.6000, 30.6000, 1, 'http://cz-android-pic01.oss-cn-beijing.aliyuncs.com/a01/mmexport1553496666526.jpg', NULL, NULL, '2020-12-28 21:12:46', NULL);
INSERT INTO `fa_order_detail` VALUES (295, 'FZ2012281688534219', 2, '哈尔滨红肠', '200克', 38.0000, 32.6000, 1, 'http://cz-android-pic01.oss-cn-beijing.aliyuncs.com/a01/mmexport1553496673876.jpg', NULL, NULL, '2020-12-28 21:12:46', NULL);
INSERT INTO `fa_order_detail` VALUES (296, 'FZ2012281391098967', 1, '叉烧肉白底图', '50克', 33.6000, 30.6000, 1, 'http://cz-android-pic01.oss-cn-beijing.aliyuncs.com/a01/mmexport1553496666526.jpg', NULL, NULL, '2020-12-28 21:12:46', NULL);
INSERT INTO `fa_order_detail` VALUES (297, 'FZ2012281391098967', 2, '哈尔滨红肠', '200克', 38.0000, 32.6000, 1, 'http://cz-android-pic01.oss-cn-beijing.aliyuncs.com/a01/mmexport1553496673876.jpg', NULL, NULL, '2020-12-28 21:12:46', NULL);
INSERT INTO `fa_order_detail` VALUES (298, 'FZ2012281754295485', 1, '叉烧肉白底图', '50克', 33.6000, 30.6000, 1, 'http://cz-android-pic01.oss-cn-beijing.aliyuncs.com/a01/mmexport1553496666526.jpg', NULL, NULL, '2020-12-28 21:12:47', NULL);
INSERT INTO `fa_order_detail` VALUES (299, 'FZ2012281754295485', 2, '哈尔滨红肠', '200克', 38.0000, 32.6000, 1, 'http://cz-android-pic01.oss-cn-beijing.aliyuncs.com/a01/mmexport1553496673876.jpg', NULL, NULL, '2020-12-28 21:12:47', NULL);
INSERT INTO `fa_order_detail` VALUES (300, 'FZ2101070434184305', 1, '叉烧肉白底图', '50克', 33.6000, 0.0000, 36, 'http://cz-android-pic01.oss-cn-beijing.aliyuncs.com/a01/mmexport1553496666526.jpg', NULL, NULL, '2021-01-07 15:10:41', NULL);
INSERT INTO `fa_order_detail` VALUES (301, 'FZ2101071440522567', 1, '叉烧肉白底图', '50克', 33.6000, 0.0000, 36, 'http://cz-android-pic01.oss-cn-beijing.aliyuncs.com/a01/mmexport1553496666526.jpg', NULL, NULL, '2021-01-07 15:10:45', NULL);
INSERT INTO `fa_order_detail` VALUES (302, 'FZ2101070778507476', 1, '叉烧肉白底图', '50克', 33.6000, 30.6000, 1, 'http://cz-android-pic01.oss-cn-beijing.aliyuncs.com/a01/mmexport1553496666526.jpg', NULL, NULL, '2021-01-07 21:52:30', NULL);
INSERT INTO `fa_order_detail` VALUES (303, 'FZ2101091856594712', 4, '儿童肠', '200克', 38.0000, 0.0000, 2, 'http://cz-android-pic01.oss-cn-beijing.aliyuncs.com/a01/mmexport1553496673876.jpg', NULL, NULL, '2021-01-09 10:57:16', NULL);
INSERT INTO `fa_order_detail` VALUES (304, 'FZ2101091856594712', 3, '烤肉', '50克', 33.6000, 0.0000, 2, 'http://cz-android-pic01.oss-cn-beijing.aliyuncs.com/a01/mmexport1553496666526.jpg', NULL, NULL, '2021-01-09 10:57:16', NULL);
INSERT INTO `fa_order_detail` VALUES (305, 'FZ2101151482246031', 1, '叉烧肉白底图', '50克', 33.6000, 0.0000, 2, 'http://cz-android-pic01.oss-cn-beijing.aliyuncs.com/a01/mmexport1553496666526.jpg', NULL, NULL, '2021-01-15 15:53:28', NULL);
INSERT INTO `fa_order_detail` VALUES (306, 'FZ2101160748705655', 1, '叉烧肉白底图', '50克', 33.6000, 0.0000, 15, 'http://cz-android-pic01.oss-cn-beijing.aliyuncs.com/a01/mmexport1553496666526.jpg', NULL, NULL, '2021-01-16 19:16:36', NULL);
INSERT INTO `fa_order_detail` VALUES (307, 'FZ2101170206597815', 3, '烤肉', '50克', 33.6000, 0.0000, 10, 'http://cz-android-pic01.oss-cn-beijing.aliyuncs.com/a01/mmexport1553496666526.jpg', NULL, NULL, '2021-01-17 18:17:27', NULL);
INSERT INTO `fa_order_detail` VALUES (308, 'FZ2101170206597815', 7, '培根2', '50克', 33.6000, 0.0000, 24, 'http://cz-android-pic01.oss-cn-beijing.aliyuncs.com/a01/mmexport1553496666526.jpg', NULL, NULL, '2021-01-17 18:17:27', NULL);
INSERT INTO `fa_order_detail` VALUES (309, 'FZ2101170732253814', 3, '烤肉', '50克', 33.6000, 0.0000, 12, 'http://cz-android-pic01.oss-cn-beijing.aliyuncs.com/a01/mmexport1553496666526.jpg', NULL, NULL, '2021-01-17 18:18:21', NULL);
INSERT INTO `fa_order_detail` VALUES (310, 'FZ2101170732253814', 7, '培根2', '50克', 33.6000, 0.0000, 31, 'http://cz-android-pic01.oss-cn-beijing.aliyuncs.com/a01/mmexport1553496666526.jpg', NULL, NULL, '2021-01-17 18:18:21', NULL);
INSERT INTO `fa_order_detail` VALUES (311, 'FZ2101171167727033', 3, '烤肉', '50克', 33.6000, 0.0000, 20, 'http://cz-android-pic01.oss-cn-beijing.aliyuncs.com/a01/mmexport1553496666526.jpg', NULL, NULL, '2021-01-17 22:28:02', NULL);
INSERT INTO `fa_order_detail` VALUES (312, 'FZ2101171167727033', 7, '培根2', '50克', 33.6000, 0.0000, 45, 'http://cz-android-pic01.oss-cn-beijing.aliyuncs.com/a01/mmexport1553496666526.jpg', NULL, NULL, '2021-01-17 22:28:02', NULL);
INSERT INTO `fa_order_detail` VALUES (313, 'FZ2101270756099390', 1, '叉烧肉白底图', '50克', 0.0100, 0.0100, 1, 'http://cz-android-pic01.oss-cn-beijing.aliyuncs.com/a01/mmexport1553496666526.jpg', NULL, NULL, '2021-01-27 21:12:40', NULL);
INSERT INTO `fa_order_detail` VALUES (314, 'FZ2101270770111890', 1, '叉烧肉白底图', '50克', 0.0100, 0.0100, 1, 'http://cz-android-pic01.oss-cn-beijing.aliyuncs.com/a01/mmexport1553496666526.jpg', NULL, NULL, '2021-01-27 21:12:42', NULL);

-- ----------------------------
-- Table structure for fa_order_log
-- ----------------------------
DROP TABLE IF EXISTS `fa_order_log`;
CREATE TABLE `fa_order_log`  (
  `id` bigint(20) NOT NULL AUTO_INCREMENT,
  `order_id` varchar(100) CHARACTER SET utf8 COLLATE utf8_general_ci NULL DEFAULT NULL,
  `user_id` bigint(20) NULL DEFAULT NULL,
  `op_name` varchar(100) CHARACTER SET utf8 COLLATE utf8_general_ci NULL DEFAULT NULL,
  `trade_status` varchar(10) CHARACTER SET utf8 COLLATE utf8_general_ci NULL DEFAULT NULL,
  `pay_status` varchar(10) CHARACTER SET utf8 COLLATE utf8_general_ci NULL DEFAULT NULL,
  `send_status` varchar(10) CHARACTER SET utf8 COLLATE utf8_general_ci NULL DEFAULT NULL,
  `remark` varchar(50) CHARACTER SET utf8 COLLATE utf8_general_ci NULL DEFAULT NULL,
  `add_time` datetime(0) NULL DEFAULT NULL,
  PRIMARY KEY (`id`) USING BTREE
) ENGINE = InnoDB AUTO_INCREMENT = 23 CHARACTER SET = utf8 COLLATE = utf8_general_ci ROW_FORMAT = Dynamic;

-- ----------------------------
-- Records of fa_order_log
-- ----------------------------
INSERT INTO `fa_order_log` VALUES (2, 'FZ2101070778507476', 1, 'admin', '待发货', '未付款', '未发货', '修改了收货地址', '2021-03-25 09:19:36');
INSERT INTO `fa_order_log` VALUES (3, 'FZ2101070778507476', 1, 'admin', '待发货', '未付款', '未发货', '修改了备注', '2021-03-25 09:21:00');
INSERT INTO `fa_order_log` VALUES (4, 'FZ2101070778507476', 1, 'admin', '待收货', '已付款', '未发货', '商家发货', '2021-03-25 09:22:14');
INSERT INTO `fa_order_log` VALUES (5, 'FZ2101070778507476', 1, 'admin', '待收货', '已付款', '未发货', '商家发货', '2021-03-25 09:27:57');
INSERT INTO `fa_order_log` VALUES (6, 'FZ2101070778507476', 1, 'admin', '待收货', '已付款', '未发货', '商家发货', '2021-03-25 09:49:54');
INSERT INTO `fa_order_log` VALUES (7, 'FZ2012112092390840', 1, 'admin', '已取消', '未付款', '未发货', '修改了备注', '2021-03-25 13:22:28');
INSERT INTO `fa_order_log` VALUES (8, 'FZ2101070778507476', 1, 'admin', '待收货', '已付款', '未发货', '修改了备注', '2021-03-25 13:22:38');
INSERT INTO `fa_order_log` VALUES (9, 'FZ2101070778507476', 1, 'admin', '待发货', '已付款', '未发货', '修改了备注', '2021-03-25 13:23:44');
INSERT INTO `fa_order_log` VALUES (10, 'FZ2101070778507476', 1, 'admin', '待发货', '已付款', '未发货', '修改了收货地址', '2021-03-25 13:24:07');
INSERT INTO `fa_order_log` VALUES (11, 'FZ2101070778507476', 1, 'admin', '待发货', '已付款', '未发货', '修改了收货地址', '2021-03-25 13:24:16');
INSERT INTO `fa_order_log` VALUES (12, 'FZ2101070778507476', 1, 'admin', '待收货', '已付款', '未发货', '商家发货', '2021-03-25 13:24:30');
INSERT INTO `fa_order_log` VALUES (13, 'FZ2101091856594712', 1, 'admin', '待发货', '未付款', '未发货', '商家发货', '2021-03-26 13:24:26');
INSERT INTO `fa_order_log` VALUES (14, 'FZ2101091856594712', 1, 'admin', '待发货', '未付款', '未发货', '修改了备注', '2021-03-26 13:24:43');
INSERT INTO `fa_order_log` VALUES (15, 'FZ2101091856594712', 1, 'admin', '待发货', '未付款', '未发货', '修改了备注', '2021-03-26 13:24:51');
INSERT INTO `fa_order_log` VALUES (16, 'FZ2012112092390840', 1, 'admin', '已取消', '未付款', '未发货', '修改了备注', '2021-03-26 13:25:41');
INSERT INTO `fa_order_log` VALUES (17, 'FZ2012112092390840', 1, 'admin', '已取消', '未付款', '未发货', '修改了收货地址', '2021-03-26 13:25:50');
INSERT INTO `fa_order_log` VALUES (18, 'FZ2101170206597815', 1, 'admin', '待发货', '已付款', NULL, '修改了备注', '2021-03-27 09:51:10');
INSERT INTO `fa_order_log` VALUES (19, 'FZ2101170206597815', 1, 'admin', '待发货', '已付款', NULL, '修改了收货地址', '2021-03-27 09:51:18');
INSERT INTO `fa_order_log` VALUES (20, 'FZ2101170206597815', 1, 'admin', '待发货', '已付款', NULL, '修改了备注', '2021-03-27 09:52:06');
INSERT INTO `fa_order_log` VALUES (21, 'FZ2012112092390840', 1, 'admin', '已取消', '未付款', NULL, '修改了备注', '2021-03-27 10:45:58');
INSERT INTO `fa_order_log` VALUES (22, 'FZ2012120211591600', 1, 'admin', '已取消', '未付款', NULL, '修改了备注', '2021-03-27 10:46:23');

-- ----------------------------
-- Table structure for fa_product_category
-- ----------------------------
DROP TABLE IF EXISTS `fa_product_category`;
CREATE TABLE `fa_product_category`  (
  `id` bigint(11) NOT NULL AUTO_INCREMENT,
  `pid` bigint(11) NULL DEFAULT NULL,
  `category_name` varchar(100) CHARACTER SET utf8 COLLATE utf8_general_ci NULL DEFAULT NULL,
  `urlimg` varchar(255) CHARACTER SET utf8 COLLATE utf8_general_ci NULL DEFAULT NULL,
  `sortnum` int(11) NULL DEFAULT NULL,
  `status` int(2) NULL DEFAULT NULL,
  PRIMARY KEY (`id`) USING BTREE,
  INDEX `fa_product_category_pid_IDX`(`pid`) USING BTREE
) ENGINE = InnoDB AUTO_INCREMENT = 16 CHARACTER SET = utf8 COLLATE = utf8_general_ci ROW_FORMAT = DYNAMIC;

-- ----------------------------
-- Records of fa_product_category
-- ----------------------------
INSERT INTO `fa_product_category` VALUES (1, 0, '肉禽蛋类', '/upload/category/2021/04/02/9d8c987b0a98cb38c400c1604d10d56e.png', 1, 1);
INSERT INTO `fa_product_category` VALUES (2, 0, '粮油零食', '/upload/category/2021/04/02/9bc305f9f41f93f8957635594965238f.png', 1, 1);
INSERT INTO `fa_product_category` VALUES (3, 0, '速食冻品', '/upload/category/2021/04/02/b8207974a278cd6832adfb48b880c433.png', 2, 1);
INSERT INTO `fa_product_category` VALUES (4, 0, '水果蔬菜', '/upload/category/2021/04/02/77470a8dd5a4f4620ffc7ad2ab6504ec.png', 3, 1);
INSERT INTO `fa_product_category` VALUES (5, 0, '餐饮熟食', '/upload/category/2021/04/02/d81d1e01b9813760f2ffe31d565027af.png', 0, 1);
INSERT INTO `fa_product_category` VALUES (6, 0, '活动', '/a01/product_cate/suiguo.png', 4, 0);
INSERT INTO `fa_product_category` VALUES (10, 1, '富硒鸡蛋', '/upload/category/2021/04/06/d9738740dd3ff95e58af8a86c8481f7e.jpg', 22, 1);
INSERT INTO `fa_product_category` VALUES (11, 2, '富硒大米', '/upload/category/2021/04/06/03c27a9c9b9f3dd130001b6fb12fa4df.jpg', 2, 1);
INSERT INTO `fa_product_category` VALUES (12, 1, '五花肉', '/upload/category/2021/04/06/06af98621acbf0b65cef0a73174e8f90.jpg', 1, 1);
INSERT INTO `fa_product_category` VALUES (13, 1, '后丘', '/upload/category/2021/04/06/e39ba8a6184a1a770a459acb9a4e5a37.jpg', 2, 1);
INSERT INTO `fa_product_category` VALUES (14, 1, '排骨', '/upload/category/2021/04/06/e8f27a2a8b0846ec62e7bf9ea6afdba2.jpg', 3, 1);
INSERT INTO `fa_product_category` VALUES (15, 6, '限时秒杀', '/upload/category/2021/04/06/9661657dcc3cfeee4fec0ea58e61fd50.jpg', 1, 1);

-- ----------------------------
-- Table structure for fa_product_detail
-- ----------------------------
DROP TABLE IF EXISTS `fa_product_detail`;
CREATE TABLE `fa_product_detail`  (
  `id` int(11) NOT NULL AUTO_INCREMENT,
  `product_id` int(11) NULL DEFAULT NULL COMMENT '商品id',
  `detail_path` varchar(255) CHARACTER SET utf8 COLLATE utf8_general_ci NULL DEFAULT NULL COMMENT '详情路径',
  `sort_number` int(11) NULL DEFAULT NULL COMMENT '序号',
  `add_time` datetime(0) NULL DEFAULT NULL,
  `update_time` datetime(0) NULL DEFAULT NULL,
  PRIMARY KEY (`id`) USING BTREE
) ENGINE = InnoDB AUTO_INCREMENT = 53 CHARACTER SET = utf8 COLLATE = utf8_general_ci ROW_FORMAT = DYNAMIC;

-- ----------------------------
-- Records of fa_product_detail
-- ----------------------------
INSERT INTO `fa_product_detail` VALUES (13, 15, '/upload/goodsdetail/2021/03/25/9478ef4987b0f5af238dc213208b92e4.jpg', 1, '2021-03-25 13:07:07', '2021-03-25 13:07:07');
INSERT INTO `fa_product_detail` VALUES (20, 13, '/upload/goodsdetail/2021/04/01/df868b279b05222b293f40b665f75eb1.png', 1, '2021-04-01 17:04:05', '2021-04-01 17:04:05');
INSERT INTO `fa_product_detail` VALUES (21, 11, '/upload/goodsdetail/2021/04/02/45cd2d3c542415596e1bc0b8ffe88fe7.jpg', 1, '2021-04-02 09:27:58', '2021-04-02 09:27:58');
INSERT INTO `fa_product_detail` VALUES (22, 11, '/upload/goodsdetail/2021/04/02/430eb9281adb92d9ca5dbe388b5b76a0.jpg', 2, '2021-04-02 09:28:05', '2021-04-02 09:28:05');
INSERT INTO `fa_product_detail` VALUES (23, 11, '/upload/goodsdetail/2021/04/02/f693f149f096b62590336ffbf0997c8c.jpg', 3, '2021-04-02 09:28:12', '2021-04-02 09:28:12');
INSERT INTO `fa_product_detail` VALUES (24, 11, '/upload/goodsdetail/2021/04/02/163d35be701d707ac24c50938de49fd7.jpg', 4, '2021-04-02 09:28:18', '2021-04-02 09:28:18');
INSERT INTO `fa_product_detail` VALUES (25, 11, '/upload/goodsdetail/2021/04/02/36487278e9072ed24c97827a7e53dfce.jpg', 5, '2021-04-02 09:28:26', '2021-04-02 09:28:26');
INSERT INTO `fa_product_detail` VALUES (26, 11, '/upload/goodsdetail/2021/04/02/a99e5e3710b0ed2bf94840024988e954.jpg', 6, '2021-04-02 09:28:29', '2021-04-02 09:28:29');
INSERT INTO `fa_product_detail` VALUES (27, 1, '/upload/goodsdetail/2021/04/02/16ef55507bac8c4e959487d328e5119a.jpg', 1, '2021-04-02 09:31:03', '2021-04-02 09:31:03');
INSERT INTO `fa_product_detail` VALUES (28, 1, '/upload/goodsdetail/2021/04/02/57aaf90609e2dba1ad1811453f57f364.jpg', 2, '2021-04-02 09:31:15', '2021-04-02 09:31:15');
INSERT INTO `fa_product_detail` VALUES (29, 1, '/upload/goodsdetail/2021/04/02/db50c3adba2f9b672c1bfc0face2f20f.jpg', 3, '2021-04-02 09:31:21', '2021-04-02 09:31:21');
INSERT INTO `fa_product_detail` VALUES (30, 1, '/upload/goodsdetail/2021/04/02/025cb3ed8a809d06fb7b190206cf9354.jpg', 4, '2021-04-02 09:31:26', '2021-04-02 09:31:26');
INSERT INTO `fa_product_detail` VALUES (31, 1, '/upload/goodsdetail/2021/04/02/31de284a625de4f3764186dbef9acaf2.jpg', 5, '2021-04-02 09:31:29', '2021-04-02 09:31:29');
INSERT INTO `fa_product_detail` VALUES (32, 2, '/upload/goodsdetail/2021/04/02/d25f9823ad641e43d14abb566a2dc8e8.jpg', 1, '2021-04-02 09:34:32', '2021-04-02 09:34:32');
INSERT INTO `fa_product_detail` VALUES (33, 2, '/upload/goodsdetail/2021/04/02/91dc7126c2e8b0b8e71c1b12e38e5193.jpg', 2, '2021-04-02 09:34:37', '2021-04-02 09:34:37');
INSERT INTO `fa_product_detail` VALUES (34, 2, '/upload/goodsdetail/2021/04/02/c73e17c555a90f29ff69e2d118c18582.jpg', 3, '2021-04-02 09:34:43', '2021-04-02 09:34:43');
INSERT INTO `fa_product_detail` VALUES (35, 2, '/upload/goodsdetail/2021/04/02/2a135d1d4aadd8a6a6250bbfeb648f21.jpg', 4, '2021-04-02 09:34:47', '2021-04-02 09:34:47');
INSERT INTO `fa_product_detail` VALUES (36, 2, '/upload/goodsdetail/2021/04/02/eb2f159a46dfca1b7f499fafddd2aafa.jpg', 5, '2021-04-02 09:34:51', '2021-04-02 09:34:51');
INSERT INTO `fa_product_detail` VALUES (37, 3, '/upload/goodsdetail/2021/04/02/9b68e95cf1dfa628c063e61da2ed51cf.jpg', 1, '2021-04-02 09:37:38', '2021-04-02 09:37:38');
INSERT INTO `fa_product_detail` VALUES (38, 3, '/upload/goodsdetail/2021/04/02/2c82f900eb6f3d63317147b325ca9a46.jpg', 2, '2021-04-02 09:37:49', '2021-04-02 09:37:49');
INSERT INTO `fa_product_detail` VALUES (39, 3, '/upload/goodsdetail/2021/04/02/0e030156594d8e8a1e1e00ddb6708e3d.jpg', 3, '2021-04-02 09:37:54', '2021-04-02 09:37:54');
INSERT INTO `fa_product_detail` VALUES (40, 3, '/upload/goodsdetail/2021/04/02/f3cf58f1a49ef3e6294e9dd0cb0e8528.jpg', 4, '2021-04-02 09:38:00', '2021-04-02 09:38:00');
INSERT INTO `fa_product_detail` VALUES (41, 3, '/upload/goodsdetail/2021/04/02/06c074eb2f28b6e76e3a7690cced3e83.jpg', 5, '2021-04-02 09:38:04', '2021-04-02 09:38:04');
INSERT INTO `fa_product_detail` VALUES (42, 4, '/upload/goodsdetail/2021/04/02/2423c73109887352634dc2df2b1f11a1.jpg', 1, '2021-04-02 09:42:25', '2021-04-02 09:42:25');
INSERT INTO `fa_product_detail` VALUES (43, 4, '/upload/goodsdetail/2021/04/02/aa5d3a943652c56fd57d0ac47ed446ce.jpg', 2, '2021-04-02 09:42:30', '2021-04-02 09:42:30');
INSERT INTO `fa_product_detail` VALUES (44, 4, '/upload/goodsdetail/2021/04/02/cf177d8e46adf6c1e92fbb8bb9456438.jpg', 3, '2021-04-02 09:42:35', '2021-04-02 09:42:35');
INSERT INTO `fa_product_detail` VALUES (45, 4, '/upload/goodsdetail/2021/04/02/c3a5fe4b4527e7aa3aa6020a6e92c052.jpg', 4, '2021-04-02 09:42:39', '2021-04-02 09:42:39');
INSERT INTO `fa_product_detail` VALUES (46, 4, '/upload/goodsdetail/2021/04/02/e9f713aaca8a255efa7f125275979430.jpg', 5, '2021-04-02 09:42:43', '2021-04-02 09:42:43');
INSERT INTO `fa_product_detail` VALUES (47, 6, '/upload/goodsdetail/2021/04/02/6bca7be547e656cf440e7b932dd2a334.jpg', 1, '2021-04-02 09:45:08', '2021-04-02 09:45:08');
INSERT INTO `fa_product_detail` VALUES (48, 6, '/upload/goodsdetail/2021/04/02/d24ebbb6e4a4783e874d55fc4b6aaf9e.jpg', 2, '2021-04-02 09:45:12', '2021-04-02 09:45:12');
INSERT INTO `fa_product_detail` VALUES (49, 6, '/upload/goodsdetail/2021/04/02/7ead98d41c251c32d5c73d40da2caa34.jpg', 3, '2021-04-02 09:45:16', '2021-04-02 09:45:16');
INSERT INTO `fa_product_detail` VALUES (50, 6, '/upload/goodsdetail/2021/04/02/583d7fbdd6d2d0de7acb8c80401d2f7d.jpg', 4, '2021-04-02 09:45:20', '2021-04-02 09:45:20');
INSERT INTO `fa_product_detail` VALUES (51, 6, '/upload/goodsdetail/2021/04/02/56554e894ed1752b583e152d52e7eb8c.jpg', 5, '2021-04-02 09:45:25', '2021-04-02 09:45:25');
INSERT INTO `fa_product_detail` VALUES (52, 16, '/upload/goodsdetail/2021/04/06/fafdf6de42ae45d97bcb9cf3f66b6de9.jpg', 1, '2021-04-06 13:55:22', '2021-04-06 13:55:22');

-- ----------------------------
-- Table structure for fa_product_param
-- ----------------------------
DROP TABLE IF EXISTS `fa_product_param`;
CREATE TABLE `fa_product_param`  (
  `id` int(11) NOT NULL AUTO_INCREMENT,
  `product_id` int(11) NULL DEFAULT NULL COMMENT '商品id',
  `param_name` varchar(100) CHARACTER SET utf8 COLLATE utf8_general_ci NULL DEFAULT NULL COMMENT '商品参数名称',
  `param_value` varchar(100) CHARACTER SET utf8 COLLATE utf8_general_ci NULL DEFAULT NULL COMMENT '商品参数值',
  `add_time` datetime(0) NULL DEFAULT NULL,
  `update_time` datetime(0) NULL DEFAULT NULL,
  PRIMARY KEY (`id`) USING BTREE
) ENGINE = InnoDB AUTO_INCREMENT = 15 CHARACTER SET = utf8 COLLATE = utf8_general_ci ROW_FORMAT = DYNAMIC;

-- ----------------------------
-- Records of fa_product_param
-- ----------------------------
INSERT INTO `fa_product_param` VALUES (1, 1, '净含量', '400g', '2021-03-15 11:52:05', '2021-03-15 11:52:08');
INSERT INTO `fa_product_param` VALUES (2, 1, '储存条件', '冷冻', '2021-03-15 11:52:05', '2021-03-15 11:52:05');
INSERT INTO `fa_product_param` VALUES (3, 1, '保质期', '12个月', '2021-03-15 11:52:05', '2021-03-15 11:52:05');
INSERT INTO `fa_product_param` VALUES (13, 2, '在这种', 'zzd', '2021-03-17 15:23:09', '2021-03-17 15:23:09');
INSERT INTO `fa_product_param` VALUES (14, 2, 'df地方', '得到', '2021-03-17 15:23:16', '2021-03-17 15:23:16');

-- ----------------------------
-- Table structure for fa_product_pic
-- ----------------------------
DROP TABLE IF EXISTS `fa_product_pic`;
CREATE TABLE `fa_product_pic`  (
  `id` bigint(11) NOT NULL AUTO_INCREMENT,
  `product_id` bigint(11) NULL DEFAULT NULL COMMENT '商品id',
  `pic_path` varchar(255) CHARACTER SET utf8 COLLATE utf8_general_ci NULL DEFAULT NULL COMMENT '图片路径',
  `sort_number` int(255) NULL DEFAULT NULL COMMENT '序号',
  `add_time` datetime(0) NULL DEFAULT NULL,
  `update_time` datetime(0) NULL DEFAULT NULL,
  PRIMARY KEY (`id`) USING BTREE
) ENGINE = InnoDB AUTO_INCREMENT = 114 CHARACTER SET = utf8 COLLATE = utf8_general_ci ROW_FORMAT = DYNAMIC;

-- ----------------------------
-- Records of fa_product_pic
-- ----------------------------
INSERT INTO `fa_product_pic` VALUES (69, 21, '/upload/goodspic/2021/03/16/6c80703c8813da62972e64c2559138c7.jpg', 1, '2021-03-16 15:53:17', '2021-03-16 15:53:17');
INSERT INTO `fa_product_pic` VALUES (70, 22, '/upload/goodspic/2021/03/16/02c4cdb3ba582a2571e427ee99d29a66.jpg', 1, '2021-03-16 15:53:23', '2021-03-16 15:53:23');
INSERT INTO `fa_product_pic` VALUES (71, 15, '/upload/goodspic/2021/03/25/70d8e5b1efcc30adb9ac76ede63155b9.jpg', 1, '2021-03-25 13:07:00', '2021-03-25 13:07:00');
INSERT INTO `fa_product_pic` VALUES (90, 13, '/upload/goodspic/2021/04/01/4af86e1ec48cbda76efea9c550f27857.png', 1, '2021-04-01 17:05:14', '2021-04-01 17:05:14');
INSERT INTO `fa_product_pic` VALUES (101, 9, '/upload/goodspic/2021/04/02/165bd6baf3d0d9bfc006f9d3e7a73a1b.jpg', 1, '2021-04-02 10:02:35', '2021-04-02 10:02:35');
INSERT INTO `fa_product_pic` VALUES (102, 7, '/upload/goodspic/2021/04/02/2eca35748bbaad1647f49bbfde0cc825.png', 1, '2021-04-02 10:04:54', '2021-04-02 10:04:54');
INSERT INTO `fa_product_pic` VALUES (103, 8, '/upload/goodspic/2021/04/02/8e7e86492a6e7d58c0e8d21b028595d9.png', 1, '2021-04-02 10:05:06', '2021-04-02 10:05:06');
INSERT INTO `fa_product_pic` VALUES (104, 10, '/upload/goodspic/2021/04/02/6a3d089addd5fda13f8e51d227d53a77.png', 1, '2021-04-02 10:05:49', '2021-04-02 10:05:49');
INSERT INTO `fa_product_pic` VALUES (105, 14, '/upload/goodspic/2021/04/02/cfbd82efbe371d7c0b9d3c490053b883.png', 2, '2021-04-02 11:44:13', '2021-04-02 11:44:13');
INSERT INTO `fa_product_pic` VALUES (106, 1, '/upload/goodspic/2021/04/06/e7af7d82fd3ac4918b5e83162c7d228b.jpg', 1, '2021-04-06 13:50:42', '2021-04-06 13:50:42');
INSERT INTO `fa_product_pic` VALUES (108, 11, '/upload/goodspic/2021/04/06/03ae41ed828247d31f3b2e0a5c6b1be7.jpg', 1, '2021-04-06 13:51:15', '2021-04-06 13:51:15');
INSERT INTO `fa_product_pic` VALUES (109, 2, '/upload/goodspic/2021/04/06/cfeb0c0b6cf723a13c0788ee64713717.jpg', 1, '2021-04-06 13:52:26', '2021-04-06 13:52:26');
INSERT INTO `fa_product_pic` VALUES (110, 3, '/upload/goodspic/2021/04/06/84285784474bab417253ef3e14c4308c.jpg', 1, '2021-04-06 13:53:39', '2021-04-06 13:53:39');
INSERT INTO `fa_product_pic` VALUES (111, 4, '/upload/goodspic/2021/04/06/c75214b1f46c26894141bff3666f5482.jpg', 1, '2021-04-06 13:54:02', '2021-04-06 13:54:02');
INSERT INTO `fa_product_pic` VALUES (112, 16, '/upload/goodspic/2021/04/06/ee8b2f8107e119ea946e2f0f25e72591.jpg', 2, '2021-04-06 13:55:09', '2021-04-06 13:55:09');
INSERT INTO `fa_product_pic` VALUES (113, 6, '/upload/goodspic/2021/04/06/9ac88d8b75d8c40f4ba659e7dd6af877.jpg', 1, '2021-04-06 13:55:22', '2021-04-06 13:55:22');

-- ----------------------------
-- Table structure for fa_product_price
-- ----------------------------
DROP TABLE IF EXISTS `fa_product_price`;
CREATE TABLE `fa_product_price`  (
  `id` varchar(100) CHARACTER SET utf8 COLLATE utf8_general_ci NULL DEFAULT NULL,
  `channel_id` int(11) NULL DEFAULT NULL,
  `product_id` varchar(100) CHARACTER SET utf8 COLLATE utf8_general_ci NULL DEFAULT NULL,
  `product_price` double NULL DEFAULT NULL,
  `price_time` date NULL DEFAULT NULL
) ENGINE = InnoDB CHARACTER SET = utf8 COLLATE = utf8_general_ci ROW_FORMAT = DYNAMIC;

-- ----------------------------
-- Records of fa_product_price
-- ----------------------------

-- ----------------------------
-- Table structure for fa_product_say
-- ----------------------------
DROP TABLE IF EXISTS `fa_product_say`;
CREATE TABLE `fa_product_say`  (
  `id` bigint(20) NOT NULL AUTO_INCREMENT,
  `pid` int(11) NULL DEFAULT NULL,
  `product_id` bigint(20) NULL DEFAULT NULL COMMENT '商品id',
  `product_name` varchar(100) CHARACTER SET utf8 COLLATE utf8_general_ci NULL DEFAULT NULL COMMENT '商品名称',
  `product_pic` varchar(255) CHARACTER SET utf8 COLLATE utf8_general_ci NULL DEFAULT NULL COMMENT '商品图片',
  `user_id` bigint(20) NULL DEFAULT NULL COMMENT '用户id',
  `user_name` varchar(50) CHARACTER SET utf8 COLLATE utf8_general_ci NULL DEFAULT NULL COMMENT '用户名称',
  `user_phone` varchar(50) CHARACTER SET utf8 COLLATE utf8_general_ci NULL DEFAULT NULL COMMENT '用户电话',
  `say_level` int(2) NULL DEFAULT NULL COMMENT '评论类型：0：好评，1：中评，2差评 ',
  `say_content` varchar(255) CHARACTER SET utf8 COLLATE utf8_general_ci NULL DEFAULT NULL COMMENT '评论内容',
  `beautiful_status` int(2) NULL DEFAULT NULL COMMENT '精选标志：0：普通，1：精选',
  `hide_status` int(2) NULL DEFAULT NULL COMMENT '隐藏标志：0：显示，1：隐藏',
  `add_time` datetime(0) NULL DEFAULT NULL,
  `update_time` datetime(0) NULL DEFAULT NULL,
  PRIMARY KEY (`id`) USING BTREE
) ENGINE = InnoDB AUTO_INCREMENT = 19 CHARACTER SET = utf8 COLLATE = utf8_general_ci ROW_FORMAT = Dynamic;

-- ----------------------------
-- Records of fa_product_say
-- ----------------------------
INSERT INTO `fa_product_say` VALUES (1, 0, 1, '叉烧肉白底图', '/upload/goodspic/2021/03/13/c3b0d888b6ad2e01ce24f2edb0edec2f.jpg', 99, '黎勇', '13501058622', 0, '叉烧肉味道很好！', 0, 0, '2021-03-17 11:09:02', '2021-03-17 11:09:02');
INSERT INTO `fa_product_say` VALUES (2, 0, 21, '哈尔滨红肠', '/upload/goodspic/2021/03/16/6c80703c8813da62972e64c2559138c7.jpg', 100, '立新', '13501058622', 1, '哈尔滨红肠老字号，一如既往！', 1, 1, '2021-03-17 11:11:12', '2021-03-17 11:11:12');
INSERT INTO `fa_product_say` VALUES (3, 0, 21, '哈尔滨红肠', '/upload/goodspic/2021/03/16/6c80703c8813da62972e64c2559138c7.jpg', 100, '立新', '13501058622', 2, '哈尔滨红肠老字号，一如既往！', 1, 1, '2021-03-17 11:11:12', '2021-03-17 11:11:12');
INSERT INTO `fa_product_say` VALUES (4, NULL, 21, '哈尔滨红肠', '/upload/goodspic/2021/03/16/6c80703c8813da62972e64c2559138c7.jpg', 100, '立新', '13501058622', 0, '哈尔滨红肠老字号，一如既往！', 1, 1, '2021-03-17 11:11:12', '2021-03-17 11:11:12');
INSERT INTO `fa_product_say` VALUES (5, NULL, 21, '哈尔滨红肠', '/upload/goodspic/2021/03/16/6c80703c8813da62972e64c2559138c7.jpg', 100, '立新', '13501058622', 0, '哈尔滨红肠老字号，一如既往！', 1, 1, '2021-03-17 11:11:12', '2021-03-17 11:11:12');
INSERT INTO `fa_product_say` VALUES (6, NULL, 21, '哈尔滨红肠', '/upload/goodspic/2021/03/16/6c80703c8813da62972e64c2559138c7.jpg', 100, '立新', '13501058622', 0, '哈尔滨红肠老字号，一如既往！', 1, 1, '2021-03-17 11:11:12', '2021-03-17 11:11:12');
INSERT INTO `fa_product_say` VALUES (7, NULL, 21, '哈尔滨红肠', '/upload/goodspic/2021/03/16/6c80703c8813da62972e64c2559138c7.jpg', 100, '立新', '13501058622', 0, '哈尔滨红肠老字号，一如既往！', 0, 0, '2021-03-17 11:11:12', '2021-03-17 11:11:12');
INSERT INTO `fa_product_say` VALUES (8, NULL, 21, '哈尔滨红肠', '/upload/goodspic/2021/03/16/6c80703c8813da62972e64c2559138c7.jpg', 100, '立新', '13501058622', 0, '哈尔滨红肠老字号，一如既往！', 0, 0, '2021-03-17 11:11:12', '2021-03-17 11:11:12');
INSERT INTO `fa_product_say` VALUES (9, NULL, 21, '哈尔滨红肠', '/upload/goodspic/2021/03/16/6c80703c8813da62972e64c2559138c7.jpg', 100, '立新', '13501058622', 0, '哈尔滨红肠老字号，一如既往！', 0, 0, '2021-03-17 11:11:12', '2021-03-17 11:11:12');
INSERT INTO `fa_product_say` VALUES (10, NULL, 21, '哈尔滨红肠', '/upload/goodspic/2021/03/16/6c80703c8813da62972e64c2559138c7.jpg', 100, '立新', '13501058622', 0, '哈尔滨红肠老字号，一如既往！', 0, 0, '2021-03-17 11:11:12', '2021-03-17 11:11:12');
INSERT INTO `fa_product_say` VALUES (11, NULL, 21, '哈尔滨红肠', '/upload/goodspic/2021/03/16/6c80703c8813da62972e64c2559138c7.jpg', 100, '立新', '13501058622', 0, '哈尔滨红肠老字号，一如既往！', 0, 0, '2021-03-17 11:11:12', '2021-03-17 11:11:12');
INSERT INTO `fa_product_say` VALUES (12, 1, NULL, '', '', NULL, '', '', NULL, '感谢您的惠顾！', 0, 0, '2021-03-17 11:11:12', '2021-03-17 11:11:12');
INSERT INTO `fa_product_say` VALUES (13, 2, NULL, '', '', NULL, '', '', NULL, '感谢您的惠顾！', 0, 0, '2021-03-17 11:11:12', '2021-03-17 11:11:12');
INSERT INTO `fa_product_say` VALUES (14, 3, NULL, NULL, NULL, NULL, NULL, NULL, NULL, '感谢好评', NULL, NULL, '2021-03-18 11:13:03', '2021-03-18 11:13:03');
INSERT INTO `fa_product_say` VALUES (15, 4, NULL, NULL, NULL, NULL, NULL, NULL, NULL, '下次再来', NULL, NULL, '2021-03-18 11:18:47', '2021-03-18 11:18:47');
INSERT INTO `fa_product_say` VALUES (16, 6, NULL, NULL, NULL, NULL, NULL, NULL, NULL, '非常感谢', NULL, NULL, '2021-03-18 11:19:19', '2021-03-18 11:19:19');
INSERT INTO `fa_product_say` VALUES (17, 5, NULL, NULL, NULL, NULL, NULL, NULL, NULL, '我们努力', NULL, NULL, '2021-03-18 11:20:30', '2021-03-18 11:20:30');
INSERT INTO `fa_product_say` VALUES (18, 7, NULL, NULL, NULL, NULL, NULL, NULL, NULL, '不欢迎你', NULL, NULL, '2021-03-25 13:20:15', '2021-03-25 13:20:15');

-- ----------------------------
-- Table structure for fa_product_spec
-- ----------------------------
DROP TABLE IF EXISTS `fa_product_spec`;
CREATE TABLE `fa_product_spec`  (
  `id` bigint(11) NOT NULL AUTO_INCREMENT,
  `product_id` bigint(11) NULL DEFAULT NULL COMMENT '商品id',
  `spec_id` bigint(11) NULL DEFAULT NULL COMMENT '标签id',
  `add_time` datetime(0) NULL DEFAULT NULL,
  `update_time` datetime(0) NULL DEFAULT NULL,
  PRIMARY KEY (`id`) USING BTREE
) ENGINE = InnoDB AUTO_INCREMENT = 70 CHARACTER SET = utf8 COLLATE = utf8_general_ci ROW_FORMAT = DYNAMIC;

-- ----------------------------
-- Records of fa_product_spec
-- ----------------------------
INSERT INTO `fa_product_spec` VALUES (16, 19, 1, '2021-03-13 17:00:03', '2021-03-13 17:00:03');
INSERT INTO `fa_product_spec` VALUES (17, 19, 2, '2021-03-13 17:00:03', '2021-03-13 17:00:03');
INSERT INTO `fa_product_spec` VALUES (18, 19, 3, '2021-03-13 17:00:03', '2021-03-13 17:00:03');
INSERT INTO `fa_product_spec` VALUES (19, 20, 1, '2021-03-15 11:15:21', '2021-03-15 11:15:21');
INSERT INTO `fa_product_spec` VALUES (20, 20, 2, '2021-03-15 11:15:21', '2021-03-15 11:15:21');
INSERT INTO `fa_product_spec` VALUES (21, 20, 3, '2021-03-15 11:15:21', '2021-03-15 11:15:21');
INSERT INTO `fa_product_spec` VALUES (30, 21, 1, '2021-03-16 15:53:18', '2021-03-16 15:53:18');
INSERT INTO `fa_product_spec` VALUES (31, 21, 2, '2021-03-16 15:53:18', '2021-03-16 15:53:18');
INSERT INTO `fa_product_spec` VALUES (32, 21, 3, '2021-03-16 15:53:18', '2021-03-16 15:53:18');
INSERT INTO `fa_product_spec` VALUES (33, 22, 1, '2021-03-16 15:53:24', '2021-03-16 15:53:24');
INSERT INTO `fa_product_spec` VALUES (34, 22, 2, '2021-03-16 15:53:24', '2021-03-16 15:53:24');
INSERT INTO `fa_product_spec` VALUES (35, 22, 3, '2021-03-16 15:53:24', '2021-03-16 15:53:24');
INSERT INTO `fa_product_spec` VALUES (39, 15, 1, '2021-03-25 13:07:08', '2021-03-25 13:07:08');
INSERT INTO `fa_product_spec` VALUES (40, 15, 2, '2021-03-25 13:07:08', '2021-03-25 13:07:08');
INSERT INTO `fa_product_spec` VALUES (41, 15, 3, '2021-03-25 13:07:08', '2021-03-25 13:07:08');
INSERT INTO `fa_product_spec` VALUES (60, 1, 3, '2021-04-06 13:50:44', '2021-04-06 13:50:44');
INSERT INTO `fa_product_spec` VALUES (61, 2, 1, '2021-04-06 13:52:27', '2021-04-06 13:52:27');
INSERT INTO `fa_product_spec` VALUES (62, 2, 2, '2021-04-06 13:52:28', '2021-04-06 13:52:28');
INSERT INTO `fa_product_spec` VALUES (63, 3, 1, '2021-04-06 13:53:40', '2021-04-06 13:53:40');
INSERT INTO `fa_product_spec` VALUES (64, 3, 2, '2021-04-06 13:53:40', '2021-04-06 13:53:40');
INSERT INTO `fa_product_spec` VALUES (65, 3, 3, '2021-04-06 13:53:40', '2021-04-06 13:53:40');
INSERT INTO `fa_product_spec` VALUES (68, 16, 1, '2021-04-06 13:55:23', '2021-04-06 13:55:23');
INSERT INTO `fa_product_spec` VALUES (69, 16, 2, '2021-04-06 13:55:23', '2021-04-06 13:55:23');

-- ----------------------------
-- Table structure for fa_productinfo
-- ----------------------------
DROP TABLE IF EXISTS `fa_productinfo`;
CREATE TABLE `fa_productinfo`  (
  `product_id` bigint(20) NOT NULL AUTO_INCREMENT,
  `product_name` varchar(100) CHARACTER SET utf8 COLLATE utf8_general_ci NULL DEFAULT NULL,
  `product_category_id` int(11) NULL DEFAULT NULL COMMENT '商品分类',
  `channel_id` int(11) NULL DEFAULT NULL COMMENT '渠道id，标注商品来自哪家。对应fa_channel 的channel id',
  `price` decimal(10, 2) NULL DEFAULT NULL COMMENT '价格',
  `current_inventory` int(11) NULL DEFAULT NULL COMMENT '当前库存量',
  `measurement` varchar(100) CHARACTER SET utf8 COLLATE utf8_general_ci NULL DEFAULT NULL COMMENT '重量',
  `lable` varchar(100) CHARACTER SET utf8 COLLATE utf8_general_ci NULL DEFAULT NULL COMMENT '特性说明',
  `specifications1` varchar(100) CHARACTER SET utf8 COLLATE utf8_general_ci NULL DEFAULT NULL,
  `specifications2` varchar(100) CHARACTER SET utf8 COLLATE utf8_general_ci NULL DEFAULT NULL,
  `specifications3` varchar(100) CHARACTER SET utf8 COLLATE utf8_general_ci NULL DEFAULT NULL,
  `indexno` int(11) NULL DEFAULT NULL,
  `imgurl1` varchar(500) CHARACTER SET utf8 COLLATE utf8_general_ci NULL DEFAULT NULL,
  `imgurl2` varchar(100) CHARACTER SET utf8 COLLATE utf8_general_ci NULL DEFAULT NULL,
  `imgurl3` varchar(100) CHARACTER SET utf8 COLLATE utf8_general_ci NULL DEFAULT NULL,
  `imgurl4` varchar(100) CHARACTER SET utf8 COLLATE utf8_general_ci NULL DEFAULT NULL,
  `imgurl5` varchar(100) CHARACTER SET utf8 COLLATE utf8_general_ci NULL DEFAULT NULL,
  `imgurl6` varchar(100) CHARACTER SET utf8 COLLATE utf8_general_ci NULL DEFAULT NULL,
  `imgurl7` varchar(100) CHARACTER SET utf8 COLLATE utf8_general_ci NULL DEFAULT NULL,
  `imgurl8` varchar(100) CHARACTER SET utf8 COLLATE utf8_general_ci NULL DEFAULT NULL,
  `specialoffer` int(2) NULL DEFAULT NULL COMMENT '每日特价：0不启动特价，1启动特价',
  `recommend` varchar(100) CHARACTER SET utf8 COLLATE utf8_general_ci NULL DEFAULT NULL,
  `specialofferprice` decimal(10, 2) NULL DEFAULT NULL COMMENT '特价价格',
  `storage_conditions` varchar(50) CHARACTER SET utf8 COLLATE utf8_general_ci NULL DEFAULT NULL COMMENT '保存条件',
  `shelf_life` varchar(50) CHARACTER SET utf8 COLLATE utf8_general_ci NULL DEFAULT NULL COMMENT '保质期',
  `net_content` varchar(50) CHARACTER SET utf8 COLLATE utf8_general_ci NULL DEFAULT NULL COMMENT '净含量',
  `activity_url` varchar(255) CHARACTER SET utf8 COLLATE utf8_general_ci NULL DEFAULT NULL COMMENT '活动图',
  `updown_status` int(2) NULL DEFAULT NULL COMMENT '0下架，1上架',
  `salenum` int(11) NULL DEFAULT NULL COMMENT '真实销量',
  `salenum2` int(11) NULL DEFAULT NULL COMMENT '显示销量',
  `create_time` datetime(0) NULL DEFAULT CURRENT_TIMESTAMP(0) COMMENT '创建日期',
  `updown_time` datetime(0) NULL DEFAULT NULL COMMENT '上下架日期',
  `show_index` int(1) NULL DEFAULT NULL COMMENT '是否首页 展示',
  PRIMARY KEY (`product_id`) USING BTREE
) ENGINE = InnoDB AUTO_INCREMENT = 140 CHARACTER SET = utf8 COLLATE = utf8_general_ci ROW_FORMAT = DYNAMIC;

-- ----------------------------
-- Records of fa_productinfo
-- ----------------------------
INSERT INTO `fa_productinfo` VALUES (1, '里脊', 10, NULL, 100.00, 60, '50克', '富硒猪肉', '绿色', '富硒', '无抗生素', 1, '/a01/mmexport1553496666526.jpg', '2', '3', '4', '5', '', '', '', 1, '1', 1.00, NULL, NULL, NULL, NULL, 1, 100, 5, '2020-11-06 18:51:03', '2021-04-02 10:10:32', 1);
INSERT INTO `fa_productinfo` VALUES (2, '梅花肉', 10, NULL, 99.00, 150, '200克', '富硒猪肉', '绿色', '富硒', '无抗生素', 2, '/a01/mmexport1553496673876.jpg', '', '', '', '', '', '', '', 1, '1', 1.00, NULL, NULL, NULL, NULL, 1, 100, 500, '2020-11-06 18:59:03', '2021-03-12 09:34:46', 1);
INSERT INTO `fa_productinfo` VALUES (3, '猪腿肉', 10, NULL, 98.00, 150, '50克', '富硒猪肉', '绿色', '富硒', '无抗生素', 3, '/a01/mmexport1553496666526.jpg', '', '', '', '', '', '', '', 1, '1', 1.00, NULL, NULL, NULL, NULL, 1, 100, 500, '2020-11-06 20:54:26', '2021-03-12 09:34:47', 1);
INSERT INTO `fa_productinfo` VALUES (4, '哈尔滨红肠', 12, NULL, 18.00, 192, '200克', '富硒猪肉', '绿色', '富硒', '无抗生素', 4, '/a01/mmexport1553496673876.jpg', '', '', '', '', '', '', '', 1, '1', 10.00, NULL, NULL, NULL, NULL, 1, 100, 500, '2020-11-06 20:54:40', '2021-03-12 12:40:36', 1);
INSERT INTO `fa_productinfo` VALUES (6, '培根', 12, NULL, 50.00, 200, '50克', '富硒猪肉', '绿色', '富硒', '无抗生素', 6, '/a01/mmexport1553496666526.jpg', '', '', '', '', '', '', '', 0, '1', 0.01, NULL, NULL, NULL, NULL, 1, 100, 500, '2020-11-06 20:56:11', '2021-03-12 09:34:57', 1);
INSERT INTO `fa_productinfo` VALUES (7, '排骨', 13, NULL, 60.00, 100, '50克', '富硒猪肉', '绿色', '富硒', '无抗生素', 7, '/a01/mmexport1553496666526.jpg', '', '', '', '', '', '', '', 0, '1', 15.00, NULL, NULL, NULL, NULL, 1, 100, 500, '2020-11-06 20:56:17', '2021-03-12 09:34:59', 0);
INSERT INTO `fa_productinfo` VALUES (8, '里脊肉', 13, NULL, 70.00, 200, '50克', '富硒猪肉', '绿色', '富硒', '无抗生素', 8, '/a01/mmexport1553496666526.jpg', '', '', '', '', '', '', '', 0, '1', 18.00, NULL, NULL, NULL, NULL, 1, 100, 500, '2020-11-06 20:56:27', '2021-03-12 09:35:09', 0);
INSERT INTO `fa_productinfo` VALUES (9, '培根5', 13, NULL, 80.00, 200, '200克', '富硒猪肉', '绿色', '富硒', '无抗生素', 9, '/a01/mmexport1553496673876.jpg', '', '', '', '', '', '', '', 2, '2', 10.00, NULL, NULL, NULL, NULL, 1, 100, 500, '2020-11-06 20:56:31', '2021-03-12 09:35:11', 0);
INSERT INTO `fa_productinfo` VALUES (10, '香肠', 14, NULL, 90.00, 200, '200克', '富硒猪肉', '绿色', '富硒', '无抗生素', 10, '/a01/mmexport1553496673876.jpg', '', '', '', '', '', '', '', 1, '2', 12.00, NULL, NULL, NULL, NULL, 1, 100, 500, '2020-11-06 20:57:07', '2021-04-01 16:55:24', 0);
INSERT INTO `fa_productinfo` VALUES (11, '五花肉', 11, NULL, 90.00, 200, '200克', '富硒猪肉', '绿色', '富硒', '无抗生素', 1, '/a01/mmexport1553496673876.jpg', '', '', '', '', '', '', '', 1, '2', 11.00, NULL, NULL, NULL, NULL, 1, 100, 500, '2020-11-06 20:57:07', '2021-04-02 09:23:12', 1);
INSERT INTO `fa_productinfo` VALUES (13, '五花肉1', 11, NULL, 50.00, 100, '50克', NULL, NULL, NULL, NULL, 11, NULL, NULL, NULL, NULL, NULL, NULL, NULL, NULL, 1, NULL, 25.00, NULL, NULL, NULL, NULL, 1, NULL, 200, '2021-03-12 14:06:51', '2021-03-12 14:07:47', NULL);
INSERT INTO `fa_productinfo` VALUES (14, '猪排', 11, NULL, 80.00, 300, '250克', NULL, NULL, NULL, NULL, 12, NULL, NULL, NULL, NULL, NULL, NULL, NULL, NULL, 1, NULL, 50.00, NULL, NULL, NULL, NULL, 1, NULL, 150, '2021-03-12 14:07:35', '2021-03-12 14:07:46', NULL);
INSERT INTO `fa_productinfo` VALUES (16, 'aaa', 10, NULL, 1.00, 1, '1', '123', NULL, NULL, NULL, 1, NULL, NULL, NULL, NULL, NULL, NULL, NULL, NULL, 0, NULL, 1.00, NULL, NULL, NULL, NULL, NULL, NULL, 1, NULL, NULL, NULL);
INSERT INTO `fa_productinfo` VALUES (132, '里脊', 10, NULL, 100.00, 60, '50', NULL, NULL, NULL, NULL, NULL, NULL, NULL, NULL, NULL, NULL, NULL, NULL, NULL, 0, NULL, 1.00, NULL, NULL, NULL, NULL, NULL, NULL, NULL, '2021-04-06 13:53:07', NULL, NULL);
INSERT INTO `fa_productinfo` VALUES (138, '里脊', 10, NULL, 100.00, 60, '50', NULL, NULL, NULL, NULL, NULL, NULL, NULL, NULL, NULL, NULL, NULL, NULL, NULL, 1, NULL, 99.00, NULL, NULL, NULL, NULL, NULL, NULL, NULL, '2021-04-06 13:53:26', NULL, NULL);
INSERT INTO `fa_productinfo` VALUES (139, '里脊', 10, NULL, 100.00, 60, '50', NULL, NULL, NULL, NULL, NULL, NULL, NULL, NULL, NULL, NULL, NULL, NULL, NULL, 1, NULL, 98.00, NULL, NULL, NULL, NULL, NULL, NULL, NULL, '2021-04-06 13:53:39', NULL, NULL);

-- ----------------------------
-- Table structure for fa_rollpic
-- ----------------------------
DROP TABLE IF EXISTS `fa_rollpic`;
CREATE TABLE `fa_rollpic`  (
  `id` bigint(20) NOT NULL AUTO_INCREMENT,
  `pic_path` varchar(255) CHARACTER SET utf8 COLLATE utf8_general_ci NULL DEFAULT NULL COMMENT '图片路径',
  `sort_number` int(11) NULL DEFAULT NULL COMMENT '序号',
  `status` int(255) NULL DEFAULT NULL COMMENT '是否启用：0未启用，1启用',
  `add_time` datetime(0) NULL DEFAULT NULL,
  `update_time` datetime(0) NULL DEFAULT NULL,
  PRIMARY KEY (`id`) USING BTREE
) ENGINE = InnoDB AUTO_INCREMENT = 11 CHARACTER SET = utf8 COLLATE = utf8_general_ci ROW_FORMAT = Dynamic;

-- ----------------------------
-- Records of fa_rollpic
-- ----------------------------
INSERT INTO `fa_rollpic` VALUES (7, '/upload/rollpic/2021/03/18/baner0.jpg', 1, 1, NULL, '2021-03-25 13:26:37');
INSERT INTO `fa_rollpic` VALUES (9, '/upload/rollpic/2021/03/18/baner1.jpg', 2, 1, '2021-03-31 15:33:01', '2021-03-31 15:33:02');
INSERT INTO `fa_rollpic` VALUES (10, '/upload/rollpic/2021/03/18/baner0.jpg', 3, 1, '2021-03-31 15:33:07', '2021-03-31 15:33:08');

-- ----------------------------
-- Table structure for fa_shop
-- ----------------------------
DROP TABLE IF EXISTS `fa_shop`;
CREATE TABLE `fa_shop`  (
  `id` bigint(20) NOT NULL AUTO_INCREMENT,
  `shop_name` varchar(100) CHARACTER SET utf8 COLLATE utf8_general_ci NULL DEFAULT NULL COMMENT '店铺名称',
  `shop_pic` varchar(255) CHARACTER SET utf8 COLLATE utf8_general_ci NULL DEFAULT NULL COMMENT '店铺图片',
  `sort` int(255) NULL DEFAULT NULL COMMENT '序号',
  `status` int(1) NULL DEFAULT NULL COMMENT '状态：0禁用，1启用',
  `add_time` datetime(0) NULL DEFAULT NULL,
  PRIMARY KEY (`id`) USING BTREE
) ENGINE = InnoDB AUTO_INCREMENT = 6 CHARACTER SET = utf8 COLLATE = utf8_general_ci ROW_FORMAT = Dynamic;

-- ----------------------------
-- Records of fa_shop
-- ----------------------------
INSERT INTO `fa_shop` VALUES (1, '第一个门店', 'http://cz-android-pic01.oss-cn-beijing.aliyuncs.com/a01/mmexport1553496666526.jpg', 1, 1, '2021-03-22 13:46:40');
INSERT INTO `fa_shop` VALUES (2, '第二个门店', 'http://cz-android-pic01.oss-cn-beijing.aliyuncs.com/a01/mmexport1553496666526.jpg', 2, 1, '2021-03-22 13:46:56');
INSERT INTO `fa_shop` VALUES (3, '建设街店', 'http://cz-android-pic01.oss-cn-beijing.aliyuncs.com/a01/mmexport1553496666526.jpg', 3, 1, '2021-03-22 13:47:19');
INSERT INTO `fa_shop` VALUES (5, 'bbb', '/upload/category/2021/03/27/ca2d72937ebbe1165968b2d63eaab33b.jpg', 5, 1, '2021-03-27 15:01:02');

-- ----------------------------
-- Table structure for fa_spec
-- ----------------------------
DROP TABLE IF EXISTS `fa_spec`;
CREATE TABLE `fa_spec`  (
  `id` bigint(20) NOT NULL AUTO_INCREMENT,
  `spec_name` varchar(50) CHARACTER SET utf8 COLLATE utf8_general_ci NULL DEFAULT NULL,
  `status` int(2) NULL DEFAULT NULL COMMENT '是否启用：0未启用，1启用',
  `add_time` datetime(0) NULL DEFAULT NULL,
  `update_time` datetime(0) NULL DEFAULT NULL,
  PRIMARY KEY (`id`) USING BTREE
) ENGINE = InnoDB AUTO_INCREMENT = 27 CHARACTER SET = utf8 COLLATE = utf8_general_ci ROW_FORMAT = DYNAMIC;

-- ----------------------------
-- Records of fa_spec
-- ----------------------------
INSERT INTO `fa_spec` VALUES (1, '绿色', 1, '2021-03-13 15:08:22', '2021-03-27 16:55:06');
INSERT INTO `fa_spec` VALUES (2, '富硒', 1, '2021-03-13 15:08:22', '2021-03-27 16:55:10');
INSERT INTO `fa_spec` VALUES (3, '无抗生素', 1, '2021-03-13 15:08:22', '2021-03-18 16:27:15');

-- ----------------------------
-- Table structure for fa_upgrade
-- ----------------------------
DROP TABLE IF EXISTS `fa_upgrade`;
CREATE TABLE `fa_upgrade`  (
  `upgrade_id` int(11) NOT NULL AUTO_INCREMENT,
  `ver_code` varchar(10) CHARACTER SET utf8 COLLATE utf8_general_ci NULL DEFAULT NULL,
  `ver_name` varchar(10) CHARACTER SET utf8 COLLATE utf8_general_ci NULL DEFAULT NULL,
  `tips` varchar(100) CHARACTER SET utf8 COLLATE utf8_general_ci NULL DEFAULT NULL,
  `is_force` varchar(10) CHARACTER SET utf8 COLLATE utf8_general_ci NULL DEFAULT NULL,
  `download_link` varchar(100) CHARACTER SET utf8 COLLATE utf8_general_ci NULL DEFAULT NULL,
  `create_time` timestamp(0) NULL DEFAULT CURRENT_TIMESTAMP(0),
  PRIMARY KEY (`upgrade_id`) USING BTREE
) ENGINE = InnoDB AUTO_INCREMENT = 2 CHARACTER SET = utf8 COLLATE = utf8_general_ci ROW_FORMAT = DYNAMIC;

-- ----------------------------
-- Records of fa_upgrade
-- ----------------------------
INSERT INTO `fa_upgrade` VALUES (1, '1.0.0', 'v1.0.0', '1.优化用户体验/2.添加新功能', '2', 'https://117.51.157.241/upgrad/1.0.0/fengzhu_download.zip', '2021-01-24 12:12:08');

-- ----------------------------
-- Table structure for fa_user
-- ----------------------------
DROP TABLE IF EXISTS `fa_user`;
CREATE TABLE `fa_user`  (
  `id` bigint(20) NOT NULL AUTO_INCREMENT COMMENT 'id',
  `pid` bigint(20) NULL DEFAULT NULL COMMENT '上级id',
  `user_account` varchar(100) CHARACTER SET utf8 COLLATE utf8_general_ci NULL DEFAULT NULL COMMENT '账号',
  `user_nick` varchar(100) CHARACTER SET utf8 COLLATE utf8_general_ci NULL DEFAULT NULL COMMENT '昵称',
  `true_name` varchar(100) CHARACTER SET utf8 COLLATE utf8_general_ci NULL DEFAULT NULL COMMENT '真实姓名',
  `mobile_number` varchar(20) CHARACTER SET utf8 COLLATE utf8_general_ci NULL DEFAULT NULL COMMENT '电话',
  `password` varchar(255) CHARACTER SET utf8 COLLATE utf8_general_ci NULL DEFAULT NULL COMMENT '密码',
  `password_salt` varchar(255) CHARACTER SET utf8 COLLATE utf8_general_ci NULL DEFAULT NULL COMMENT '密钥',
  `pay_password` varchar(255) CHARACTER SET utf8 COLLATE utf8_general_ci NULL DEFAULT NULL COMMENT '支付密码',
  `sex` varchar(20) CHARACTER SET utf8 COLLATE utf8_general_ci NULL DEFAULT NULL COMMENT '性别',
  `pincode` varchar(100) CHARACTER SET utf8 COLLATE utf8_general_ci NULL DEFAULT NULL COMMENT '身份证号',
  `user_state` int(2) NULL DEFAULT NULL COMMENT '用户状态：0禁用，1启用',
  `is_employee` int(2) NULL DEFAULT NULL COMMENT '是否员工：0不是，1是',
  `shop_id` bigint(20) NULL DEFAULT NULL COMMENT '店铺id',
  `shop_name` varchar(255) CHARACTER SET utf8 COLLATE utf8_general_ci NULL DEFAULT NULL COMMENT '店铺名称',
  `head_pic` varchar(255) CHARACTER SET utf8 COLLATE utf8_general_ci NULL DEFAULT NULL COMMENT '头像',
  `open_id` varchar(255) CHARACTER SET utf8 COLLATE utf8_general_ci NULL DEFAULT NULL COMMENT '微信openid',
  `grade1` int(2) NULL DEFAULT NULL COMMENT '是否专员：0未办储值卡，1办理储值卡',
  `grade2` int(2) NULL DEFAULT NULL COMMENT '职位：2主任，3经理，4总监，5总裁',
  `give_score` decimal(12, 4) NULL DEFAULT NULL COMMENT '回馈积分',
  `service_score` decimal(12, 4) NULL DEFAULT NULL COMMENT '服务积分',
  `consume_score` decimal(12, 4) NULL DEFAULT NULL COMMENT '购物积分',
  `cashout_score` varchar(255) CHARACTER SET utf8 COLLATE utf8_general_ci NULL DEFAULT NULL COMMENT '可提现积分',
  `come_from` varchar(100) CHARACTER SET utf8 COLLATE utf8_general_ci NULL DEFAULT NULL COMMENT '来源',
  `qr_code` varchar(255) CHARACTER SET utf8 COLLATE utf8_general_ci NULL DEFAULT NULL COMMENT '注册二维码',
  `self_score` decimal(12, 4) NULL DEFAULT NULL COMMENT '自身购买储值卡总额',
  `total_score` decimal(12, 4) NULL DEFAULT NULL COMMENT '社区购买储值卡总额',
  `code` varchar(255) CHARACTER SET utf8 COLLATE utf8_general_ci NULL DEFAULT NULL COMMENT '网页防刷code',
  `add_time` datetime(0) NULL DEFAULT NULL,
  `update_time` datetime(0) NULL DEFAULT NULL,
  PRIMARY KEY (`id`) USING BTREE
) ENGINE = InnoDB AUTO_INCREMENT = 171 CHARACTER SET = utf8 COLLATE = utf8_general_ci COMMENT = '电商用户表' ROW_FORMAT = DYNAMIC;

-- ----------------------------
-- Records of fa_user
-- ----------------------------
INSERT INTO `fa_user` VALUES (99, NULL, 'liyong', 'aaa12', '黎勇', '13501058622', '', NULL, '', '女', '220102198304062626', 1, 1, 1, '第一个门店', '/upload/user/2021/03/19/70a91557063162bb4476d20fa717f759.jpg', NULL, NULL, NULL, NULL, NULL, NULL, NULL, NULL, NULL, 1000.0000, 5000.0000, '', '2021-03-19 14:34:11', '2021-03-26 15:47:03');
INSERT INTO `fa_user` VALUES (100, 99, 'lixin', 'bbb', '立新', '13501058622', '13501058622', NULL, NULL, '男', '220102198304062626', 1, 1, 3, '建设街店', NULL, NULL, NULL, NULL, NULL, NULL, NULL, NULL, NULL, NULL, 1000.0000, 5000.0000, '', '2021-03-19 14:34:11', '2021-03-27 09:45:11');
INSERT INTO `fa_user` VALUES (101, 100, 'zhangyong', 'ccc', '张勇', '13501058622', '13501058622', NULL, NULL, '女', '220102198304062626', 1, 1, 1, '第一个门店', NULL, NULL, NULL, NULL, NULL, NULL, NULL, NULL, NULL, NULL, 1000.0000, 2000.0000, '', '2021-03-19 14:34:11', '2021-03-27 09:45:17');
INSERT INTO `fa_user` VALUES (102, 101, 'wangli', 'ddd', '王力', '13501058622', '13501058622', NULL, NULL, '男', '220102198304062626', 1, NULL, NULL, NULL, NULL, NULL, NULL, NULL, NULL, NULL, NULL, NULL, NULL, NULL, 1000.0000, 1000.0000, '', '2021-03-19 14:34:11', '2021-03-19 14:34:11');
INSERT INTO `fa_user` VALUES (103, NULL, 'zhangshi', 'ccc', '张时', '13501058622', '13501058622', NULL, NULL, '女', '220102198304062626', 1, 0, NULL, NULL, NULL, NULL, NULL, NULL, NULL, NULL, NULL, NULL, NULL, NULL, 1000.0000, 1000.0000, '', '2021-03-19 14:34:11', '2021-03-19 14:34:11');
INSERT INTO `fa_user` VALUES (104, NULL, 'liulixin', 'ddd', '刘立新', '13501058622', '13501058622', NULL, NULL, '男', '220102198304062626', 1, 0, NULL, NULL, NULL, NULL, NULL, NULL, NULL, NULL, NULL, NULL, NULL, NULL, 0.0000, 0.0000, '', '2021-03-19 14:34:11', '2021-03-19 14:34:11');
INSERT INTO `fa_user` VALUES (129, NULL, 'xudongyang', 'eee', '许东洋', '15011389711', 'asdf1234', NULL, NULL, '1', '220102198304062626', 1, NULL, NULL, NULL, NULL, NULL, NULL, NULL, NULL, NULL, NULL, NULL, NULL, NULL, 0.0000, 0.0000, '', '2021-03-19 14:34:11', '2021-03-19 14:34:11');
INSERT INTO `fa_user` VALUES (136, NULL, 'aaa', 'aaa', 'aaa', 'aaa', '5eb3d2a1baf0ff4994b6bc86c6d1b6f9', 'd2b17a980c8642fbd757b721cfeff822', '5eb3d2a1baf0ff4994b6bc86c6d1b6f9', NULL, 'aaa', 1, 1, 3, '建设街店', '/upload/user/2021/03/20/3094e01dd1b1022f531c2989404bfe4d.jpg', NULL, NULL, NULL, NULL, NULL, NULL, NULL, NULL, NULL, NULL, NULL, '', '2021-03-20 09:55:05', '2021-03-26 15:40:32');
INSERT INTO `fa_user` VALUES (138, NULL, 'bbb', 'bbb', 'bbb', 'bbb', '2310c36116c7ff2ac605cca12bd00002', 'd746e87328b79df4a482403b4a1709d1', '2310c36116c7ff2ac605cca12bd00002', NULL, 'bbb', 1, 1, 1, '第一个门店', NULL, NULL, NULL, NULL, NULL, NULL, NULL, NULL, NULL, NULL, NULL, NULL, '', '2021-03-20 10:21:40', '2021-03-26 15:40:27');
INSERT INTO `fa_user` VALUES (139, NULL, 'ccc', 'ccc', 'ccc', 'ccc', '1eb1b608c6c3697cf2b597427bad4e7c', 'aa18704d48f0db284ddc4691fdf8214c', '1eb1b608c6c3697cf2b597427bad4e7c', NULL, 'ccc', 1, 1, 1, '第一个门店', NULL, NULL, NULL, NULL, NULL, NULL, NULL, NULL, NULL, NULL, NULL, NULL, '', '2021-03-20 10:22:36', '2021-03-27 10:47:18');
INSERT INTO `fa_user` VALUES (140, NULL, 'ddd', 'ddd', 'ddd', 'ddd', '6870278334b17e76c732bd207b9dcdc3', 'b6539cf58db1b5b4fc5a6de9ff11fc64', '6870278334b17e76c732bd207b9dcdc3', NULL, 'ddd', 1, NULL, NULL, NULL, '/upload/user/2021/03/29/2d9d95b93b8ca9c22884d0ad7793a72a.jpg', NULL, NULL, NULL, NULL, NULL, NULL, NULL, NULL, NULL, NULL, NULL, NULL, '2021-03-29 10:35:39', '2021-03-29 10:35:39');
INSERT INTO `fa_user` VALUES (158, NULL, '13341498895', NULL, NULL, '13341498895', 'fd55f96c076e26f454ebbb581527a056', 'c4f7e88afb6e50e48010d2136f1ca959', NULL, NULL, NULL, NULL, NULL, NULL, NULL, NULL, NULL, NULL, NULL, NULL, NULL, NULL, NULL, NULL, NULL, NULL, NULL, NULL, '2021-04-02 11:35:09', NULL);
INSERT INTO `fa_user` VALUES (162, NULL, '17643179960', NULL, NULL, '17643179960', NULL, NULL, NULL, NULL, NULL, NULL, NULL, NULL, NULL, NULL, NULL, NULL, NULL, NULL, NULL, NULL, NULL, NULL, NULL, NULL, NULL, NULL, NULL, NULL);
INSERT INTO `fa_user` VALUES (167, NULL, '13366669999', NULL, NULL, '13366669999', 'f768ef6415a5e9b3e442c951b2de7ce6', 'd5f82796e483ee16689d1d75dc2fe733', NULL, NULL, NULL, NULL, NULL, NULL, NULL, NULL, NULL, NULL, NULL, NULL, NULL, NULL, NULL, NULL, NULL, NULL, NULL, NULL, '2021-04-02 16:35:54', NULL);
INSERT INTO `fa_user` VALUES (170, NULL, '15590677998', NULL, NULL, '15590677998', '1cf92c9640c7cccc7efa82ce355c9a10', 'ca5e876178fd4529da2884682b73e2f1', NULL, NULL, NULL, NULL, NULL, NULL, NULL, NULL, NULL, NULL, NULL, NULL, NULL, NULL, NULL, NULL, NULL, NULL, NULL, NULL, '2021-04-02 16:48:19', NULL);

-- ----------------------------
-- Table structure for fa_user_address
-- ----------------------------
DROP TABLE IF EXISTS `fa_user_address`;
CREATE TABLE `fa_user_address`  (
  `id` bigint(20) NOT NULL AUTO_INCREMENT,
  `user_id` bigint(20) NULL DEFAULT NULL COMMENT '来源用户表用户ID',
  `receive_name` varchar(100) CHARACTER SET utf8 COLLATE utf8_general_ci NULL DEFAULT NULL COMMENT '收货人名字',
  `receiver_sex` varchar(100) CHARACTER SET utf8 COLLATE utf8_general_ci NULL DEFAULT NULL COMMENT '性别',
  `receiver_mobile` varchar(100) CHARACTER SET utf8 COLLATE utf8_general_ci NULL DEFAULT NULL COMMENT '收货人手机',
  `receiver_address` varchar(100) CHARACTER SET utf8 COLLATE utf8_general_ci NULL DEFAULT NULL COMMENT '收货地址',
  `receiver_number` varchar(100) CHARACTER SET utf8 COLLATE utf8_general_ci NULL DEFAULT NULL COMMENT '门牌号',
  `lable` varchar(100) CHARACTER SET utf8 COLLATE utf8_general_ci NULL DEFAULT NULL COMMENT '家、公司、其他',
  `is_default` varchar(100) CHARACTER SET utf8 COLLATE utf8_general_ci NULL DEFAULT '1' COMMENT '1和0，1是默认收货地址',
  `status` varchar(5) CHARACTER SET utf8 COLLATE utf8_general_ci NULL DEFAULT NULL COMMENT '状态',
  PRIMARY KEY (`id`) USING BTREE,
  INDEX `fa_user_address_FK`(`user_id`) USING BTREE
) ENGINE = InnoDB AUTO_INCREMENT = 139 CHARACTER SET = utf8 COLLATE = utf8_general_ci ROW_FORMAT = DYNAMIC;

-- ----------------------------
-- Records of fa_user_address
-- ----------------------------
INSERT INTO `fa_user_address` VALUES (113, 115, '收货人', '收货性别', '电话', '8', '8', '8', '0', '-1');
INSERT INTO `fa_user_address` VALUES (114, 115, '未艳涛', '男', '15600384846', '看空间考虑考虑', '哇咔咔咔', '家', '2', '-1');
INSERT INTO `fa_user_address` VALUES (115, 115, '为了', '男', '15800088855', 'OK剧透了', '啦啦啦啦', '家', '2', '-1');
INSERT INTO `fa_user_address` VALUES (116, 115, '未来', '男', '15600000000', '啊look噜啦啦噜啦啦', '可口可乐了', '家', '2', '-1');
INSERT INTO `fa_user_address` VALUES (117, 115, '为了', '男', '18655555555', '北京市', '6号', '公司', '2', '-1');
INSERT INTO `fa_user_address` VALUES (118, 115, '统计局', '女', '15588855588', '北京', '6号', '父母家', '2', '-1');
INSERT INTO `fa_user_address` VALUES (119, 115, '统计局', '女', '15588855588', '北京', '6号', '父母家', '2', '-1');
INSERT INTO `fa_user_address` VALUES (120, 115, '统计局', '女', '15588855588', '北京', '6号', '父母家', '2', '-1');
INSERT INTO `fa_user_address` VALUES (121, 115, '统计局', '女', '15588855588', '北京', '6号', '父母家', '2', '-1');
INSERT INTO `fa_user_address` VALUES (122, 115, '统计局', '女', '15588855588', '北京', '6号', '父母家', '2', '-1');
INSERT INTO `fa_user_address` VALUES (123, 115, '统计局', '女', '15588855588', '北京', '6号', '公司', '2', '211');
INSERT INTO `fa_user_address` VALUES (124, 115, '统计局', '女', '15588855588', '北京', '6号', '公司', '2', '211');
INSERT INTO `fa_user_address` VALUES (125, 115, '统计局', '女', '15588855588', '北京', '6号', '公司', '2', '211');
INSERT INTO `fa_user_address` VALUES (126, 115, '统计局', '女', '15588855588', '北京', '6号', '公司', '2', '211');
INSERT INTO `fa_user_address` VALUES (127, 115, '统计局', '女', '15588855588', '北京', '6号', '公司', '2', '211');
INSERT INTO `fa_user_address` VALUES (128, 115, '统计局', '男', '15588855588', '北京', '6号', '公司', '2', '211');
INSERT INTO `fa_user_address` VALUES (129, 115, '统计局', '女', '15588855588', '北京', '6号', '家', '2', '211');
INSERT INTO `fa_user_address` VALUES (130, 115, '统计局', '女', '15588855588', '北京', '6号', '家', '1', '211');
INSERT INTO `fa_user_address` VALUES (131, 115, '未来', '男', '15600000000', '北京', '64号', '家', '1', '211');
INSERT INTO `fa_user_address` VALUES (132, 115, '微辣', '女', '18600000000', '天津', '25号', '公司', '1', '-1');
INSERT INTO `fa_user_address` VALUES (133, 115, '微辣看', '男', '18600000001', '天津', '25号看', '父母家', '1', '211');
INSERT INTO `fa_user_address` VALUES (134, 115, '微辣看', '女', '18600000001', '天津看', '25号看', '父母家', '0', '211');
INSERT INTO `fa_user_address` VALUES (135, 115, '未来知来者之可追加油加', '女', '15680008888', '北极光LOL', '哦咯了', '父母家', '1', '211');
INSERT INTO `fa_user_address` VALUES (136, 115, '未来', '男', '15600000000', '北京市', '6组', '家', '1', '0');
INSERT INTO `fa_user_address` VALUES (137, 119, '1', '男', '13261887767', '1', '1', '家', '1', '0');
INSERT INTO `fa_user_address` VALUES (138, 117, '梁山', '男', '13501058622', '北京市', '6号', '家', '1', '0');

-- ----------------------------
-- Table structure for fa_user_code
-- ----------------------------
DROP TABLE IF EXISTS `fa_user_code`;
CREATE TABLE `fa_user_code`  (
  `mobile_number` varchar(11) CHARACTER SET utf8 COLLATE utf8_general_ci NULL DEFAULT NULL COMMENT '手机号',
  `code` varchar(11) CHARACTER SET utf8 COLLATE utf8_general_ci NULL DEFAULT NULL COMMENT '验证码',
  `update_time` datetime(0) NULL DEFAULT NULL COMMENT '更新时间'
) ENGINE = InnoDB CHARACTER SET = utf8 COLLATE = utf8_general_ci ROW_FORMAT = DYNAMIC;

-- ----------------------------
-- Records of fa_user_code
-- ----------------------------
INSERT INTO `fa_user_code` VALUES ('13341498895', '581118', '2021-04-02 12:05:53');
INSERT INTO `fa_user_code` VALUES ('1334149917', '155231', '2021-04-02 12:52:35');
INSERT INTO `fa_user_code` VALUES ('13341499179', '527828', '2021-04-02 16:10:25');
INSERT INTO `fa_user_code` VALUES ('13366669999', '563847', '2021-04-02 16:44:58');
INSERT INTO `fa_user_code` VALUES ('17643179960', '656268', '2021-04-02 16:18:48');
INSERT INTO `fa_user_code` VALUES ('15590677998', '608863', '2021-04-02 16:54:19');

-- ----------------------------
-- Table structure for fa_user_groupscore
-- ----------------------------
DROP TABLE IF EXISTS `fa_user_groupscore`;
CREATE TABLE `fa_user_groupscore`  (
  `id` bigint(11) NOT NULL AUTO_INCREMENT,
  `user_id` bigint(11) NULL DEFAULT NULL COMMENT '下单用户id',
  `user_nick` varchar(50) CHARACTER SET utf8 COLLATE utf8_general_ci NULL DEFAULT NULL COMMENT '用户名称',
  `top_user_id` bigint(11) NULL DEFAULT NULL COMMENT '上级用户id',
  `top_user_nick` varchar(50) CHARACTER SET utf8 COLLATE utf8_general_ci NULL DEFAULT NULL COMMENT '上级用户名称',
  `bill_score` decimal(10, 4) NULL DEFAULT NULL COMMENT '下单积分',
  `top_old_score` decimal(10, 4) NULL DEFAULT NULL COMMENT '上级原来积分',
  `top_new_score` decimal(10, 4) NULL DEFAULT NULL COMMENT '上级现在积分',
  `add_time` datetime(0) NULL DEFAULT NULL COMMENT '活动积分时间',
  PRIMARY KEY (`id`) USING BTREE
) ENGINE = InnoDB AUTO_INCREMENT = 99 CHARACTER SET = utf8 COLLATE = utf8_general_ci ROW_FORMAT = DYNAMIC;

-- ----------------------------
-- Records of fa_user_groupscore
-- ----------------------------
INSERT INTO `fa_user_groupscore` VALUES (11, 1001, NULL, 1002, NULL, 1000.0000, 0.0000, 1000.0000, '2020-12-14 21:02:33');
INSERT INTO `fa_user_groupscore` VALUES (12, 1001, NULL, 1003, NULL, 1000.0000, 0.0000, 1000.0000, '2020-12-14 21:02:33');
INSERT INTO `fa_user_groupscore` VALUES (13, 1001, NULL, 1011, NULL, 1000.0000, 0.0000, 1000.0000, '2020-12-14 21:02:33');
INSERT INTO `fa_user_groupscore` VALUES (14, 1008, NULL, 1012, NULL, 1000.0000, 0.0000, 1000.0000, '2020-12-14 21:02:33');
INSERT INTO `fa_user_groupscore` VALUES (15, 1008, NULL, 1013, NULL, 1000.0000, 0.0000, 1000.0000, '2020-12-14 21:02:33');
INSERT INTO `fa_user_groupscore` VALUES (16, 1008, NULL, 1014, NULL, 1000.0000, 0.0000, 1000.0000, '2020-12-14 21:02:33');
INSERT INTO `fa_user_groupscore` VALUES (17, 1008, NULL, 1015, NULL, 1000.0000, 0.0000, 1000.0000, '2020-12-14 21:02:33');
INSERT INTO `fa_user_groupscore` VALUES (18, 1008, NULL, 1016, NULL, 1000.0000, 0.0000, 1000.0000, '2020-12-14 21:02:33');
INSERT INTO `fa_user_groupscore` VALUES (19, 1008, NULL, 1017, NULL, 1000.0000, 0.0000, 1000.0000, '2020-12-14 21:02:33');
INSERT INTO `fa_user_groupscore` VALUES (20, 1008, NULL, 1018, NULL, 1000.0000, 0.0000, 1000.0000, '2020-12-14 21:02:33');
INSERT INTO `fa_user_groupscore` VALUES (21, 1008, NULL, 1019, NULL, 1000.0000, 0.0000, 1000.0000, '2020-12-14 21:02:33');
INSERT INTO `fa_user_groupscore` VALUES (22, 1008, NULL, 1009, NULL, 1000.0000, 0.0000, 1000.0000, '2020-12-14 21:03:51');
INSERT INTO `fa_user_groupscore` VALUES (23, 1008, NULL, 1010, NULL, 1000.0000, 0.0000, 1000.0000, '2020-12-14 21:03:51');
INSERT INTO `fa_user_groupscore` VALUES (24, 1008, NULL, 1011, NULL, 1000.0000, 0.0000, 1000.0000, '2020-12-14 21:03:51');
INSERT INTO `fa_user_groupscore` VALUES (25, 1008, NULL, 1012, NULL, 1000.0000, 0.0000, 1000.0000, '2020-12-14 21:03:51');
INSERT INTO `fa_user_groupscore` VALUES (26, 1008, NULL, 1013, NULL, 1000.0000, 0.0000, 1000.0000, '2020-12-14 21:03:51');
INSERT INTO `fa_user_groupscore` VALUES (27, 1008, NULL, 1014, NULL, 1000.0000, 0.0000, 1000.0000, '2020-12-14 21:03:51');
INSERT INTO `fa_user_groupscore` VALUES (28, 1008, NULL, 1015, NULL, 1000.0000, 0.0000, 1000.0000, '2020-12-14 21:03:51');
INSERT INTO `fa_user_groupscore` VALUES (29, 1008, NULL, 1016, NULL, 1000.0000, 0.0000, 1000.0000, '2020-12-14 21:03:51');
INSERT INTO `fa_user_groupscore` VALUES (30, 1008, NULL, 1017, NULL, 1000.0000, 0.0000, 1000.0000, '2020-12-14 21:03:51');
INSERT INTO `fa_user_groupscore` VALUES (31, 1008, NULL, 1018, NULL, 1000.0000, 0.0000, 1000.0000, '2020-12-14 21:03:51');
INSERT INTO `fa_user_groupscore` VALUES (32, 1008, NULL, 1019, NULL, 1000.0000, 0.0000, 1000.0000, '2020-12-14 21:03:51');
INSERT INTO `fa_user_groupscore` VALUES (33, 1008, NULL, 1009, NULL, 1000.0000, 0.0000, 1000.0000, '2020-12-14 21:10:23');
INSERT INTO `fa_user_groupscore` VALUES (34, 1008, NULL, 1010, NULL, 1000.0000, 0.0000, 1000.0000, '2020-12-14 21:10:23');
INSERT INTO `fa_user_groupscore` VALUES (35, 1008, NULL, 1011, NULL, 1000.0000, 0.0000, 1000.0000, '2020-12-14 21:10:23');
INSERT INTO `fa_user_groupscore` VALUES (36, 1008, NULL, 1012, NULL, 1000.0000, 0.0000, 1000.0000, '2020-12-14 21:10:23');
INSERT INTO `fa_user_groupscore` VALUES (37, 1008, NULL, 1013, NULL, 1000.0000, 0.0000, 1000.0000, '2020-12-14 21:10:23');
INSERT INTO `fa_user_groupscore` VALUES (38, 1008, NULL, 1014, NULL, 1000.0000, 0.0000, 1000.0000, '2020-12-14 21:10:23');
INSERT INTO `fa_user_groupscore` VALUES (39, 1008, NULL, 1015, NULL, 1000.0000, 0.0000, 1000.0000, '2020-12-14 21:10:23');
INSERT INTO `fa_user_groupscore` VALUES (40, 1008, NULL, 1016, NULL, 1000.0000, 0.0000, 1000.0000, '2020-12-14 21:10:24');
INSERT INTO `fa_user_groupscore` VALUES (41, 1008, NULL, 1017, NULL, 1000.0000, 0.0000, 1000.0000, '2020-12-14 21:10:24');
INSERT INTO `fa_user_groupscore` VALUES (42, 1008, NULL, 1018, NULL, 1000.0000, 0.0000, 1000.0000, '2020-12-14 21:10:24');
INSERT INTO `fa_user_groupscore` VALUES (43, 1008, NULL, 1019, NULL, 1000.0000, 0.0000, 1000.0000, '2020-12-14 21:10:24');
INSERT INTO `fa_user_groupscore` VALUES (44, 1000, NULL, 1001, NULL, 2000.0000, 0.0000, 2000.0000, '2021-01-09 12:50:44');
INSERT INTO `fa_user_groupscore` VALUES (45, 1000, NULL, 1002, NULL, 2000.0000, 0.0000, 2000.0000, '2021-01-09 12:50:44');
INSERT INTO `fa_user_groupscore` VALUES (46, 1000, NULL, 1003, NULL, 2000.0000, 0.0000, 2000.0000, '2021-01-09 12:50:44');
INSERT INTO `fa_user_groupscore` VALUES (47, 1000, NULL, 1007, NULL, 2000.0000, 0.0000, 2000.0000, '2021-01-09 12:50:44');
INSERT INTO `fa_user_groupscore` VALUES (48, 1000, NULL, 1001, NULL, 3000.0000, 2000.0000, 5000.0000, '2021-01-09 12:55:32');
INSERT INTO `fa_user_groupscore` VALUES (49, 1000, NULL, 1002, NULL, 3000.0000, 2000.0000, 5000.0000, '2021-01-09 12:55:32');
INSERT INTO `fa_user_groupscore` VALUES (50, 1000, NULL, 1003, NULL, 3000.0000, 2000.0000, 5000.0000, '2021-01-09 12:55:32');
INSERT INTO `fa_user_groupscore` VALUES (51, 1000, NULL, 1007, NULL, 3000.0000, 2000.0000, 5000.0000, '2021-01-09 12:55:32');
INSERT INTO `fa_user_groupscore` VALUES (52, 1000, NULL, 1001, NULL, 5000.0000, 5000.0000, 10000.0000, '2021-01-09 12:57:10');
INSERT INTO `fa_user_groupscore` VALUES (53, 1000, NULL, 1002, NULL, 5000.0000, 5000.0000, 10000.0000, '2021-01-09 12:57:10');
INSERT INTO `fa_user_groupscore` VALUES (54, 1000, NULL, 1003, NULL, 5000.0000, 5000.0000, 10000.0000, '2021-01-09 12:57:10');
INSERT INTO `fa_user_groupscore` VALUES (55, 1000, NULL, 1007, NULL, 5000.0000, 5000.0000, 10000.0000, '2021-01-09 12:57:10');
INSERT INTO `fa_user_groupscore` VALUES (56, 1000, NULL, 1001, NULL, 2000.0000, 10000.0000, 12000.0000, '2021-01-09 12:59:22');
INSERT INTO `fa_user_groupscore` VALUES (57, 1000, NULL, 1002, NULL, 2000.0000, 10000.0000, 12000.0000, '2021-01-09 12:59:22');
INSERT INTO `fa_user_groupscore` VALUES (58, 1000, NULL, 1003, NULL, 2000.0000, 10000.0000, 12000.0000, '2021-01-09 12:59:22');
INSERT INTO `fa_user_groupscore` VALUES (59, 1000, NULL, 1007, NULL, 2000.0000, 10000.0000, 12000.0000, '2021-01-09 12:59:22');
INSERT INTO `fa_user_groupscore` VALUES (60, 1000, NULL, 1001, NULL, 2000.0000, 12000.0000, 14000.0000, '2021-01-09 13:01:21');
INSERT INTO `fa_user_groupscore` VALUES (61, 1000, NULL, 1002, NULL, 2000.0000, 12000.0000, 14000.0000, '2021-01-09 13:01:21');
INSERT INTO `fa_user_groupscore` VALUES (62, 1000, NULL, 1003, NULL, 2000.0000, 12000.0000, 14000.0000, '2021-01-09 13:01:21');
INSERT INTO `fa_user_groupscore` VALUES (63, 1000, NULL, 1007, NULL, 2000.0000, 12000.0000, 14000.0000, '2021-01-09 13:01:21');
INSERT INTO `fa_user_groupscore` VALUES (64, 1000, NULL, 1001, NULL, 1000.0000, 14000.0000, 15000.0000, '2021-01-09 13:02:40');
INSERT INTO `fa_user_groupscore` VALUES (65, 1000, NULL, 1002, NULL, 1000.0000, 14000.0000, 15000.0000, '2021-01-09 13:02:40');
INSERT INTO `fa_user_groupscore` VALUES (66, 1000, NULL, 1003, NULL, 1000.0000, 14000.0000, 15000.0000, '2021-01-09 13:02:40');
INSERT INTO `fa_user_groupscore` VALUES (67, 1000, NULL, 1007, NULL, 1000.0000, 14000.0000, 15000.0000, '2021-01-09 13:02:40');
INSERT INTO `fa_user_groupscore` VALUES (68, 1000, NULL, 1001, NULL, 2000.0000, 15000.0000, 17000.0000, '2021-01-09 13:34:35');
INSERT INTO `fa_user_groupscore` VALUES (69, 1000, NULL, 1002, NULL, 2000.0000, 15000.0000, 17000.0000, '2021-01-09 13:34:35');
INSERT INTO `fa_user_groupscore` VALUES (70, 1000, NULL, 1003, NULL, 2000.0000, 15000.0000, 17000.0000, '2021-01-09 13:34:35');
INSERT INTO `fa_user_groupscore` VALUES (71, 1000, NULL, 1007, NULL, 2000.0000, 15000.0000, 17000.0000, '2021-01-09 13:34:35');
INSERT INTO `fa_user_groupscore` VALUES (72, 1000, NULL, 1001, NULL, 4000.0000, 17000.0000, 21000.0000, '2021-01-09 13:35:45');
INSERT INTO `fa_user_groupscore` VALUES (73, 1000, NULL, 1002, NULL, 4000.0000, 17000.0000, 21000.0000, '2021-01-09 13:35:45');
INSERT INTO `fa_user_groupscore` VALUES (74, 1000, NULL, 1003, NULL, 4000.0000, 17000.0000, 21000.0000, '2021-01-09 13:35:45');
INSERT INTO `fa_user_groupscore` VALUES (75, 1000, NULL, 1007, NULL, 4000.0000, 17000.0000, 21000.0000, '2021-01-09 13:35:45');
INSERT INTO `fa_user_groupscore` VALUES (76, 1000, NULL, 1001, NULL, 1000.0000, 21000.0000, 22000.0000, '2021-01-09 13:39:04');
INSERT INTO `fa_user_groupscore` VALUES (77, 1000, NULL, 1002, NULL, 1000.0000, 21000.0000, 22000.0000, '2021-01-09 13:39:04');
INSERT INTO `fa_user_groupscore` VALUES (78, 1000, NULL, 1003, NULL, 1000.0000, 21000.0000, 22000.0000, '2021-01-09 13:39:04');
INSERT INTO `fa_user_groupscore` VALUES (79, 1000, NULL, 1007, NULL, 1000.0000, 21000.0000, 22000.0000, '2021-01-09 13:39:04');
INSERT INTO `fa_user_groupscore` VALUES (80, 1007, NULL, 1001, NULL, 4000.0000, 22000.0000, 26000.0000, '2021-01-09 17:20:14');
INSERT INTO `fa_user_groupscore` VALUES (81, 1007, NULL, 1002, NULL, 4000.0000, 22000.0000, 26000.0000, '2021-01-09 17:20:14');
INSERT INTO `fa_user_groupscore` VALUES (82, 1007, NULL, 1003, NULL, 4000.0000, 22000.0000, 26000.0000, '2021-01-09 17:20:14');
INSERT INTO `fa_user_groupscore` VALUES (83, 1000, NULL, 1001, NULL, 1000.0000, 26000.0000, 27000.0000, '2021-01-26 14:55:29');
INSERT INTO `fa_user_groupscore` VALUES (84, 1000, NULL, 1002, NULL, 1000.0000, 26000.0000, 27000.0000, '2021-01-26 14:55:29');
INSERT INTO `fa_user_groupscore` VALUES (85, 1000, NULL, 1003, NULL, 1000.0000, 26000.0000, 27000.0000, '2021-01-26 14:55:29');
INSERT INTO `fa_user_groupscore` VALUES (86, 1000, NULL, 1007, NULL, 1000.0000, 26000.0000, 27000.0000, '2021-01-26 14:55:29');
INSERT INTO `fa_user_groupscore` VALUES (87, 1000, NULL, 1001, NULL, 1000.0000, 27000.0000, 28000.0000, '2021-01-26 14:58:10');
INSERT INTO `fa_user_groupscore` VALUES (88, 1000, NULL, 1002, NULL, 1000.0000, 27000.0000, 28000.0000, '2021-01-26 14:58:10');
INSERT INTO `fa_user_groupscore` VALUES (89, 1000, NULL, 1003, NULL, 1000.0000, 27000.0000, 28000.0000, '2021-01-26 14:58:10');
INSERT INTO `fa_user_groupscore` VALUES (90, 1000, NULL, 1007, NULL, 1000.0000, 27000.0000, 28000.0000, '2021-01-26 14:58:10');
INSERT INTO `fa_user_groupscore` VALUES (91, 1000, NULL, 1001, NULL, 2000.0000, 28000.0000, 30000.0000, '2021-01-26 14:58:35');
INSERT INTO `fa_user_groupscore` VALUES (92, 1000, NULL, 1002, NULL, 2000.0000, 28000.0000, 30000.0000, '2021-01-26 14:58:35');
INSERT INTO `fa_user_groupscore` VALUES (93, 1000, NULL, 1003, NULL, 2000.0000, 28000.0000, 30000.0000, '2021-01-26 14:58:35');
INSERT INTO `fa_user_groupscore` VALUES (94, 1000, NULL, 1007, NULL, 2000.0000, 28000.0000, 30000.0000, '2021-01-26 14:58:35');
INSERT INTO `fa_user_groupscore` VALUES (95, 1000, NULL, 1001, NULL, 1000.0000, 30000.0000, 31000.0000, '2021-01-28 16:47:48');
INSERT INTO `fa_user_groupscore` VALUES (96, 1000, NULL, 1002, NULL, 1000.0000, 30000.0000, 31000.0000, '2021-01-28 16:47:48');
INSERT INTO `fa_user_groupscore` VALUES (97, 1000, NULL, 1003, NULL, 1000.0000, 30000.0000, 31000.0000, '2021-01-28 16:47:48');
INSERT INTO `fa_user_groupscore` VALUES (98, 1000, NULL, 1007, NULL, 1000.0000, 30000.0000, 31000.0000, '2021-01-28 16:47:48');

-- ----------------------------
-- Table structure for fa_user_upgrade
-- ----------------------------
DROP TABLE IF EXISTS `fa_user_upgrade`;
CREATE TABLE `fa_user_upgrade`  (
  `id` bigint(11) NOT NULL AUTO_INCREMENT,
  `user_id` bigint(11) NULL DEFAULT NULL COMMENT '用户Id',
  `user_nick` varchar(50) CHARACTER SET utf8 COLLATE utf8_general_ci NULL DEFAULT NULL COMMENT '用户昵称',
  `new_grade` varchar(2) CHARACTER SET utf8 COLLATE utf8_general_ci NULL DEFAULT NULL COMMENT '升级等级',
  `old_grade` varchar(2) CHARACTER SET utf8 COLLATE utf8_general_ci NULL DEFAULT NULL COMMENT '之前等级',
  `type` int(2) NULL DEFAULT NULL COMMENT '1 前台 2后台',
  `info` longtext CHARACTER SET utf8 COLLATE utf8_general_ci NULL COMMENT '说明',
  `people` varchar(50) CHARACTER SET utf8 COLLATE utf8_general_ci NULL DEFAULT NULL COMMENT '后台操作人员',
  `add_time` datetime(0) NULL DEFAULT NULL COMMENT '添加时间',
  PRIMARY KEY (`id`) USING BTREE
) ENGINE = InnoDB AUTO_INCREMENT = 2 CHARACTER SET = utf8 COLLATE = utf8_general_ci ROW_FORMAT = DYNAMIC;

-- ----------------------------
-- Records of fa_user_upgrade
-- ----------------------------
INSERT INTO `fa_user_upgrade` VALUES (1, 1000, NULL, '1', '0', 1, '前台自动满足条件升级', NULL, '2021-01-09 12:59:22');

-- ----------------------------
-- Table structure for sys_menu
-- ----------------------------
DROP TABLE IF EXISTS `sys_menu`;
CREATE TABLE `sys_menu`  (
  `id` bigint(20) NOT NULL AUTO_INCREMENT,
  `pid` bigint(20) NULL DEFAULT NULL,
  `fullname` varchar(50) CHARACTER SET utf8 COLLATE utf8_croatian_ci NULL DEFAULT NULL,
  `urladdress` varchar(200) CHARACTER SET utf8 COLLATE utf8_croatian_ci NULL DEFAULT NULL,
  `icon` varchar(100) CHARACTER SET utf8 COLLATE utf8_croatian_ci NULL DEFAULT NULL,
  `target` varchar(20) CHARACTER SET utf8 COLLATE utf8_croatian_ci NULL DEFAULT NULL,
  `mtype` char(1) CHARACTER SET utf8 COLLATE utf8_croatian_ci NULL DEFAULT NULL,
  `state` char(1) CHARACTER SET utf8 COLLATE utf8_croatian_ci NULL DEFAULT NULL,
  `perms` varchar(100) CHARACTER SET utf8 COLLATE utf8_croatian_ci NULL DEFAULT NULL,
  `remark` varchar(500) CHARACTER SET utf8 COLLATE utf8_croatian_ci NULL DEFAULT NULL,
  `sortcode` int(4) NULL DEFAULT NULL,
  `updatetime` datetime(0) NULL DEFAULT NULL,
  `addtime` datetime(0) NULL DEFAULT NULL,
  PRIMARY KEY (`id`) USING BTREE
) ENGINE = InnoDB AUTO_INCREMENT = 166 CHARACTER SET = utf8 COLLATE = utf8_croatian_ci ROW_FORMAT = DYNAMIC;

-- ----------------------------
-- Records of sys_menu
-- ----------------------------
INSERT INTO `sys_menu` VALUES (1, 0, '系统设置', '#', 'menu-icon fa fa-cog', 'menuItem', 'M', '1', '', NULL, 1, '2020-11-26 14:16:52', '2020-02-28 10:24:47');
INSERT INTO `sys_menu` VALUES (3, 1, '管理员账户', 'user/user', 'fa fa-bars', 'menuItem', 'C', '1', 'user:view', NULL, 1, '2021-03-09 16:54:25', '2020-02-28 10:24:47');
INSERT INTO `sys_menu` VALUES (4, 1, '角色管理', 'role/role', 'fa fa-bars', 'menuItem', 'C', '1', 'role:view', NULL, 2, '2020-11-26 14:24:44', '2020-02-28 10:24:47');
INSERT INTO `sys_menu` VALUES (5, 1, '菜单管理', 'menu/menu', 'fa fa-bars', 'menuItem', 'C', '1', 'menu:view', NULL, 3, '2020-11-26 14:24:52', '2020-02-28 10:24:47');
INSERT INTO `sys_menu` VALUES (6, 3, '用户查询', NULL, NULL, 'menuItem', 'F', '1', 'user:list', NULL, 1, '2020-02-28 10:24:47', '2020-02-28 10:24:47');
INSERT INTO `sys_menu` VALUES (7, 3, '用户新增', NULL, NULL, 'menuItem', 'F', '1', 'user:add', NULL, 2, '2020-02-28 10:24:47', '2020-02-28 10:24:47');
INSERT INTO `sys_menu` VALUES (8, 4, '角色查询', '', NULL, 'menuItem', 'F', '1', 'role:list', NULL, 1, '2020-02-28 10:24:47', '2020-02-28 10:24:47');
INSERT INTO `sys_menu` VALUES (9, 4, '角色新增', NULL, NULL, 'menuItem', 'F', '1', 'role:add', NULL, 2, '2020-02-28 10:24:47', '2020-02-28 10:24:47');
INSERT INTO `sys_menu` VALUES (90, 5, '菜单查询', '', '', 'menuItem', 'F', '1', 'menu:list', NULL, 1, '2020-11-26 13:59:28', '2020-11-26 13:59:28');
INSERT INTO `sys_menu` VALUES (91, 5, '菜单新增', '', '', 'menuItem', 'F', '1', 'menu:add', NULL, 2, '2020-11-26 14:00:03', '2020-11-26 14:00:03');
INSERT INTO `sys_menu` VALUES (92, 3, '用户修改', '', '', 'menuItem', 'F', '1', 'user:edit', NULL, 3, '2020-11-26 14:00:41', '2020-11-26 14:00:41');
INSERT INTO `sys_menu` VALUES (93, 3, '用户删除', '', '', 'menuItem', 'F', '1', 'user:remove', NULL, 4, '2020-11-26 14:02:00', '2020-11-26 14:02:00');
INSERT INTO `sys_menu` VALUES (94, 4, '角色修改', '', '', 'menuItem', 'F', '1', 'role:edit', NULL, 3, '2020-11-26 14:05:01', '2020-11-26 14:05:01');
INSERT INTO `sys_menu` VALUES (95, 4, '角色删除', '', '', 'menuItem', 'F', '1', 'role:remove', NULL, 4, '2020-11-26 14:05:28', '2020-11-26 14:05:28');
INSERT INTO `sys_menu` VALUES (96, 5, '菜单修改', '', '', 'menuItem', 'F', '1', 'menu:edit', NULL, 3, '2020-11-26 14:06:26', '2020-11-26 14:06:26');
INSERT INTO `sys_menu` VALUES (97, 5, '菜单删除', '', '', 'menuItem', 'F', '1', 'menu:remove', NULL, 4, '2020-11-26 14:06:51', '2020-11-26 14:06:51');
INSERT INTO `sys_menu` VALUES (100, 0, '全局设置', '#', 'menu-icon fa fa-book', 'menuItem', 'M', '1', '', NULL, 2, '2021-03-09 16:28:33', NULL);
INSERT INTO `sys_menu` VALUES (114, 100, '全局设置', 'global/allsettings', 'fa fa-car', 'menuItem', 'C', '1', 'goods:view', NULL, 1, '2021-03-09 16:30:08', NULL);
INSERT INTO `sys_menu` VALUES (121, 0, '商品管理', '', 'fa fa-bank', 'menuItem', 'M', '1', '', NULL, 3, '2021-03-10 14:54:58', '2021-03-09 16:44:35');
INSERT INTO `sys_menu` VALUES (122, 121, '全部商品', 'goods/goods', 'fa fa-bookmark', 'menuItem', 'C', '1', 'goods:view', NULL, 1, '2021-03-10 15:21:36', '2021-03-09 16:45:08');
INSERT INTO `sys_menu` VALUES (123, 121, '商品品类', 'goods/goodskind', 'fa fa-bookmark', 'menuItem', 'C', '1', 'goodskind:view', NULL, 2, '2021-03-10 15:33:30', '2021-03-09 16:45:28');
INSERT INTO `sys_menu` VALUES (124, 121, '商品标签', 'goods/goodstag', '', 'menuItem', 'C', '1', 'goodstag:view', NULL, 3, '2021-03-10 15:34:49', '2021-03-09 16:45:46');
INSERT INTO `sys_menu` VALUES (125, 121, '商品品牌', 'goods/goodsbrand', 'fa fa-book', 'menuItem', 'C', '1', 'goodsbrand:view', NULL, 4, '2021-03-10 15:35:57', '2021-03-09 16:46:02');
INSERT INTO `sys_menu` VALUES (126, 121, '商品评论', 'goods/goodssay', '', 'menuItem', 'C', '1', 'goodssay:view', NULL, 5, '2021-03-10 15:37:31', NULL);
INSERT INTO `sys_menu` VALUES (127, 0, '商户管理', '', 'fa fa-archive', 'menuItem', 'M', '1', '', NULL, 4, '2021-03-10 15:11:13', '2021-03-09 16:50:03');
INSERT INTO `sys_menu` VALUES (128, 127, '商户列表', 'company/company', 'fa fa-bank', 'menuItem', 'C', '1', 'company:view', NULL, 1, '2021-03-10 15:48:43', '2021-03-09 16:50:37');
INSERT INTO `sys_menu` VALUES (129, 0, '订单管理', '', 'fa fa-bank', 'menuItem', 'M', '1', '', NULL, 5, '2021-03-11 13:43:31', '2021-03-09 16:51:40');
INSERT INTO `sys_menu` VALUES (130, 129, '商品订单', 'order/order', 'fa fa-bank', 'menuItem', 'C', '1', 'order:view', NULL, 1, '2021-03-11 13:47:35', '2021-03-09 16:51:57');
INSERT INTO `sys_menu` VALUES (131, 129, '发货导入管理', 'order/ordersend', 'fa fa-bank', 'menuItem', 'C', '1', 'ordersend:view', NULL, 2, '2021-03-11 13:43:15', '2021-03-09 16:52:32');
INSERT INTO `sys_menu` VALUES (132, 129, '快递管理', 'order/ordermail', 'fa fa-bank', 'menuItem', 'C', '1', 'ordermail:view', NULL, 3, '2021-03-11 13:43:23', '2021-03-09 16:52:54');
INSERT INTO `sys_menu` VALUES (133, 0, '用户管理', '', 'fa fa-address-card-o', 'menuItem', 'M', '1', '', NULL, 6, '2021-03-10 14:55:11', '2021-03-09 16:53:59');
INSERT INTO `sys_menu` VALUES (134, 133, '用户列表', 'member/member', 'fa fa-clone', 'menuItem', 'C', '1', 'member:view', NULL, 1, '2021-03-10 15:59:17', NULL);
INSERT INTO `sys_menu` VALUES (135, 133, '用户升级列表', 'member/memberupgrade', 'fa fa-birthday-cake', 'menuItem', 'C', '1', 'memberupgrade:view', NULL, 2, '2021-03-10 16:01:53', '2021-03-09 16:55:41');
INSERT INTO `sys_menu` VALUES (136, 133, '用户社区积分列表', 'member/memberscore', 'fa fa-bar-chart-o', 'menuItem', 'C', '1', 'memberscore:view', NULL, 3, '2021-03-10 16:28:30', '2021-03-09 16:56:09');
INSERT INTO `sys_menu` VALUES (137, 0, '储值卡管理', '', 'fa fa-id-card', 'menuItem', 'M', '1', '', NULL, 7, '2021-03-10 14:55:16', '2021-03-09 16:57:22');
INSERT INTO `sys_menu` VALUES (138, 137, '储值卡订单', 'card/cardorder', 'fa fa-cube', 'menuItem', 'C', '1', 'cardorder:view', NULL, 1, '2021-03-10 16:37:42', '2021-03-09 16:57:48');
INSERT INTO `sys_menu` VALUES (139, 137, '储值卡', 'card/card', 'fa fa-credit-card', 'menuItem', 'C', '1', 'card:view', NULL, 2, '2021-03-10 16:38:06', '2021-03-09 16:58:13');
INSERT INTO `sys_menu` VALUES (140, 0, '门店管理', '', 'fa fa-bank', 'menuItem', 'M', '1', '', NULL, 7, '2021-03-10 14:55:21', '2021-03-09 16:58:45');
INSERT INTO `sys_menu` VALUES (141, 140, '门店列表', 'shop/shop', 'fa fa-bank', 'menuItem', 'C', '1', 'shop:view', NULL, 1, '2021-03-27 11:40:06', '2021-03-09 16:59:30');
INSERT INTO `sys_menu` VALUES (142, 140, '门店订单列表', 'shoporder/shoporder', 'fa fa-bar-chart', 'menuItem', 'C', '1', 'shoporder:view', NULL, 2, '2021-03-09 16:59:55', '2021-03-09 16:59:55');
INSERT INTO `sys_menu` VALUES (143, 0, '财务管理', '', 'fa fa-adjust', 'menuItem', 'M', '1', '', NULL, 9, '2021-03-10 14:55:25', '2021-03-09 17:01:13');
INSERT INTO `sys_menu` VALUES (144, 143, '回馈积分记录', '', 'fa fa-adjust', 'menuItem', 'C', '1', '', NULL, 1, '2021-03-09 17:02:00', '2021-03-09 17:02:00');
INSERT INTO `sys_menu` VALUES (145, 143, '服务积分记录', '', '', 'menuItem', 'C', '1', '', NULL, 2, '2021-03-10 14:45:46', '2021-03-10 14:45:46');
INSERT INTO `sys_menu` VALUES (146, 143, '消费积分记录', '', '', 'menuItem', 'C', '1', '', NULL, 3, '2021-03-10 14:52:02', '2021-03-10 14:52:02');
INSERT INTO `sys_menu` VALUES (147, 143, '积分消费消费转换记录', '', '', 'menuItem', 'C', '1', '', NULL, 4, '2021-03-10 14:52:24', '2021-03-10 14:52:24');
INSERT INTO `sys_menu` VALUES (148, 143, '储值卡提现记录', '', '', 'menuItem', 'C', '1', '', NULL, 5, '2021-03-10 14:52:45', '2021-03-10 14:52:45');
INSERT INTO `sys_menu` VALUES (149, 143, '回馈积分提现记录', '', '', 'menuItem', 'C', '1', '', NULL, 6, '2021-03-10 14:53:05', '2021-03-10 14:53:05');
INSERT INTO `sys_menu` VALUES (150, 143, '服务积分提现记录', '', '', 'menuItem', 'C', '1', '', NULL, 7, '2021-03-10 14:53:25', '2021-03-10 14:53:25');
INSERT INTO `sys_menu` VALUES (151, 0, '轮播图管理', '', '', 'menuItem', 'M', '1', '', NULL, 10, '2021-03-10 14:55:28', '2021-03-10 14:53:45');
INSERT INTO `sys_menu` VALUES (152, 151, '轮播图列表', 'rollpic/rollList', '', 'menuItem', 'C', '1', 'roundpic:view', NULL, 1, '2021-03-18 16:24:27', '2021-03-10 14:54:00');
INSERT INTO `sys_menu` VALUES (153, 0, '联系我们管理', '', '', 'menuItem', 'M', '1', '', NULL, 11, '2021-03-10 14:55:32', '2021-03-10 14:54:20');
INSERT INTO `sys_menu` VALUES (154, 153, '联系我们列表', 'callus/callusList', '', 'menuItem', 'C', '1', 'callus:view', NULL, 1, '2021-03-10 16:44:15', '2021-03-10 14:54:34');
INSERT INTO `sys_menu` VALUES (155, 122, '商品查询', '', '', 'menuItem', 'F', '1', 'goods:list', NULL, 1, '2021-03-11 16:10:39', '2021-03-11 16:10:39');
INSERT INTO `sys_menu` VALUES (156, 122, '批量上下架', '', '', 'menuItem', 'F', '1', 'goods:batchupdown', NULL, 2, '2021-03-12 11:30:03', '2021-03-12 11:30:03');
INSERT INTO `sys_menu` VALUES (157, 122, '删除商品', '', '', 'menuItem', 'F', '1', 'goods:remove', NULL, 3, '2021-03-12 11:31:57', '2021-03-12 11:31:57');
INSERT INTO `sys_menu` VALUES (158, 3, '导入', '', '', 'menuItem', 'F', '1', 'user:import', NULL, 5, '2021-03-24 09:19:01', '2021-03-24 09:19:01');
INSERT INTO `sys_menu` VALUES (159, 3, '导出', '', '', 'menuItem', 'F', '1', 'user:export', NULL, 6, '2021-03-24 09:19:25', '2021-03-24 09:19:25');
INSERT INTO `sys_menu` VALUES (160, 0, '日志管理', '', 'fa fa-book', 'menuItem', 'M', '1', '', NULL, 22, '2021-03-25 10:06:28', '2021-03-25 10:06:28');
INSERT INTO `sys_menu` VALUES (161, 160, '日志列表', 'log/log', 'fa fa-book', 'menuItem', 'C', '1', 'log:view', NULL, 1, '2021-03-25 10:07:44', '2021-03-25 10:07:44');

-- ----------------------------
-- Table structure for sys_role
-- ----------------------------
DROP TABLE IF EXISTS `sys_role`;
CREATE TABLE `sys_role`  (
  `id` bigint(20) NOT NULL AUTO_INCREMENT,
  `rolename` varchar(30) CHARACTER SET utf8 COLLATE utf8_croatian_ci NULL DEFAULT NULL,
  `rolekey` varchar(100) CHARACTER SET utf8 COLLATE utf8_croatian_ci NULL DEFAULT NULL,
  `sortcode` int(4) NULL DEFAULT NULL,
  `remark` varchar(500) CHARACTER SET utf8 COLLATE utf8_croatian_ci NULL DEFAULT NULL,
  PRIMARY KEY (`id`) USING BTREE
) ENGINE = InnoDB AUTO_INCREMENT = 6 CHARACTER SET = utf8 COLLATE = utf8_croatian_ci ROW_FORMAT = DYNAMIC;

-- ----------------------------
-- Records of sys_role
-- ----------------------------
INSERT INTO `sys_role` VALUES (1, 'admin', 'admin', 1, '');
INSERT INTO `sys_role` VALUES (2, 'user', 'user', 2, '');

-- ----------------------------
-- Table structure for sys_rolemenu
-- ----------------------------
DROP TABLE IF EXISTS `sys_rolemenu`;
CREATE TABLE `sys_rolemenu`  (
  `id` bigint(20) NOT NULL AUTO_INCREMENT,
  `menuid` bigint(20) NULL DEFAULT NULL,
  `roleid` bigint(20) NULL DEFAULT NULL,
  PRIMARY KEY (`id`) USING BTREE
) ENGINE = InnoDB AUTO_INCREMENT = 466 CHARACTER SET = utf8 COLLATE = utf8_croatian_ci ROW_FORMAT = DYNAMIC;

-- ----------------------------
-- Records of sys_rolemenu
-- ----------------------------
INSERT INTO `sys_rolemenu` VALUES (270, 1, 1);
INSERT INTO `sys_rolemenu` VALUES (271, 3, 1);
INSERT INTO `sys_rolemenu` VALUES (272, 6, 1);
INSERT INTO `sys_rolemenu` VALUES (273, 7, 1);
INSERT INTO `sys_rolemenu` VALUES (274, 92, 1);
INSERT INTO `sys_rolemenu` VALUES (275, 93, 1);
INSERT INTO `sys_rolemenu` VALUES (276, 158, 1);
INSERT INTO `sys_rolemenu` VALUES (277, 159, 1);
INSERT INTO `sys_rolemenu` VALUES (278, 4, 1);
INSERT INTO `sys_rolemenu` VALUES (279, 8, 1);
INSERT INTO `sys_rolemenu` VALUES (280, 9, 1);
INSERT INTO `sys_rolemenu` VALUES (281, 94, 1);
INSERT INTO `sys_rolemenu` VALUES (282, 95, 1);
INSERT INTO `sys_rolemenu` VALUES (283, 5, 1);
INSERT INTO `sys_rolemenu` VALUES (284, 90, 1);
INSERT INTO `sys_rolemenu` VALUES (285, 91, 1);
INSERT INTO `sys_rolemenu` VALUES (286, 96, 1);
INSERT INTO `sys_rolemenu` VALUES (287, 97, 1);
INSERT INTO `sys_rolemenu` VALUES (288, 100, 1);
INSERT INTO `sys_rolemenu` VALUES (289, 114, 1);
INSERT INTO `sys_rolemenu` VALUES (290, 121, 1);
INSERT INTO `sys_rolemenu` VALUES (291, 122, 1);
INSERT INTO `sys_rolemenu` VALUES (292, 155, 1);
INSERT INTO `sys_rolemenu` VALUES (293, 156, 1);
INSERT INTO `sys_rolemenu` VALUES (294, 157, 1);
INSERT INTO `sys_rolemenu` VALUES (295, 123, 1);
INSERT INTO `sys_rolemenu` VALUES (296, 124, 1);
INSERT INTO `sys_rolemenu` VALUES (297, 125, 1);
INSERT INTO `sys_rolemenu` VALUES (298, 126, 1);
INSERT INTO `sys_rolemenu` VALUES (299, 127, 1);
INSERT INTO `sys_rolemenu` VALUES (300, 128, 1);
INSERT INTO `sys_rolemenu` VALUES (301, 129, 1);
INSERT INTO `sys_rolemenu` VALUES (302, 130, 1);
INSERT INTO `sys_rolemenu` VALUES (303, 131, 1);
INSERT INTO `sys_rolemenu` VALUES (304, 132, 1);
INSERT INTO `sys_rolemenu` VALUES (305, 133, 1);
INSERT INTO `sys_rolemenu` VALUES (306, 134, 1);
INSERT INTO `sys_rolemenu` VALUES (307, 135, 1);
INSERT INTO `sys_rolemenu` VALUES (308, 136, 1);
INSERT INTO `sys_rolemenu` VALUES (309, 137, 1);
INSERT INTO `sys_rolemenu` VALUES (310, 138, 1);
INSERT INTO `sys_rolemenu` VALUES (311, 139, 1);
INSERT INTO `sys_rolemenu` VALUES (312, 140, 1);
INSERT INTO `sys_rolemenu` VALUES (313, 141, 1);
INSERT INTO `sys_rolemenu` VALUES (314, 142, 1);
INSERT INTO `sys_rolemenu` VALUES (315, 143, 1);
INSERT INTO `sys_rolemenu` VALUES (316, 144, 1);
INSERT INTO `sys_rolemenu` VALUES (317, 145, 1);
INSERT INTO `sys_rolemenu` VALUES (318, 146, 1);
INSERT INTO `sys_rolemenu` VALUES (319, 147, 1);
INSERT INTO `sys_rolemenu` VALUES (320, 148, 1);
INSERT INTO `sys_rolemenu` VALUES (321, 149, 1);
INSERT INTO `sys_rolemenu` VALUES (322, 150, 1);
INSERT INTO `sys_rolemenu` VALUES (323, 151, 1);
INSERT INTO `sys_rolemenu` VALUES (324, 152, 1);
INSERT INTO `sys_rolemenu` VALUES (325, 153, 1);
INSERT INTO `sys_rolemenu` VALUES (326, 154, 1);
INSERT INTO `sys_rolemenu` VALUES (327, 160, 1);
INSERT INTO `sys_rolemenu` VALUES (328, 161, 1);

-- ----------------------------
-- Table structure for sys_user
-- ----------------------------
DROP TABLE IF EXISTS `sys_user`;
CREATE TABLE `sys_user`  (
  `id` bigint(20) NOT NULL AUTO_INCREMENT,
  `realname` varchar(30) CHARACTER SET utf8 COLLATE utf8_croatian_ci NULL DEFAULT NULL COMMENT '真实姓名',
  `username` varchar(30) CHARACTER SET utf8 COLLATE utf8_croatian_ci NULL DEFAULT NULL COMMENT '姓名',
  `password` varchar(50) CHARACTER SET utf8 COLLATE utf8_croatian_ci NULL DEFAULT NULL COMMENT '密码',
  `roleid` bigint(20) NULL DEFAULT NULL COMMENT '角色id',
  `sortcode` int(4) NULL DEFAULT NULL COMMENT '序号',
  `email` varchar(50) CHARACTER SET utf8 COLLATE utf8_croatian_ci NULL DEFAULT NULL COMMENT '邮件',
  `phone` varchar(11) CHARACTER SET utf8 COLLATE utf8_croatian_ci NULL DEFAULT NULL COMMENT '电话',
  `avatar` varchar(100) CHARACTER SET utf8 COLLATE utf8_croatian_ci NULL DEFAULT NULL COMMENT '头像',
  PRIMARY KEY (`id`) USING BTREE
) ENGINE = InnoDB AUTO_INCREMENT = 30 CHARACTER SET = utf8 COLLATE = utf8_croatian_ci ROW_FORMAT = DYNAMIC;

-- ----------------------------
-- Records of sys_user
-- ----------------------------
INSERT INTO `sys_user` VALUES (1, '丰猪', 'admin', '96e79218965eb72c92a549dd5a330112', 1, 1, '12345678@qq.com', '13012345678', '');
INSERT INTO `sys_user` VALUES (5, 'user', 'user', '96e79218965eb72c92a549dd5a330112', 2, 2, 'user@qq.com', '13122223333', NULL);
INSERT INTO `sys_user` VALUES (18, 'aaa', 'aaa', '96e79218965eb72c92a549dd5a330112', 2, 111, 'aaa@aaa.com', '13122221111', NULL);
INSERT INTO `sys_user` VALUES (20, 'ccc', 'ccc', '96e79218965eb72c92a549dd5a330112', 2, 111, 'ccc@qq.com', '13122221113', NULL);
INSERT INTO `sys_user` VALUES (21, 'ddd', 'ddd', '96e79218965eb72c92a549dd5a330112', 2, 111, 'ddd@qq.com', '13122221114', NULL);
INSERT INTO `sys_user` VALUES (22, 'eee', 'eee', '96e79218965eb72c92a549dd5a330112', 2, 1, 'eee@qq.com', '13122221115', NULL);

SET FOREIGN_KEY_CHECKS = 1;
